-75.00000	 82.75172	 1	 263	 
-67.50000	 82.75172	 2	 264	 
-37.50000	 82.75172	 1	 268	 
-30.00000	 82.75172	 2	 269	 
-22.50000	 82.75172	 2	 270	 
-90.00000	 81.81684	 1	 312	 
-83.07693	 81.81684	 1	 313	 
-76.15384	 81.81684	 1	 314	 
-69.23077	 81.81684	 2	 315	 
-55.38461	 81.81684	 2	 317	 
-48.46155	 81.81684	 2	 318	 
-41.53845	 81.81684	 1	 319	 
-34.61539	 81.81684	 1	 320	 
-27.69232	 81.81684	 2	 321	 
57.85714	 80.88191	 3	 334	 
64.28571	 80.88191	 3	 335	 
96.42857	 80.88191	 1	 340	 
-83.57144	 80.88191	 2	 368	 
-77.14285	 80.88191	 1	 369	 
-70.71429	 80.88191	 1	 370	 
-64.28571	 80.88191	 2	 371	 
-57.85715	 80.88191	 1	 372	 
-51.42856	 80.88191	 1	 373	 
-45.00000	 80.88191	 1	 374	 
-38.57144	 80.88191	 1	 375	 
-32.14285	 80.88191	 1	 376	 
-25.71429	 80.88191	 2	 377	 
-19.28571	 80.88191	 2	 378	 
24.00000	 79.94696	 2	 385	 
96.00000	 79.94696	 1	 397	 
-90.00000	 79.94696	 1	 426	 
-84.00000	 79.94696	 2	 427	 
-78.00000	 79.94696	 1	 428	 
-72.00000	 79.94696	 2	 429	 
-60.00000	 79.94696	 1	 431	 
-54.00000	 79.94696	 1	 432	 
-48.00000	 79.94696	 1	 433	 
-42.00000	 79.94696	 1	 434	 
-36.00000	 79.94696	 1	 435	 
-30.00000	 79.94696	 1	 436	 
-24.00000	 79.94696	 2	 437	 
-18.00000	 79.94696	 2	 438	 
16.87500	 79.01199	 2	 444	 
101.25000	 79.01199	 1	 459	 
-90.00000	 79.01199	 2	 489	 
-84.37500	 79.01199	 2	 490	 
-78.75000	 79.01199	 1	 491	 
-61.87500	 79.01199	 1	 494	 
-56.25000	 79.01199	 1	 495	 
-50.62500	 79.01199	 1	 496	 
-45.00000	 79.01199	 1	 497	 
-39.37500	 79.01199	 1	 498	 
-33.75000	 79.01199	 1	 499	 
-28.12500	 79.01199	 1	 500	 
-22.50000	 79.01199	 1	 501	 
15.88235	 78.07700	 2	 508	 
-84.70587	 78.07700	 2	 557	 
-79.41177	 78.07700	 1	 558	 
-68.82352	 78.07700	 1	 560	 
-63.52942	 78.07700	 1	 561	 
-58.23529	 78.07700	 1	 562	 
-52.94116	 78.07700	 1	 563	 
-47.64706	 78.07700	 1	 564	 
-42.35294	 78.07700	 1	 565	 
-37.05884	 78.07700	 1	 566	 
-31.76471	 78.07700	 1	 567	 
-26.47058	 78.07700	 1	 568	 
105.00000	 77.14201	 3	 594	 
-85.00000	 77.14201	 2	 628	 
-80.00000	 77.14201	 1	 629	 
-70.00000	 77.14201	 1	 631	 
-65.00000	 77.14201	 1	 632	 
-60.00000	 77.14201	 1	 633	 
-55.00000	 77.14201	 1	 634	 
-50.00000	 77.14201	 1	 635	 
-45.00000	 77.14201	 1	 636	 
-40.00000	 77.14201	 1	 637	 
-35.00000	 77.14201	 1	 638	 
-30.00000	 77.14201	 1	 639	 
-25.00000	 77.14201	 1	 640	 
-20.00000	 77.14201	 2	 641	 
61.57895	 76.20701	 3	 658	 
66.31579	 76.20701	 3	 659	 
104.21053	 76.20701	 3	 667	 
108.94736	 76.20701	 2	 668	 
-108.94737	 76.20701	 2	 698	 
-99.47369	 76.20701	 2	 700	 
-90.00000	 76.20701	 2	 702	 
-56.84210	 76.20701	 1	 709	 
-52.10526	 76.20701	 1	 710	 
-47.36841	 76.20701	 1	 711	 
-42.63159	 76.20701	 1	 712	 
-37.89474	 76.20701	 1	 713	 
-33.15790	 76.20701	 1	 714	 
-28.42105	 76.20701	 1	 715	 
-23.68420	 76.20701	 1	 716	 
58.50000	 75.27200	 3	 734	 
90.00000	 75.27200	 2	 741	 
94.50000	 75.27200	 2	 742	 
99.00000	 75.27200	 2	 743	 
103.50000	 75.27200	 3	 744	 
108.00000	 75.27200	 3	 745	 
112.50000	 75.27200	 2	 746	 
139.50000	 75.27200	 2	 752	 
144.00000	 75.27200	 2	 753	 
-117.00000	 75.27200	 2	 775	 
-112.50000	 75.27200	 2	 776	 
-108.00000	 75.27200	 2	 777	 
-99.00000	 75.27200	 2	 779	 
-94.50000	 75.27200	 2	 780	 
-90.00000	 75.27200	 2	 781	 
-85.50000	 75.27200	 1	 782	 
-81.00000	 75.27200	 1	 783	 
-54.00000	 75.27200	 1	 789	 
-49.50000	 75.27200	 1	 790	 
-45.00000	 75.27200	 1	 791	 
-40.50000	 75.27200	 1	 792	 
-36.00000	 75.27200	 1	 793	 
-31.50000	 75.27200	 1	 794	 
-27.00000	 75.27200	 1	 795	 
-22.50000	 75.27200	 1	 796	 
55.71429	 74.33698	 3	 814	 
90.00000	 74.33698	 2	 822	 
94.28571	 74.33698	 3	 823	 
98.57143	 74.33698	 2	 824	 
102.85714	 74.33698	 2	 825	 
107.14286	 74.33698	 2	 826	 
-55.71429	 74.33698	 1	 872	 
-51.42856	 74.33698	 1	 873	 
-47.14285	 74.33698	 1	 874	 
-42.85715	 74.33698	 1	 875	 
-38.57144	 74.33698	 1	 876	 
-34.28571	 74.33698	 1	 877	 
-30.00000	 74.33698	 1	 878	 
-25.71429	 74.33698	 1	 879	 
81.81818	 73.40195	 2	 905	 
85.90909	 73.40195	 2	 906	 
90.00000	 73.40195	 2	 907	 
94.09091	 73.40195	 2	 908	 
98.18182	 73.40195	 2	 909	 
102.27273	 73.40195	 2	 910	 
106.36364	 73.40195	 2	 911	 
110.45454	 73.40195	 3	 912	 
114.54546	 73.40195	 3	 913	 
143.18182	 73.40195	 2	 920	 
-122.72728	 73.40195	 1	 943	 
-118.63637	 73.40195	 2	 944	 
-98.18182	 73.40195	 2	 949	 
-94.09091	 73.40195	 1	 950	 
-81.81818	 73.40195	 1	 953	 
-77.72726	 73.40195	 1	 954	 
-53.18182	 73.40195	 1	 960	 
-49.09091	 73.40195	 1	 961	 
-45.00000	 73.40195	 1	 962	 
-40.90909	 73.40195	 1	 963	 
-36.81818	 73.40195	 1	 964	 
-32.72726	 73.40195	 1	 965	 
-28.63635	 73.40195	 1	 966	 
54.78261	 72.46692	 3	 987	 
70.43478	 72.46692	 3	 991	 
82.17391	 72.46692	 2	 994	 
86.08696	 72.46692	 2	 995	 
90.00000	 72.46692	 2	 996	 
93.91304	 72.46692	 2	 997	 
97.82609	 72.46692	 2	 998	 
101.73913	 72.46692	 2	 999	 
105.65218	 72.46692	 2	 1000	 
109.56522	 72.46692	 2	 1001	 
113.47826	 72.46692	 3	 1002	 
117.39130	 72.46692	 3	 1003	 
121.30434	 72.46692	 2	 1004	 
125.21739	 72.46692	 2	 1005	 
144.78261	 72.46692	 2	 1010	 
-121.30435	 72.46692	 1	 1034	 
-117.39131	 72.46692	 1	 1035	 
-113.47826	 72.46692	 2	 1036	 
-109.56522	 72.46692	 2	 1037	 
-105.65218	 72.46692	 2	 1038	 
-101.73914	 72.46692	 2	 1039	 
-97.82608	 72.46692	 2	 1040	 
-93.91306	 72.46692	 1	 1041	 
-82.17392	 72.46692	 1	 1044	 
-54.78262	 72.46692	 1	 1051	 
-50.86957	 72.46692	 1	 1052	 
-46.95651	 72.46692	 1	 1053	 
-43.04349	 72.46692	 1	 1054	 
-39.13043	 72.46692	 1	 1055	 
-35.21738	 72.46692	 1	 1056	 
-31.30435	 72.46692	 1	 1057	 
-27.39130	 72.46692	 1	 1058	 
-23.47827	 72.46692	 2	 1059	 
71.25000	 71.53189	 3	 1084	 
75.00000	 71.53189	 2	 1085	 
78.75000	 71.53189	 3	 1086	 
82.50000	 71.53189	 3	 1087	 
86.25000	 71.53189	 6	 1088	 
90.00000	 71.53189	 2	 1089	 
93.75000	 71.53189	 2	 1090	 
97.50000	 71.53189	 2	 1091	 
101.25000	 71.53189	 2	 1092	 
105.00000	 71.53189	 2	 1093	 
108.75000	 71.53189	 2	 1094	 
112.50000	 71.53189	 2	 1095	 
116.25000	 71.53189	 2	 1096	 
120.00000	 71.53189	 2	 1097	 
123.75000	 71.53189	 2	 1098	 
127.50000	 71.53189	 2	 1099	 
138.75000	 71.53189	 4	 1102	 
142.50000	 71.53189	 2	 1103	 
146.25000	 71.53189	 2	 1104	 
-116.25000	 71.53189	 2	 1130	 
-112.50000	 71.53189	 2	 1131	 
-108.75000	 71.53189	 2	 1132	 
-105.00000	 71.53189	 2	 1133	 
-86.25000	 71.53189	 1	 1138	 
-82.50000	 71.53189	 1	 1139	 
-78.75000	 71.53189	 1	 1140	 
-75.00000	 71.53189	 1	 1141	 
-48.75000	 71.53189	 1	 1148	 
-45.00000	 71.53189	 1	 1149	 
-41.25000	 71.53189	 1	 1150	 
-37.50000	 71.53189	 1	 1151	 
-33.75000	 71.53189	 1	 1152	 
-30.00000	 71.53189	 1	 1153	 
-26.25000	 71.53189	 1	 1154	 
-22.50000	 71.53189	 2	 1155	 
28.80000	 70.59686	 1	 1169	 
68.40000	 70.59686	 3	 1180	 
72.00000	 70.59686	 3	 1181	 
75.60000	 70.59686	 3	 1182	 
79.20000	 70.59686	 3	 1183	 
82.80000	 70.59686	 3	 1184	 
86.40000	 70.59686	 2	 1185	 
90.00000	 70.59686	 2	 1186	 
93.60000	 70.59686	 2	 1187	 
97.20000	 70.59686	 2	 1188	 
100.80000	 70.59686	 2	 1189	 
104.40000	 70.59686	 2	 1190	 
108.00000	 70.59686	 2	 1191	 
111.60000	 70.59686	 2	 1192	 
115.20000	 70.59686	 2	 1193	 
118.80000	 70.59686	 2	 1194	 
122.40000	 70.59686	 2	 1195	 
126.00000	 70.59686	 2	 1196	 
129.60001	 70.59686	 2	 1197	 
133.20000	 70.59686	 2	 1198	 
136.80000	 70.59686	 2	 1199	 
140.39999	 70.59686	 4	 1200	 
144.00000	 70.59686	 2	 1201	 
147.60001	 70.59686	 2	 1202	 
151.20000	 70.59686	 3	 1203	 
154.80000	 70.59686	 3	 1204	 
158.39999	 70.59686	 3	 1205	 
-158.39999	 70.59686	 2	 1217	 
-154.80000	 70.59686	 2	 1218	 
-111.60001	 70.59686	 2	 1230	 
-108.00000	 70.59686	 2	 1231	 
-104.39999	 70.59686	 2	 1232	 
-93.60001	 70.59686	 1	 1235	 
-86.39999	 70.59686	 1	 1237	 
-82.79999	 70.59686	 1	 1238	 
-79.20001	 70.59686	 1	 1239	 
-75.60001	 70.59686	 1	 1240	 
-72.00000	 70.59686	 1	 1241	 
-54.00000	 70.59686	 1	 1246	 
-50.39999	 70.59686	 1	 1247	 
-46.79999	 70.59686	 1	 1248	 
-43.20001	 70.59686	 1	 1249	 
-39.60001	 70.59686	 1	 1250	 
-36.00000	 70.59686	 1	 1251	 
-32.39999	 70.59686	 1	 1252	 
-28.79999	 70.59686	 1	 1253	 
20.76923	 69.66182	 2	 1267	 
24.23077	 69.66182	 1	 1268	 
27.69231	 69.66182	 1	 1269	 
31.15385	 69.66182	 1	 1270	 
62.30769	 69.66182	 2	 1279	 
69.23077	 69.66182	 3	 1281	 
76.15385	 69.66182	 2	 1283	 
79.61539	 69.66182	 2	 1284	 
83.07692	 69.66182	 2	 1285	 
86.53846	 69.66182	 2	 1286	 
90.00000	 69.66182	 2	 1287	 
93.46154	 69.66182	 2	 1288	 
96.92308	 69.66182	 2	 1289	 
100.38461	 69.66182	 2	 1290	 
103.84615	 69.66182	 2	 1291	 
107.30769	 69.66182	 2	 1292	 
110.76923	 69.66182	 2	 1293	 
114.23077	 69.66182	 2	 1294	 
117.69231	 69.66182	 2	 1295	 
121.15385	 69.66182	 2	 1296	 
124.61539	 69.66182	 2	 1297	 
128.07692	 69.66182	 2	 1298	 
131.53847	 69.66182	 2	 1299	 
135.00000	 69.66182	 2	 1300	 
138.46153	 69.66182	 2	 1301	 
141.92308	 69.66182	 2	 1302	 
145.38461	 69.66182	 2	 1303	 
148.84616	 69.66182	 2	 1304	 
152.30769	 69.66182	 2	 1305	 
155.76923	 69.66182	 2	 1306	 
159.23077	 69.66182	 3	 1307	 
173.07692	 69.66182	 2	 1311	 
-162.69231	 69.66182	 2	 1318	 
-159.23077	 69.66182	 2	 1319	 
-155.76923	 69.66182	 2	 1320	 
-152.30769	 69.66182	 2	 1321	 
-148.84616	 69.66182	 2	 1322	 
-145.38461	 69.66182	 2	 1323	 
-141.92308	 69.66182	 2	 1324	 
-131.53847	 69.66182	 2	 1327	 
-128.07692	 69.66182	 3	 1328	 
-114.23077	 69.66182	 2	 1332	 
-110.76923	 69.66182	 2	 1333	 
-107.30769	 69.66182	 2	 1334	 
-103.84616	 69.66182	 2	 1335	 
-93.46155	 69.66182	 1	 1338	 
-83.07693	 69.66182	 1	 1341	 
-76.15384	 69.66182	 1	 1343	 
-72.69232	 69.66182	 1	 1344	 
-69.23077	 69.66182	 1	 1345	 
-48.46155	 69.66182	 1	 1351	 
-45.00000	 69.66182	 1	 1352	 
-41.53845	 69.66182	 1	 1353	 
-38.07693	 69.66182	 1	 1354	 
-34.61539	 69.66182	 1	 1355	 
-31.15384	 69.66182	 1	 1356	 
-27.69232	 69.66182	 1	 1357	 
-24.23077	 69.66182	 1	 1358	 
16.66667	 68.72678	 2	 1370	 
20.00000	 68.72678	 2	 1371	 
23.33333	 68.72678	 1	 1372	 
26.66667	 68.72678	 1	 1373	 
30.00000	 68.72678	 1	 1374	 
33.33333	 68.72678	 1	 1375	 
36.66667	 68.72678	 2	 1376	 
53.33333	 68.72678	 6	 1381	 
63.33333	 68.72678	 2	 1384	 
66.66666	 68.72678	 2	 1385	 
70.00000	 68.72678	 2	 1386	 
76.66666	 68.72678	 2	 1388	 
80.00000	 68.72678	 2	 1389	 
83.33334	 68.72678	 2	 1390	 
86.66666	 68.72678	 2	 1391	 
90.00000	 68.72678	 2	 1392	 
93.33334	 68.72678	 2	 1393	 
96.66666	 68.72678	 2	 1394	 
100.00000	 68.72678	 2	 1395	 
103.33334	 68.72678	 2	 1396	 
106.66666	 68.72678	 2	 1397	 
110.00000	 68.72678	 2	 1398	 
113.33334	 68.72678	 2	 1399	 
116.66666	 68.72678	 2	 1400	 
120.00000	 68.72678	 2	 1401	 
123.33334	 68.72678	 2	 1402	 
126.66666	 68.72678	 2	 1403	 
130.00000	 68.72678	 2	 1404	 
133.33333	 68.72678	 4	 1405	 
136.66667	 68.72678	 2	 1406	 
140.00000	 68.72678	 2	 1407	 
143.33333	 68.72678	 2	 1408	 
146.66667	 68.72678	 2	 1409	 
150.00000	 68.72678	 2	 1410	 
153.33333	 68.72678	 2	 1411	 
156.66667	 68.72678	 2	 1412	 
160.00000	 68.72678	 2	 1413	 
163.33333	 68.72678	 2	 1414	 
166.66667	 68.72678	 2	 1415	 
170.00000	 68.72678	 2	 1416	 
173.33333	 68.72678	 2	 1417	 
176.66667	 68.72678	 2	 1418	 
-180.00000	 68.72678	 2	 1419	 
-163.33333	 68.72678	 2	 1424	 
-160.00000	 68.72678	 2	 1425	 
-156.66667	 68.72678	 2	 1426	 
-153.33333	 68.72678	 2	 1427	 
-150.00000	 68.72678	 1	 1428	 
-146.66667	 68.72678	 1	 1429	 
-143.33333	 68.72678	 1	 1430	 
-140.00000	 68.72678	 1	 1431	 
-136.66667	 68.72678	 1	 1432	 
-133.33333	 68.72678	 3	 1433	 
-130.00000	 68.72678	 2	 1434	 
-126.66667	 68.72678	 2	 1435	 
-123.33333	 68.72678	 2	 1436	 
-120.00000	 68.72678	 2	 1437	 
-116.66667	 68.72678	 2	 1438	 
-113.33333	 68.72678	 2	 1439	 
-96.66666	 68.72678	 2	 1444	 
-93.33334	 68.72678	 1	 1445	 
-90.00000	 68.72678	 1	 1446	 
-83.33334	 68.72678	 1	 1448	 
-73.33334	 68.72678	 1	 1451	 
-70.00000	 68.72678	 1	 1452	 
-50.00000	 68.72678	 1	 1458	 
-46.66666	 68.72678	 1	 1459	 
-43.33334	 68.72678	 1	 1460	 
-40.00000	 68.72678	 1	 1461	 
-36.66666	 68.72678	 1	 1462	 
-33.33334	 68.72678	 1	 1463	 
-30.00000	 68.72678	 1	 1464	 
16.07143	 67.79173	 2	 1478	 
19.28572	 67.79173	 1	 1479	 
22.50000	 67.79173	 1	 1480	 
25.71428	 67.79173	 6	 1481	 
28.92857	 67.79173	 1	 1482	 
32.14286	 67.79173	 1	 1483	 
35.35714	 67.79173	 1	 1484	 
38.57143	 67.79173	 2	 1485	 
45.00000	 67.79173	 2	 1487	 
51.42857	 67.79173	 6	 1489	 
54.64286	 67.79173	 6	 1490	 
57.85714	 67.79173	 2	 1491	 
61.07143	 67.79173	 1	 1492	 
64.28571	 67.79173	 2	 1493	 
67.50000	 67.79173	 2	 1494	 
70.71429	 67.79173	 2	 1495	 
77.14286	 67.79173	 2	 1497	 
80.35714	 67.79173	 3	 1498	 
83.57143	 67.79173	 2	 1499	 
86.78571	 67.79173	 2	 1500	 
90.00000	 67.79173	 2	 1501	 
93.21429	 67.79173	 2	 1502	 
96.42857	 67.79173	 2	 1503	 
99.64286	 67.79173	 2	 1504	 
102.85714	 67.79173	 2	 1505	 
106.07143	 67.79173	 2	 1506	 
109.28571	 67.79173	 2	 1507	 
112.50000	 67.79173	 2	 1508	 
115.71429	 67.79173	 2	 1509	 
118.92857	 67.79173	 2	 1510	 
122.14286	 67.79173	 2	 1511	 
125.35714	 67.79173	 2	 1512	 
128.57143	 67.79173	 2	 1513	 
131.78572	 67.79173	 2	 1514	 
135.00000	 67.79173	 4	 1515	 
138.21428	 67.79173	 2	 1516	 
141.42857	 67.79173	 2	 1517	 
144.64285	 67.79173	 2	 1518	 
147.85715	 67.79173	 2	 1519	 
151.07143	 67.79173	 2	 1520	 
154.28572	 67.79173	 2	 1521	 
157.50000	 67.79173	 2	 1522	 
160.71428	 67.79173	 2	 1523	 
163.92857	 67.79173	 2	 1524	 
167.14285	 67.79173	 2	 1525	 
170.35715	 67.79173	 2	 1526	 
173.57143	 67.79173	 2	 1527	 
176.78572	 67.79173	 2	 1528	 
-180.00000	 67.79173	 2	 1529	 
-176.78572	 67.79173	 2	 1530	 
-163.92857	 67.79173	 2	 1534	 
-160.71428	 67.79173	 1	 1535	 
-157.50000	 67.79173	 1	 1536	 
-154.28572	 67.79173	 1	 1537	 
-151.07143	 67.79173	 1	 1538	 
-147.85715	 67.79173	 2	 1539	 
-144.64285	 67.79173	 2	 1540	 
-141.42857	 67.79173	 2	 1541	 
-138.21428	 67.79173	 1	 1542	 
-135.00000	 67.79173	 1	 1543	 
-131.78572	 67.79173	 2	 1544	 
-128.57143	 67.79173	 2	 1545	 
-125.35715	 67.79173	 2	 1546	 
-122.14285	 67.79173	 2	 1547	 
-118.92857	 67.79173	 2	 1548	 
-115.71428	 67.79173	 2	 1549	 
-106.07143	 67.79173	 1	 1552	 
-102.85715	 67.79173	 1	 1553	 
-96.42856	 67.79173	 1	 1555	 
-93.21429	 67.79173	 1	 1556	 
-90.00000	 67.79173	 1	 1557	 
-83.57144	 67.79173	 1	 1559	 
-70.71429	 67.79173	 1	 1563	 
-67.50000	 67.79173	 1	 1564	 
-51.42856	 67.79173	 2	 1569	 
-48.21429	 67.79173	 1	 1570	 
-45.00000	 67.79173	 1	 1571	 
-41.78571	 67.79173	 1	 1572	 
-38.57144	 67.79173	 1	 1573	 
-35.35715	 67.79173	 1	 1574	 
15.51724	 66.85669	 2	 1590	 
18.62069	 66.85669	 1	 1591	 
21.72414	 66.85669	 1	 1592	 
24.82759	 66.85669	 1	 1593	 
27.93103	 66.85669	 6	 1594	 
31.03448	 66.85669	 1	 1595	 
34.13793	 66.85669	 1	 1596	 
37.24138	 66.85669	 6	 1597	 
40.34483	 66.85669	 1	 1598	 
49.65517	 66.85669	 2	 1601	 
52.75862	 66.85669	 2	 1602	 
55.86207	 66.85669	 2	 1603	 
58.96552	 66.85669	 2	 1604	 
62.06897	 66.85669	 2	 1605	 
65.17242	 66.85669	 2	 1606	 
68.27586	 66.85669	 2	 1607	 
71.37931	 66.85669	 2	 1608	 
74.48276	 66.85669	 2	 1609	 
77.58620	 66.85669	 2	 1610	 
80.68965	 66.85669	 2	 1611	 
83.79311	 66.85669	 2	 1612	 
86.89655	 66.85669	 2	 1613	 
90.00000	 66.85669	 2	 1614	 
93.10345	 66.85669	 2	 1615	 
96.20689	 66.85669	 2	 1616	 
99.31035	 66.85669	 2	 1617	 
102.41380	 66.85669	 2	 1618	 
105.51724	 66.85669	 2	 1619	 
108.62069	 66.85669	 2	 1620	 
111.72414	 66.85669	 2	 1621	 
114.82758	 66.85669	 2	 1622	 
117.93104	 66.85669	 2	 1623	 
121.03448	 66.85669	 2	 1624	 
124.13793	 66.85669	 2	 1625	 
127.24138	 66.85669	 2	 1626	 
130.34483	 66.85669	 2	 1627	 
133.44827	 66.85669	 4	 1628	 
136.55173	 66.85669	 2	 1629	 
139.65517	 66.85669	 2	 1630	 
142.75862	 66.85669	 2	 1631	 
145.86208	 66.85669	 2	 1632	 
148.96552	 66.85669	 2	 1633	 
152.06897	 66.85669	 2	 1634	 
155.17241	 66.85669	 2	 1635	 
158.27586	 66.85669	 2	 1636	 
161.37930	 66.85669	 2	 1637	 
164.48276	 66.85669	 2	 1638	 
167.58621	 66.85669	 2	 1639	 
170.68965	 66.85669	 2	 1640	 
173.79311	 66.85669	 2	 1641	 
176.89655	 66.85669	 2	 1642	 
-180.00000	 66.85669	 2	 1643	 
-176.89655	 66.85669	 2	 1644	 
-161.37930	 66.85669	 2	 1649	 
-158.27586	 66.85669	 2	 1650	 
-155.17241	 66.85669	 2	 1651	 
-152.06897	 66.85669	 2	 1652	 
-148.96552	 66.85669	 2	 1653	 
-145.86208	 66.85669	 2	 1654	 
-142.75862	 66.85669	 2	 1655	 
-139.65517	 66.85669	 1	 1656	 
-136.55173	 66.85669	 1	 1657	 
-133.44827	 66.85669	 6	 1658	 
-130.34483	 66.85669	 6	 1659	 
-127.24138	 66.85669	 6	 1660	 
-124.13792	 66.85669	 2	 1661	 
-121.03448	 66.85669	 2	 1662	 
-117.93103	 66.85669	 2	 1663	 
-114.82759	 66.85669	 1	 1664	 
-111.72414	 66.85669	 1	 1665	 
-108.62070	 66.85669	 1	 1666	 
-105.51724	 66.85669	 1	 1667	 
-102.41379	 66.85669	 1	 1668	 
-99.31033	 66.85669	 1	 1669	 
-96.20691	 66.85669	 1	 1670	 
-93.10345	 66.85669	 1	 1671	 
-90.00000	 66.85669	 1	 1672	 
-86.89655	 66.85669	 1	 1673	 
-83.79309	 66.85669	 1	 1674	 
-71.37930	 66.85669	 1	 1678	 
-68.27585	 66.85669	 1	 1679	 
-65.17242	 66.85669	 1	 1680	 
-62.06897	 66.85669	 1	 1681	 
-52.75861	 66.85669	 2	 1684	 
-49.65518	 66.85669	 1	 1685	 
-46.55173	 66.85669	 1	 1686	 
-43.44827	 66.85669	 1	 1687	 
-40.34482	 66.85669	 1	 1688	 
-37.24139	 66.85669	 1	 1689	 
15.00000	 65.92165	 2	 1706	 
18.00000	 65.92165	 1	 1707	 
21.00000	 65.92165	 1	 1708	 
24.00000	 65.92165	 1	 1709	 
27.00000	 65.92165	 6	 1710	 
30.00000	 65.92165	 1	 1711	 
33.00000	 65.92165	 1	 1712	 
42.00000	 65.92165	 1	 1715	 
45.00000	 65.92165	 1	 1716	 
48.00000	 65.92165	 1	 1717	 
51.00000	 65.92165	 2	 1718	 
54.00000	 65.92165	 2	 1719	 
57.00000	 65.92165	 2	 1720	 
60.00000	 65.92165	 2	 1721	 
63.00000	 65.92165	 2	 1722	 
66.00000	 65.92165	 1	 1723	 
69.00000	 65.92165	 1	 1724	 
72.00000	 65.92165	 1	 1725	 
75.00000	 65.92165	 1	 1726	 
78.00000	 65.92165	 1	 1727	 
81.00000	 65.92165	 1	 1728	 
84.00000	 65.92165	 1	 1729	 
87.00000	 65.92165	 2	 1730	 
90.00000	 65.92165	 2	 1731	 
93.00000	 65.92165	 2	 1732	 
96.00000	 65.92165	 2	 1733	 
99.00000	 65.92165	 2	 1734	 
102.00000	 65.92165	 2	 1735	 
105.00000	 65.92165	 2	 1736	 
108.00000	 65.92165	 2	 1737	 
111.00000	 65.92165	 2	 1738	 
114.00000	 65.92165	 2	 1739	 
117.00000	 65.92165	 6	 1740	 
120.00000	 65.92165	 6	 1741	 
123.00000	 65.92165	 6	 1742	 
126.00000	 65.92165	 6	 1743	 
129.00000	 65.92165	 2	 1744	 
132.00000	 65.92165	 2	 1745	 
135.00000	 65.92165	 2	 1746	 
138.00000	 65.92165	 2	 1747	 
141.00000	 65.92165	 2	 1748	 
144.00000	 65.92165	 2	 1749	 
147.00000	 65.92165	 2	 1750	 
150.00000	 65.92165	 2	 1751	 
153.00000	 65.92165	 2	 1752	 
156.00000	 65.92165	 2	 1753	 
159.00000	 65.92165	 2	 1754	 
162.00000	 65.92165	 2	 1755	 
165.00000	 65.92165	 2	 1756	 
168.00000	 65.92165	 2	 1757	 
171.00000	 65.92165	 2	 1758	 
174.00000	 65.92165	 2	 1759	 
177.00000	 65.92165	 2	 1760	 
-180.00000	 65.92165	 2	 1761	 
-177.00000	 65.92165	 2	 1762	 
-174.00000	 65.92165	 2	 1763	 
-165.00000	 65.92165	 2	 1766	 
-162.00000	 65.92165	 2	 1767	 
-159.00000	 65.92165	 2	 1768	 
-156.00000	 65.92165	 2	 1769	 
-153.00000	 65.92165	 2	 1770	 
-150.00000	 65.92165	 2	 1771	 
-147.00000	 65.92165	 2	 1772	 
-144.00000	 65.92165	 2	 1773	 
-141.00000	 65.92165	 2	 1774	 
-138.00000	 65.92165	 1	 1775	 
-135.00000	 65.92165	 1	 1776	 
-132.00000	 65.92165	 1	 1777	 
-129.00000	 65.92165	 6	 1778	 
-126.00000	 65.92165	 6	 1779	 
-123.00000	 65.92165	 6	 1780	 
-120.00000	 65.92165	 6	 1781	 
-117.00000	 65.92165	 2	 1782	 
-114.00000	 65.92165	 2	 1783	 
-111.00000	 65.92165	 1	 1784	 
-108.00000	 65.92165	 1	 1785	 
-105.00000	 65.92165	 1	 1786	 
-102.00000	 65.92165	 1	 1787	 
-99.00000	 65.92165	 1	 1788	 
-96.00000	 65.92165	 1	 1789	 
-93.00000	 65.92165	 1	 1790	 
-90.00000	 65.92165	 1	 1791	 
-87.00000	 65.92165	 1	 1792	 
-72.00000	 65.92165	 1	 1797	 
-69.00000	 65.92165	 1	 1798	 
-63.00000	 65.92165	 1	 1800	 
-51.00000	 65.92165	 1	 1804	 
-48.00000	 65.92165	 1	 1805	 
-45.00000	 65.92165	 1	 1806	 
-42.00000	 65.92165	 1	 1807	 
-39.00000	 65.92165	 1	 1808	 
-15.00000	 65.92165	 1	 1816	 
14.51613	 64.98660	 1	 1826	 
17.41936	 64.98660	 1	 1827	 
20.32258	 64.98660	 1	 1828	 
26.12903	 64.98660	 6	 1830	 
29.03226	 64.98660	 6	 1831	 
31.93548	 64.98660	 1	 1832	 
40.64516	 64.98660	 1	 1835	 
43.54839	 64.98660	 1	 1836	 
46.45161	 64.98660	 1	 1837	 
49.35484	 64.98660	 2	 1838	 
52.25806	 64.98660	 2	 1839	 
55.16129	 64.98660	 2	 1840	 
58.06452	 64.98660	 2	 1841	 
60.96774	 64.98660	 2	 1842	 
63.87097	 64.98660	 1	 1843	 
66.77419	 64.98660	 1	 1844	 
69.67742	 64.98660	 2	 1845	 
72.58064	 64.98660	 2	 1846	 
75.48387	 64.98660	 6	 1847	 
78.38710	 64.98660	 6	 1848	 
81.29032	 64.98660	 1	 1849	 
84.19355	 64.98660	 1	 1850	 
87.09677	 64.98660	 1	 1851	 
90.00000	 64.98660	 2	 1852	 
92.90323	 64.98660	 2	 1853	 
95.80645	 64.98660	 2	 1854	 
98.70968	 64.98660	 2	 1855	 
101.61290	 64.98660	 2	 1856	 
104.51613	 64.98660	 2	 1857	 
107.41936	 64.98660	 2	 1858	 
110.32258	 64.98660	 2	 1859	 
113.22581	 64.98660	 2	 1860	 
116.12904	 64.98660	 6	 1861	 
119.03226	 64.98660	 6	 1862	 
121.93549	 64.98660	 6	 1863	 
124.83871	 64.98660	 6	 1864	 
127.74194	 64.98660	 2	 1865	 
130.64516	 64.98660	 2	 1866	 
133.54839	 64.98660	 2	 1867	 
136.45161	 64.98660	 2	 1868	 
139.35484	 64.98660	 2	 1869	 
142.25807	 64.98660	 2	 1870	 
145.16129	 64.98660	 2	 1871	 
148.06451	 64.98660	 2	 1872	 
150.96774	 64.98660	 2	 1873	 
153.87097	 64.98660	 2	 1874	 
156.77420	 64.98660	 2	 1875	 
159.67741	 64.98660	 2	 1876	 
162.58064	 64.98660	 2	 1877	 
165.48387	 64.98660	 2	 1878	 
168.38710	 64.98660	 2	 1879	 
171.29033	 64.98660	 2	 1880	 
174.19354	 64.98660	 2	 1881	 
177.09677	 64.98660	 2	 1882	 
-174.19354	 64.98660	 2	 1885	 
-165.48387	 64.98660	 2	 1888	 
-162.58064	 64.98660	 2	 1889	 
-159.67741	 64.98660	 2	 1890	 
-156.77420	 64.98660	 2	 1891	 
-153.87097	 64.98660	 2	 1892	 
-150.96774	 64.98660	 2	 1893	 
-148.06451	 64.98660	 2	 1894	 
-145.16129	 64.98660	 2	 1895	 
-142.25807	 64.98660	 3	 1896	 
-139.35484	 64.98660	 1	 1897	 
-136.45161	 64.98660	 1	 1898	 
-133.54839	 64.98660	 1	 1899	 
-130.64516	 64.98660	 1	 1900	 
-127.74193	 64.98660	 2	 1901	 
-124.83871	 64.98660	 1	 1902	 
-121.93549	 64.98660	 6	 1903	 
-119.03226	 64.98660	 6	 1904	 
-116.12903	 64.98660	 2	 1905	 
-113.22580	 64.98660	 2	 1906	 
-110.32259	 64.98660	 1	 1907	 
-107.41936	 64.98660	 1	 1908	 
-104.51613	 64.98660	 1	 1909	 
-101.61292	 64.98660	 1	 1910	 
-98.70969	 64.98660	 1	 1911	 
-95.80646	 64.98660	 1	 1912	 
-92.90323	 64.98660	 1	 1913	 
-90.00000	 64.98660	 1	 1914	 
-84.19354	 64.98660	 1	 1916	 
-75.48386	 64.98660	 1	 1919	 
-72.58066	 64.98660	 1	 1920	 
-69.67743	 64.98660	 1	 1921	 
-66.77420	 64.98660	 1	 1922	 
-49.35483	 64.98660	 1	 1928	 
-46.45160	 64.98660	 1	 1929	 
-43.54840	 64.98660	 1	 1930	 
-20.32257	 64.98660	 1	 1938	 
-17.41934	 64.98660	 1	 1939	 
-14.51614	 64.98660	 2	 1940	 
11.25000	 64.05155	 2	 1949	 
14.06250	 64.05155	 1	 1950	 
16.87500	 64.05155	 1	 1951	 
19.68750	 64.05155	 1	 1952	 
25.31250	 64.05155	 6	 1954	 
28.12500	 64.05155	 6	 1955	 
30.93750	 64.05155	 1	 1956	 
33.75000	 64.05155	 1	 1957	 
39.37500	 64.05155	 1	 1959	 
42.18750	 64.05155	 1	 1960	 
45.00000	 64.05155	 1	 1961	 
47.81250	 64.05155	 1	 1962	 
50.62500	 64.05155	 1	 1963	 
53.43750	 64.05155	 2	 1964	 
56.25000	 64.05155	 1	 1965	 
59.06250	 64.05155	 2	 1966	 
61.87500	 64.05155	 1	 1967	 
64.68750	 64.05155	 2	 1968	 
67.50000	 64.05155	 1	 1969	 
70.31250	 64.05155	 6	 1970	 
73.12500	 64.05155	 2	 1971	 
75.93750	 64.05155	 2	 1972	 
78.75000	 64.05155	 2	 1973	 
81.56250	 64.05155	 1	 1974	 
84.37500	 64.05155	 1	 1975	 
87.18750	 64.05155	 2	 1976	 
90.00000	 64.05155	 2	 1977	 
92.81250	 64.05155	 3	 1978	 
95.62500	 64.05155	 2	 1979	 
98.43750	 64.05155	 2	 1980	 
101.25000	 64.05155	 2	 1981	 
104.06250	 64.05155	 2	 1982	 
106.87500	 64.05155	 2	 1983	 
109.68750	 64.05155	 2	 1984	 
112.50000	 64.05155	 6	 1985	 
115.31250	 64.05155	 6	 1986	 
118.12500	 64.05155	 6	 1987	 
120.93750	 64.05155	 6	 1988	 
123.75000	 64.05155	 4	 1989	 
126.56250	 64.05155	 4	 1990	 
129.37500	 64.05155	 6	 1991	 
132.18750	 64.05155	 2	 1992	 
135.00000	 64.05155	 2	 1993	 
137.81250	 64.05155	 2	 1994	 
140.62500	 64.05155	 2	 1995	 
143.43750	 64.05155	 2	 1996	 
146.25000	 64.05155	 2	 1997	 
149.06250	 64.05155	 2	 1998	 
151.87500	 64.05155	 2	 1999	 
154.68750	 64.05155	 2	 2000	 
157.50000	 64.05155	 2	 2001	 
160.31250	 64.05155	 2	 2002	 
163.12500	 64.05155	 2	 2003	 
165.93750	 64.05155	 2	 2004	 
168.75000	 64.05155	 2	 2005	 
171.56250	 64.05155	 2	 2006	 
174.37500	 64.05155	 2	 2007	 
177.18750	 64.05155	 6	 2008	 
-160.31250	 64.05155	 2	 2016	 
-157.50000	 64.05155	 2	 2017	 
-154.68750	 64.05155	 2	 2018	 
-151.87500	 64.05155	 2	 2019	 
-149.06250	 64.05155	 2	 2020	 
-146.25000	 64.05155	 2	 2021	 
-143.43750	 64.05155	 2	 2022	 
-140.62500	 64.05155	 2	 2023	 
-137.81250	 64.05155	 1	 2024	 
-135.00000	 64.05155	 1	 2025	 
-132.18750	 64.05155	 1	 2026	 
-129.37500	 64.05155	 1	 2027	 
-126.56250	 64.05155	 1	 2028	 
-123.75000	 64.05155	 2	 2029	 
-120.93750	 64.05155	 6	 2030	 
-118.12500	 64.05155	 6	 2031	 
-115.31250	 64.05155	 2	 2032	 
-112.50000	 64.05155	 2	 2033	 
-109.68750	 64.05155	 1	 2034	 
-106.87500	 64.05155	 1	 2035	 
-104.06250	 64.05155	 1	 2036	 
-101.25000	 64.05155	 1	 2037	 
-98.43750	 64.05155	 1	 2038	 
-95.62500	 64.05155	 1	 2039	 
-92.81250	 64.05155	 1	 2040	 
-90.00000	 64.05155	 1	 2041	 
-84.37500	 64.05155	 2	 2043	 
-70.31250	 64.05155	 1	 2048	 
-67.50000	 64.05155	 1	 2049	 
-50.62500	 64.05155	 1	 2055	 
-47.81250	 64.05155	 1	 2056	 
-45.00000	 64.05155	 1	 2057	 
-42.18750	 64.05155	 1	 2058	 
-19.68750	 64.05155	 1	 2066	 
-16.87500	 64.05155	 1	 2067	 
 8.18182	 63.11650	 1	 2076	 
10.90909	 63.11650	 2	 2077	 
13.63636	 63.11650	 1	 2078	 
16.36364	 63.11650	 1	 2079	 
24.54545	 63.11650	 6	 2082	 
27.27273	 63.11650	 1	 2083	 
30.00000	 63.11650	 2	 2084	 
32.72727	 63.11650	 1	 2085	 
35.45454	 63.11650	 1	 2086	 
38.18182	 63.11650	 1	 2087	 
40.90909	 63.11650	 2	 2088	 
43.63636	 63.11650	 1	 2089	 
46.36364	 63.11650	 2	 2090	 
49.09091	 63.11650	 2	 2091	 
51.81818	 63.11650	 1	 2092	 
54.54546	 63.11650	 2	 2093	 
57.27273	 63.11650	 2	 2094	 
60.00000	 63.11650	 2	 2095	 
62.72727	 63.11650	 1	 2096	 
65.45454	 63.11650	 1	 2097	 
68.18182	 63.11650	 6	 2098	 
70.90909	 63.11650	 6	 2099	 
73.63636	 63.11650	 6	 2100	 
76.36364	 63.11650	 6	 2101	 
79.09091	 63.11650	 2	 2102	 
81.81818	 63.11650	 1	 2103	 
84.54546	 63.11650	 1	 2104	 
87.27273	 63.11650	 2	 2105	 
90.00000	 63.11650	 2	 2106	 
92.72727	 63.11650	 3	 2107	 
95.45454	 63.11650	 3	 2108	 
98.18182	 63.11650	 2	 2109	 
100.90909	 63.11650	 2	 2110	 
103.63636	 63.11650	 2	 2111	 
106.36364	 63.11650	 2	 2112	 
109.09091	 63.11650	 2	 2113	 
111.81818	 63.11650	 6	 2114	 
114.54546	 63.11650	 6	 2115	 
117.27273	 63.11650	 6	 2116	 
120.00000	 63.11650	 4	 2117	 
122.72727	 63.11650	 6	 2118	 
125.45454	 63.11650	 6	 2119	 
128.18182	 63.11650	 4	 2120	 
130.90909	 63.11650	 4	 2121	 
133.63637	 63.11650	 4	 2122	 
136.36363	 63.11650	 2	 2123	 
139.09091	 63.11650	 2	 2124	 
141.81818	 63.11650	 2	 2125	 
144.54546	 63.11650	 2	 2126	 
147.27272	 63.11650	 2	 2127	 
150.00000	 63.11650	 2	 2128	 
152.72728	 63.11650	 2	 2129	 
155.45454	 63.11650	 2	 2130	 
158.18182	 63.11650	 2	 2131	 
160.90909	 63.11650	 2	 2132	 
163.63637	 63.11650	 2	 2133	 
166.36363	 63.11650	 2	 2134	 
169.09091	 63.11650	 3	 2135	 
171.81818	 63.11650	 2	 2136	 
174.54546	 63.11650	 2	 2137	 
177.27272	 63.11650	 2	 2138	 
-160.90909	 63.11650	 2	 2146	 
-158.18182	 63.11650	 2	 2147	 
-155.45454	 63.11650	 2	 2148	 
-152.72728	 63.11650	 2	 2149	 
-150.00000	 63.11650	 1	 2150	 
-147.27272	 63.11650	 2	 2151	 
-144.54546	 63.11650	 2	 2152	 
-141.81818	 63.11650	 2	 2153	 
-139.09091	 63.11650	 2	 2154	 
-136.36363	 63.11650	 2	 2155	 
-133.63637	 63.11650	 1	 2156	 
-130.90909	 63.11650	 1	 2157	 
-128.18182	 63.11650	 1	 2158	 
-125.45454	 63.11650	 1	 2159	 
-122.72728	 63.11650	 6	 2160	 
-120.00000	 63.11650	 6	 2161	 
-117.27272	 63.11650	 6	 2162	 
-114.54546	 63.11650	 2	 2163	 
-111.81818	 63.11650	 2	 2164	 
-109.09091	 63.11650	 2	 2165	 
-106.36363	 63.11650	 1	 2166	 
-103.63635	 63.11650	 1	 2167	 
-100.90909	 63.11650	 1	 2168	 
-98.18182	 63.11650	 1	 2169	 
-95.45456	 63.11650	 1	 2170	 
-92.72726	 63.11650	 1	 2171	 
-70.90909	 63.11650	 1	 2179	 
-68.18182	 63.11650	 1	 2180	 
-65.45456	 63.11650	 1	 2181	 
-49.09091	 63.11650	 1	 2187	 
-46.36365	 63.11650	 1	 2188	 
-43.63635	 63.11650	 1	 2189	 
 7.94118	 62.18145	 1	 2208	 
10.58823	 62.18145	 1	 2209	 
13.23529	 62.18145	 1	 2210	 
15.88235	 62.18145	 1	 2211	 
23.82353	 62.18145	 2	 2214	 
26.47059	 62.18145	 1	 2215	 
29.11765	 62.18145	 1	 2216	 
31.76471	 62.18145	 6	 2217	 
34.41177	 62.18145	 2	 2218	 
37.05882	 62.18145	 2	 2219	 
39.70588	 62.18145	 2	 2220	 
42.35294	 62.18145	 2	 2221	 
45.00000	 62.18145	 1	 2222	 
47.64706	 62.18145	 2	 2223	 
50.29412	 62.18145	 1	 2224	 
52.94118	 62.18145	 1	 2225	 
55.58823	 62.18145	 2	 2226	 
58.23529	 62.18145	 2	 2227	 
60.88235	 62.18145	 2	 2228	 
63.52941	 62.18145	 1	 2229	 
66.17647	 62.18145	 2	 2230	 
68.82353	 62.18145	 6	 2231	 
71.47059	 62.18145	 6	 2232	 
74.11765	 62.18145	 6	 2233	 
76.76471	 62.18145	 6	 2234	 
79.41177	 62.18145	 6	 2235	 
82.05882	 62.18145	 6	 2236	 
84.70588	 62.18145	 1	 2237	 
87.35294	 62.18145	 2	 2238	 
90.00000	 62.18145	 2	 2239	 
92.64706	 62.18145	 2	 2240	 
95.29412	 62.18145	 3	 2241	 
97.94118	 62.18145	 2	 2242	 
100.58823	 62.18145	 2	 2243	 
103.23529	 62.18145	 2	 2244	 
105.88235	 62.18145	 2	 2245	 
108.52941	 62.18145	 2	 2246	 
111.17647	 62.18145	 6	 2247	 
113.82353	 62.18145	 6	 2248	 
116.47059	 62.18145	 6	 2249	 
119.11765	 62.18145	 6	 2250	 
121.76471	 62.18145	 6	 2251	 
124.41177	 62.18145	 6	 2252	 
127.05882	 62.18145	 6	 2253	 
129.70589	 62.18145	 4	 2254	 
132.35294	 62.18145	 4	 2255	 
135.00000	 62.18145	 6	 2256	 
137.64706	 62.18145	 2	 2257	 
140.29411	 62.18145	 2	 2258	 
142.94118	 62.18145	 2	 2259	 
145.58824	 62.18145	 2	 2260	 
148.23529	 62.18145	 2	 2261	 
150.88235	 62.18145	 2	 2262	 
153.52942	 62.18145	 2	 2263	 
156.17647	 62.18145	 2	 2264	 
158.82353	 62.18145	 2	 2265	 
161.47058	 62.18145	 2	 2266	 
166.76471	 62.18145	 3	 2268	 
169.41176	 62.18145	 2	 2269	 
172.05882	 62.18145	 2	 2270	 
174.70589	 62.18145	 2	 2271	 
-164.11765	 62.18145	 2	 2279	 
-161.47058	 62.18145	 2	 2280	 
-158.82353	 62.18145	 2	 2281	 
-156.17647	 62.18145	 2	 2282	 
-153.52942	 62.18145	 1	 2283	 
-150.88235	 62.18145	 3	 2284	 
-148.23529	 62.18145	 1	 2285	 
-145.58824	 62.18145	 2	 2286	 
-142.94118	 62.18145	 1	 2287	 
-140.29411	 62.18145	 2	 2288	 
-137.64706	 62.18145	 1	 2289	 
-135.00000	 62.18145	 1	 2290	 
-132.35294	 62.18145	 1	 2291	 
-129.70589	 62.18145	 1	 2292	 
-127.05882	 62.18145	 1	 2293	 
-124.41176	 62.18145	 1	 2294	 
-121.76471	 62.18145	 6	 2295	 
-119.11765	 62.18145	 6	 2296	 
-116.47058	 62.18145	 2	 2297	 
-113.82353	 62.18145	 1	 2298	 
-111.17647	 62.18145	 2	 2299	 
-108.52942	 62.18145	 2	 2300	 
-105.88235	 62.18145	 2	 2301	 
-103.23529	 62.18145	 2	 2302	 
-100.58823	 62.18145	 6	 2303	 
-97.94116	 62.18145	 1	 2304	 
-95.29413	 62.18145	 1	 2305	 
-76.76471	 62.18145	 2	 2312	 
-74.11765	 62.18145	 2	 2313	 
-47.64706	 62.18145	 1	 2323	 
-45.00000	 62.18145	 1	 2324	 
 7.71429	 61.24640	 1	 2344	 
10.28571	 61.24640	 1	 2345	 
12.85714	 61.24640	 1	 2346	 
15.42857	 61.24640	 1	 2347	 
23.14286	 61.24640	 2	 2350	 
25.71428	 61.24640	 2	 2351	 
28.28572	 61.24640	 2	 2352	 
30.85714	 61.24640	 2	 2353	 
33.42857	 61.24640	 2	 2354	 
36.00000	 61.24640	 2	 2355	 
38.57143	 61.24640	 2	 2356	 
41.14286	 61.24640	 2	 2357	 
43.71429	 61.24640	 2	 2358	 
46.28571	 61.24640	 2	 2359	 
48.85714	 61.24640	 2	 2360	 
51.42857	 61.24640	 2	 2361	 
54.00000	 61.24640	 2	 2362	 
56.57143	 61.24640	 2	 2363	 
59.14286	 61.24640	 2	 2364	 
61.71429	 61.24640	 2	 2365	 
64.28571	 61.24640	 1	 2366	 
66.85714	 61.24640	 6	 2367	 
69.42857	 61.24640	 2	 2368	 
72.00000	 61.24640	 2	 2369	 
74.57143	 61.24640	 2	 2370	 
77.14286	 61.24640	 2	 2371	 
79.71429	 61.24640	 6	 2372	 
82.28571	 61.24640	 6	 2373	 
84.85714	 61.24640	 2	 2374	 
87.42857	 61.24640	 2	 2375	 
90.00000	 61.24640	 2	 2376	 
92.57143	 61.24640	 2	 2377	 
95.14286	 61.24640	 2	 2378	 
97.71429	 61.24640	 2	 2379	 
100.28571	 61.24640	 2	 2380	 
102.85714	 61.24640	 2	 2381	 
105.42857	 61.24640	 2	 2382	 
108.00000	 61.24640	 2	 2383	 
110.57143	 61.24640	 2	 2384	 
113.14286	 61.24640	 2	 2385	 
115.71429	 61.24640	 6	 2386	 
118.28571	 61.24640	 6	 2387	 
120.85714	 61.24640	 6	 2388	 
123.42857	 61.24640	 6	 2389	 
126.00000	 61.24640	 6	 2390	 
128.57143	 61.24640	 2	 2391	 
131.14285	 61.24640	 6	 2392	 
133.71428	 61.24640	 6	 2393	 
136.28572	 61.24640	 2	 2394	 
138.85715	 61.24640	 2	 2395	 
141.42857	 61.24640	 2	 2396	 
144.00000	 61.24640	 2	 2397	 
146.57143	 61.24640	 2	 2398	 
149.14285	 61.24640	 2	 2399	 
151.71428	 61.24640	 2	 2400	 
154.28572	 61.24640	 2	 2401	 
164.57143	 61.24640	 2	 2405	 
167.14285	 61.24640	 2	 2406	 
169.71428	 61.24640	 2	 2407	 
172.28572	 61.24640	 2	 2408	 
-164.57143	 61.24640	 2	 2417	 
-162.00000	 61.24640	 2	 2418	 
-159.42857	 61.24640	 2	 2419	 
-156.85715	 61.24640	 2	 2420	 
-154.28572	 61.24640	 2	 2421	 
-151.71428	 61.24640	 1	 2422	 
-149.14285	 61.24640	 1	 2423	 
-146.57143	 61.24640	 1	 2424	 
-144.00000	 61.24640	 1	 2425	 
-141.42857	 61.24640	 1	 2426	 
-138.85715	 61.24640	 1	 2427	 
-136.28572	 61.24640	 1	 2428	 
-133.71428	 61.24640	 1	 2429	 
-131.14285	 61.24640	 1	 2430	 
-128.57143	 61.24640	 1	 2431	 
-126.00000	 61.24640	 1	 2432	 
-123.42857	 61.24640	 1	 2433	 
-120.85715	 61.24640	 2	 2434	 
-118.28572	 61.24640	 2	 2435	 
-115.71428	 61.24640	 5	 2436	 
-113.14285	 61.24640	 1	 2437	 
-110.57143	 61.24640	 1	 2438	 
-108.00000	 61.24640	 1	 2439	 
-105.42857	 61.24640	 2	 2440	 
-102.85715	 61.24640	 2	 2441	 
-100.28571	 61.24640	 6	 2442	 
-97.71429	 61.24640	 6	 2443	 
-95.14285	 61.24640	 1	 2444	 
-77.14285	 61.24640	 2	 2451	 
-74.57144	 61.24640	 2	 2452	 
-72.00000	 61.24640	 2	 2453	 
-46.28571	 61.24640	 1	 2463	 
-43.71429	 61.24640	 1	 2464	 
 7.50000	 60.31135	 1	 2484	 
10.00000	 60.31135	 1	 2485	 
12.50000	 60.31135	 1	 2486	 
15.00000	 60.31135	 1	 2487	 
17.50000	 60.31135	 1	 2488	 
22.50000	 60.31135	 4	 2490	 
25.00000	 60.31135	 2	 2491	 
30.00000	 60.31135	 2	 2493	 
32.50000	 60.31135	 2	 2494	 
35.00000	 60.31135	 2	 2495	 
37.50000	 60.31135	 2	 2496	 
40.00000	 60.31135	 2	 2497	 
42.50000	 60.31135	 2	 2498	 
45.00000	 60.31135	 2	 2499	 
47.50000	 60.31135	 2	 2500	 
50.00000	 60.31135	 2	 2501	 
52.50000	 60.31135	 2	 2502	 
55.00000	 60.31135	 2	 2503	 
57.50000	 60.31135	 2	 2504	 
60.00000	 60.31135	 2	 2505	 
62.50000	 60.31135	 2	 2506	 
65.00000	 60.31135	 6	 2507	 
67.50000	 60.31135	 6	 2508	 
70.00000	 60.31135	 2	 2509	 
72.50000	 60.31135	 2	 2510	 
75.00000	 60.31135	 2	 2511	 
77.50000	 60.31135	 2	 2512	 
80.00000	 60.31135	 2	 2513	 
82.50000	 60.31135	 2	 2514	 
85.00000	 60.31135	 2	 2515	 
87.50000	 60.31135	 1	 2516	 
90.00000	 60.31135	 2	 2517	 
92.50000	 60.31135	 2	 2518	 
95.00000	 60.31135	 2	 2519	 
97.50000	 60.31135	 2	 2520	 
100.00000	 60.31135	 2	 2521	 
102.50000	 60.31135	 2	 2522	 
105.00000	 60.31135	 2	 2523	 
107.50000	 60.31135	 2	 2524	 
110.00000	 60.31135	 2	 2525	 
112.50000	 60.31135	 2	 2526	 
115.00000	 60.31135	 2	 2527	 
117.50000	 60.31135	 6	 2528	 
120.00000	 60.31135	 6	 2529	 
122.50000	 60.31135	 2	 2530	 
125.00000	 60.31135	 2	 2531	 
127.50000	 60.31135	 2	 2532	 
130.00000	 60.31135	 2	 2533	 
132.50000	 60.31135	 2	 2534	 
135.00000	 60.31135	 2	 2535	 
137.50000	 60.31135	 2	 2536	 
140.00000	 60.31135	 2	 2537	 
142.50000	 60.31135	 2	 2538	 
145.00000	 60.31135	 2	 2539	 
147.50000	 60.31135	 2	 2540	 
150.00000	 60.31135	 2	 2541	 
152.50000	 60.31135	 2	 2542	 
162.50000	 60.31135	 2	 2546	 
165.00000	 60.31135	 2	 2547	 
-162.50000	 60.31135	 2	 2560	 
-160.00000	 60.31135	 1	 2561	 
-157.50000	 60.31135	 2	 2562	 
-155.00000	 60.31135	 2	 2563	 
-150.00000	 60.31135	 1	 2565	 
-142.50000	 60.31135	 1	 2568	 
-140.00000	 60.31135	 1	 2569	 
-137.50000	 60.31135	 1	 2570	 
-135.00000	 60.31135	 1	 2571	 
-132.50000	 60.31135	 1	 2572	 
-130.00000	 60.31135	 1	 2573	 
-127.50000	 60.31135	 1	 2574	 
-125.00000	 60.31135	 1	 2575	 
-122.50000	 60.31135	 5	 2576	 
-120.00000	 60.31135	 5	 2577	 
-117.50000	 60.31135	 5	 2578	 
-115.00000	 60.31135	 5	 2579	 
-112.50000	 60.31135	 4	 2580	 
-110.00000	 60.31135	 1	 2581	 
-107.50000	 60.31135	 1	 2582	 
-105.00000	 60.31135	 1	 2583	 
-102.50000	 60.31135	 1	 2584	 
-100.00000	 60.31135	 1	 2585	 
-97.50000	 60.31135	 6	 2586	 
-95.00000	 60.31135	 6	 2587	 
-75.00000	 60.31135	 2	 2595	 
-72.50000	 60.31135	 2	 2596	 
-70.00000	 60.31135	 2	 2597	 
 7.29730	 59.37630	 1	 2628	 
 9.72973	 59.37630	 2	 2629	 
12.16216	 59.37630	 1	 2630	 
14.59459	 59.37630	 1	 2631	 
17.02703	 59.37630	 1	 2632	 
26.75676	 59.37630	 2	 2636	 
29.18919	 59.37630	 2	 2637	 
31.62162	 59.37630	 2	 2638	 
34.05405	 59.37630	 2	 2639	 
36.48649	 59.37630	 2	 2640	 
38.91892	 59.37630	 2	 2641	 
41.35135	 59.37630	 2	 2642	 
43.78378	 59.37630	 2	 2643	 
46.21622	 59.37630	 2	 2644	 
48.64865	 59.37630	 2	 2645	 
51.08108	 59.37630	 2	 2646	 
53.51351	 59.37630	 2	 2647	 
55.94595	 59.37630	 2	 2648	 
58.37838	 59.37630	 2	 2649	 
60.81081	 59.37630	 2	 2650	 
63.24324	 59.37630	 2	 2651	 
65.67567	 59.37630	 2	 2652	 
68.10811	 59.37630	 2	 2653	 
70.54054	 59.37630	 2	 2654	 
72.97298	 59.37630	 2	 2655	 
75.40540	 59.37630	 2	 2656	 
77.83784	 59.37630	 2	 2657	 
80.27027	 59.37630	 2	 2658	 
82.70271	 59.37630	 1	 2659	 
85.13513	 59.37630	 2	 2660	 
87.56757	 59.37630	 2	 2661	 
90.00000	 59.37630	 2	 2662	 
92.43243	 59.37630	 2	 2663	 
94.86487	 59.37630	 2	 2664	 
97.29729	 59.37630	 2	 2665	 
99.72973	 59.37630	 2	 2666	 
102.16216	 59.37630	 2	 2667	 
104.59460	 59.37630	 2	 2668	 
107.02702	 59.37630	 2	 2669	 
109.45946	 59.37630	 2	 2670	 
111.89189	 59.37630	 2	 2671	 
114.32433	 59.37630	 2	 2672	 
116.75676	 59.37630	 2	 2673	 
119.18919	 59.37630	 2	 2674	 
121.62162	 59.37630	 2	 2675	 
124.05405	 59.37630	 2	 2676	 
126.48649	 59.37630	 2	 2677	 
128.91891	 59.37630	 2	 2678	 
131.35135	 59.37630	 2	 2679	 
133.78378	 59.37630	 2	 2680	 
136.21622	 59.37630	 2	 2681	 
138.64865	 59.37630	 2	 2682	 
141.08109	 59.37630	 2	 2683	 
153.24324	 59.37630	 2	 2688	 
162.97298	 59.37630	 2	 2692	 
-160.54054	 59.37630	 1	 2707	 
-158.10811	 59.37630	 2	 2708	 
-155.67567	 59.37630	 2	 2709	 
-138.64865	 59.37630	 1	 2716	 
-136.21622	 59.37630	 1	 2717	 
-133.78378	 59.37630	 1	 2718	 
-131.35135	 59.37630	 1	 2719	 
-128.91891	 59.37630	 1	 2720	 
-126.48648	 59.37630	 2	 2721	 
-124.05405	 59.37630	 2	 2722	 
-121.62163	 59.37630	 6	 2723	 
-119.18919	 59.37630	 6	 2724	 
-116.75676	 59.37630	 5	 2725	 
-114.32433	 59.37630	 6	 2726	 
-111.89189	 59.37630	 1	 2727	 
-109.45946	 59.37630	 1	 2728	 
-107.02702	 59.37630	 1	 2729	 
-104.59459	 59.37630	 1	 2730	 
-102.16217	 59.37630	 1	 2731	 
-99.72974	 59.37630	 1	 2732	 
-97.29730	 59.37630	 1	 2733	 
-75.40540	 59.37630	 2	 2742	 
-72.97296	 59.37630	 2	 2743	 
-70.54053	 59.37630	 2	 2744	 
 7.10526	 58.44124	 1	 2776	 
11.84210	 58.44124	 1	 2778	 
14.21053	 58.44124	 1	 2779	 
16.57895	 58.44124	 1	 2780	 
26.05263	 58.44124	 2	 2784	 
28.42105	 58.44124	 2	 2785	 
30.78947	 58.44124	 2	 2786	 
33.15789	 58.44124	 2	 2787	 
35.52632	 58.44124	 2	 2788	 
37.89474	 58.44124	 2	 2789	 
40.26316	 58.44124	 2	 2790	 
42.63158	 58.44124	 2	 2791	 
45.00000	 58.44124	 2	 2792	 
47.36842	 58.44124	 2	 2793	 
49.73684	 58.44124	 2	 2794	 
52.10526	 58.44124	 2	 2795	 
54.47368	 58.44124	 2	 2796	 
56.84211	 58.44124	 2	 2797	 
59.21053	 58.44124	 2	 2798	 
61.57895	 58.44124	 2	 2799	 
63.94737	 58.44124	 2	 2800	 
66.31579	 58.44124	 2	 2801	 
68.68421	 58.44124	 2	 2802	 
71.05264	 58.44124	 6	 2803	 
73.42105	 58.44124	 2	 2804	 
75.78947	 58.44124	 2	 2805	 
78.15790	 58.44124	 2	 2806	 
80.52631	 58.44124	 2	 2807	 
82.89474	 58.44124	 2	 2808	 
85.26316	 58.44124	 2	 2809	 
87.63158	 58.44124	 2	 2810	 
90.00000	 58.44124	 2	 2811	 
92.36842	 58.44124	 2	 2812	 
94.73684	 58.44124	 2	 2813	 
97.10526	 58.44124	 2	 2814	 
99.47369	 58.44124	 2	 2815	 
101.84210	 58.44124	 2	 2816	 
104.21053	 58.44124	 2	 2817	 
106.57895	 58.44124	 2	 2818	 
108.94736	 58.44124	 2	 2819	 
111.31579	 58.44124	 2	 2820	 
113.68421	 58.44124	 2	 2821	 
116.05264	 58.44124	 2	 2822	 
118.42105	 58.44124	 2	 2823	 
120.78947	 58.44124	 2	 2824	 
123.15790	 58.44124	 2	 2825	 
125.52631	 58.44124	 2	 2826	 
127.89474	 58.44124	 2	 2827	 
130.26315	 58.44124	 2	 2828	 
132.63158	 58.44124	 2	 2829	 
135.00000	 58.44124	 2	 2830	 
137.36842	 58.44124	 2	 2831	 
139.73685	 58.44124	 2	 2832	 
161.05263	 58.44124	 2	 2841	 
-156.31580	 58.44124	 2	 2859	 
-135.00000	 58.44124	 1	 2868	 
-132.63158	 58.44124	 1	 2869	 
-130.26315	 58.44124	 1	 2870	 
-127.89473	 58.44124	 1	 2871	 
-125.52632	 58.44124	 1	 2872	 
-123.15790	 58.44124	 2	 2873	 
-120.78947	 58.44124	 6	 2874	 
-118.42105	 58.44124	 4	 2875	 
-116.05263	 58.44124	 3	 2876	 
-113.68420	 58.44124	 6	 2877	 
-111.31580	 58.44124	 1	 2878	 
-108.94737	 58.44124	 1	 2879	 
-106.57895	 58.44124	 1	 2880	 
-104.21053	 58.44124	 1	 2881	 
-101.84210	 58.44124	 1	 2882	 
-99.47369	 58.44124	 1	 2883	 
-97.10526	 58.44124	 1	 2884	 
-94.73685	 58.44124	 6	 2885	 
-75.78946	 58.44124	 2	 2893	 
-73.42105	 58.44124	 2	 2894	 
-71.05264	 58.44124	 2	 2895	 
-68.68420	 58.44124	 2	 2896	 
-66.31580	 58.44124	 1	 2897	 
-63.94736	 58.44124	 1	 2898	 
13.84615	 57.50619	 1	 2931	 
16.15385	 57.50619	 1	 2932	 
25.38461	 57.50619	 2	 2936	 
27.69231	 57.50619	 2	 2937	 
30.00000	 57.50619	 2	 2938	 
32.30769	 57.50619	 2	 2939	 
34.61538	 57.50619	 2	 2940	 
36.92308	 57.50619	 2	 2941	 
39.23077	 57.50619	 2	 2942	 
41.53846	 57.50619	 2	 2943	 
43.84615	 57.50619	 2	 2944	 
46.15385	 57.50619	 2	 2945	 
48.46154	 57.50619	 2	 2946	 
50.76923	 57.50619	 2	 2947	 
53.07692	 57.50619	 2	 2948	 
55.38462	 57.50619	 2	 2949	 
57.69231	 57.50619	 2	 2950	 
60.00000	 57.50619	 2	 2951	 
62.30769	 57.50619	 2	 2952	 
64.61539	 57.50619	 2	 2953	 
66.92308	 57.50619	 2	 2954	 
69.23077	 57.50619	 2	 2955	 
71.53846	 57.50619	 2	 2956	 
73.84615	 57.50619	 2	 2957	 
76.15385	 57.50619	 2	 2958	 
78.46154	 57.50619	 2	 2959	 
80.76923	 57.50619	 2	 2960	 
83.07692	 57.50619	 2	 2961	 
85.38461	 57.50619	 2	 2962	 
87.69231	 57.50619	 2	 2963	 
90.00000	 57.50619	 2	 2964	 
92.30769	 57.50619	 2	 2965	 
94.61539	 57.50619	 2	 2966	 
96.92308	 57.50619	 2	 2967	 
99.23077	 57.50619	 2	 2968	 
101.53846	 57.50619	 2	 2969	 
103.84615	 57.50619	 2	 2970	 
106.15385	 57.50619	 2	 2971	 
108.46154	 57.50619	 2	 2972	 
110.76923	 57.50619	 2	 2973	 
113.07692	 57.50619	 2	 2974	 
115.38461	 57.50619	 2	 2975	 
117.69231	 57.50619	 2	 2976	 
120.00000	 57.50619	 2	 2977	 
122.30769	 57.50619	 2	 2978	 
124.61539	 57.50619	 2	 2979	 
126.92308	 57.50619	 2	 2980	 
129.23077	 57.50619	 2	 2981	 
131.53847	 57.50619	 2	 2982	 
133.84616	 57.50619	 2	 2983	 
136.15384	 57.50619	 2	 2984	 
138.46153	 57.50619	 2	 2985	 
159.23077	 57.50619	 2	 2994	 
161.53847	 57.50619	 2	 2995	 
-156.92308	 57.50619	 1	 3013	 
-133.84616	 57.50619	 2	 3023	 
-131.53847	 57.50619	 1	 3024	 
-129.23077	 57.50619	 1	 3025	 
-126.92308	 57.50619	 1	 3026	 
-124.61539	 57.50619	 1	 3027	 
-122.30769	 57.50619	 2	 3028	 
-120.00000	 57.50619	 6	 3029	 
-117.69231	 57.50619	 3	 3030	 
-115.38461	 57.50619	 6	 3031	 
-113.07692	 57.50619	 3	 3032	 
-110.76923	 57.50619	 1	 3033	 
-108.46153	 57.50619	 1	 3034	 
-106.15384	 57.50619	 1	 3035	 
-103.84616	 57.50619	 1	 3036	 
-101.53845	 57.50619	 1	 3037	 
-99.23077	 57.50619	 1	 3038	 
-96.92307	 57.50619	 2	 3039	 
-94.61539	 57.50619	 2	 3040	 
-76.15384	 57.50619	 2	 3048	 
-73.84616	 57.50619	 2	 3049	 
-71.53845	 57.50619	 2	 3050	 
-69.23077	 57.50619	 2	 3051	 
-66.92307	 57.50619	 1	 3052	 
-64.61539	 57.50619	 1	 3053	 
-62.30768	 57.50619	 1	 3054	 
-4.61539	 57.50619	 1	 3079	 
 9.00000	 56.57114	 1	 3085	 
13.50000	 56.57114	 1	 3087	 
15.75000	 56.57114	 1	 3088	 
22.50000	 56.57114	 2	 3091	 
24.75000	 56.57114	 2	 3092	 
27.00000	 56.57114	 2	 3093	 
29.25000	 56.57114	 2	 3094	 
31.50000	 56.57114	 2	 3095	 
33.75000	 56.57114	 2	 3096	 
36.00000	 56.57114	 2	 3097	 
38.25000	 56.57114	 2	 3098	 
40.50000	 56.57114	 2	 3099	 
42.75000	 56.57114	 2	 3100	 
45.00000	 56.57114	 2	 3101	 
47.25000	 56.57114	 2	 3102	 
49.50000	 56.57114	 2	 3103	 
51.75000	 56.57114	 2	 3104	 
54.00000	 56.57114	 2	 3105	 
56.25000	 56.57114	 2	 3106	 
58.50000	 56.57114	 2	 3107	 
60.75000	 56.57114	 2	 3108	 
63.00000	 56.57114	 2	 3109	 
65.25000	 56.57114	 2	 3110	 
67.50000	 56.57114	 2	 3111	 
69.75000	 56.57114	 2	 3112	 
72.00000	 56.57114	 2	 3113	 
74.25000	 56.57114	 2	 3114	 
76.50000	 56.57114	 4	 3115	 
78.75000	 56.57114	 4	 3116	 
81.00000	 56.57114	 6	 3117	 
83.25000	 56.57114	 2	 3118	 
85.50000	 56.57114	 2	 3119	 
87.75000	 56.57114	 2	 3120	 
90.00000	 56.57114	 2	 3121	 
92.25000	 56.57114	 2	 3122	 
94.50000	 56.57114	 2	 3123	 
96.75000	 56.57114	 2	 3124	 
99.00000	 56.57114	 2	 3125	 
101.25000	 56.57114	 2	 3126	 
103.50000	 56.57114	 2	 3127	 
105.75000	 56.57114	 2	 3128	 
108.00000	 56.57114	 2	 3129	 
110.25000	 56.57114	 2	 3130	 
112.50000	 56.57114	 2	 3131	 
114.75000	 56.57114	 2	 3132	 
117.00000	 56.57114	 2	 3133	 
119.25000	 56.57114	 2	 3134	 
121.50000	 56.57114	 2	 3135	 
123.75000	 56.57114	 2	 3136	 
126.00000	 56.57114	 2	 3137	 
128.25000	 56.57114	 2	 3138	 
130.50000	 56.57114	 2	 3139	 
132.75000	 56.57114	 2	 3140	 
135.00000	 56.57114	 2	 3141	 
137.25000	 56.57114	 2	 3142	 
157.50000	 56.57114	 2	 3151	 
159.75000	 56.57114	 2	 3152	 
162.00000	 56.57114	 3	 3153	 
-132.75000	 56.57114	 2	 3182	 
-130.50000	 56.57114	 1	 3183	 
-128.25000	 56.57114	 1	 3184	 
-126.00000	 56.57114	 2	 3185	 
-123.75000	 56.57114	 1	 3186	 
-121.50000	 56.57114	 2	 3187	 
-119.25000	 56.57114	 3	 3188	 
-117.00000	 56.57114	 3	 3189	 
-114.75000	 56.57114	 3	 3190	 
-112.50000	 56.57114	 6	 3191	 
-110.25000	 56.57114	 6	 3192	 
-108.00000	 56.57114	 1	 3193	 
-105.75000	 56.57114	 1	 3194	 
-103.50000	 56.57114	 1	 3195	 
-101.25000	 56.57114	 1	 3196	 
-99.00000	 56.57114	 6	 3197	 
-96.75000	 56.57114	 2	 3198	 
-94.50000	 56.57114	 6	 3199	 
-92.25000	 56.57114	 6	 3200	 
-90.00000	 56.57114	 6	 3201	 
-76.50000	 56.57114	 1	 3207	 
-74.25000	 56.57114	 2	 3208	 
-72.00000	 56.57114	 1	 3209	 
-69.75000	 56.57114	 1	 3210	 
-67.50000	 56.57114	 6	 3211	 
-65.25000	 56.57114	 1	 3212	 
-63.00000	 56.57114	 1	 3213	 
-4.50000	 56.57114	 6	 3239	 
 8.78049	 55.63608	 1	 3245	 
13.17073	 55.63608	 2	 3247	 
21.95122	 55.63608	 2	 3251	 
24.14634	 55.63608	 3	 3252	 
26.34146	 55.63608	 2	 3253	 
28.53658	 55.63608	 2	 3254	 
30.73171	 55.63608	 2	 3255	 
32.92683	 55.63608	 2	 3256	 
35.12195	 55.63608	 2	 3257	 
37.31707	 55.63608	 2	 3258	 
39.51220	 55.63608	 2	 3259	 
41.70732	 55.63608	 2	 3260	 
43.90244	 55.63608	 2	 3261	 
46.09756	 55.63608	 2	 3262	 
48.29268	 55.63608	 2	 3263	 
50.48780	 55.63608	 2	 3264	 
52.68293	 55.63608	 2	 3265	 
54.87805	 55.63608	 2	 3266	 
57.07317	 55.63608	 2	 3267	 
59.26829	 55.63608	 2	 3268	 
61.46341	 55.63608	 4	 3269	 
63.65854	 55.63608	 4	 3270	 
65.85366	 55.63608	 4	 3271	 
68.04878	 55.63608	 4	 3272	 
70.24390	 55.63608	 4	 3273	 
72.43903	 55.63608	 4	 3274	 
74.63415	 55.63608	 4	 3275	 
76.82927	 55.63608	 2	 3276	 
79.02439	 55.63608	 4	 3277	 
81.21951	 55.63608	 4	 3278	 
83.41463	 55.63608	 2	 3279	 
85.60976	 55.63608	 2	 3280	 
87.80488	 55.63608	 2	 3281	 
90.00000	 55.63608	 4	 3282	 
92.19512	 55.63608	 2	 3283	 
94.39024	 55.63608	 2	 3284	 
96.58537	 55.63608	 2	 3285	 
98.78049	 55.63608	 2	 3286	 
100.97561	 55.63608	 2	 3287	 
103.17073	 55.63608	 2	 3288	 
105.36585	 55.63608	 2	 3289	 
107.56097	 55.63608	 2	 3290	 
109.75610	 55.63608	 2	 3291	 
111.95122	 55.63608	 2	 3292	 
114.14634	 55.63608	 2	 3293	 
116.34146	 55.63608	 2	 3294	 
118.53658	 55.63608	 2	 3295	 
120.73170	 55.63608	 2	 3296	 
122.92683	 55.63608	 2	 3297	 
125.12195	 55.63608	 2	 3298	 
127.31707	 55.63608	 2	 3299	 
129.51219	 55.63608	 2	 3300	 
131.70732	 55.63608	 2	 3301	 
133.90244	 55.63608	 2	 3302	 
136.09756	 55.63608	 2	 3303	 
158.04878	 55.63608	 2	 3313	 
160.24390	 55.63608	 2	 3314	 
-129.51219	 55.63608	 2	 3346	 
-127.31708	 55.63608	 2	 3347	 
-125.12195	 55.63608	 2	 3348	 
-122.92683	 55.63608	 1	 3349	 
-120.73170	 55.63608	 2	 3350	 
-118.53659	 55.63608	 4	 3351	 
-116.34146	 55.63608	 4	 3352	 
-114.14635	 55.63608	 6	 3353	 
-111.95122	 55.63608	 6	 3354	 
-109.75610	 55.63608	 3	 3355	 
-107.56097	 55.63608	 1	 3356	 
-105.36586	 55.63608	 1	 3357	 
-103.17075	 55.63608	 1	 3358	 
-100.97562	 55.63608	 6	 3359	 
-98.78049	 55.63608	 6	 3360	 
-96.58536	 55.63608	 6	 3361	 
-94.39026	 55.63608	 2	 3362	 
-92.19513	 55.63608	 6	 3363	 
-90.00000	 55.63608	 6	 3364	 
-87.80487	 55.63608	 5	 3365	 
-76.82925	 55.63608	 1	 3370	 
-74.63416	 55.63608	 1	 3371	 
-72.43903	 55.63608	 1	 3372	 
-70.24390	 55.63608	 1	 3373	 
-68.04877	 55.63608	 1	 3374	 
-65.85367	 55.63608	 6	 3375	 
-63.65854	 55.63608	 1	 3376	 
-61.46341	 55.63608	 1	 3377	 
-4.39026	 55.63608	 4	 3403	 
-2.19513	 55.63608	 2	 3404	 
21.42857	 54.70103	 2	 3415	 
23.57143	 54.70103	 2	 3416	 
25.71428	 54.70103	 2	 3417	 
27.85714	 54.70103	 2	 3418	 
30.00000	 54.70103	 2	 3419	 
32.14286	 54.70103	 2	 3420	 
34.28571	 54.70103	 2	 3421	 
36.42857	 54.70103	 2	 3422	 
38.57143	 54.70103	 2	 3423	 
40.71429	 54.70103	 2	 3424	 
42.85714	 54.70103	 2	 3425	 
45.00000	 54.70103	 2	 3426	 
47.14286	 54.70103	 2	 3427	 
49.28571	 54.70103	 2	 3428	 
51.42857	 54.70103	 2	 3429	 
53.57143	 54.70103	 2	 3430	 
55.71429	 54.70103	 2	 3431	 
57.85714	 54.70103	 2	 3432	 
60.00000	 54.70103	 4	 3433	 
62.14286	 54.70103	 4	 3434	 
64.28571	 54.70103	 4	 3435	 
66.42857	 54.70103	 4	 3436	 
68.57143	 54.70103	 4	 3437	 
70.71429	 54.70103	 4	 3438	 
72.85714	 54.70103	 4	 3439	 
75.00000	 54.70103	 4	 3440	 
77.14286	 54.70103	 4	 3441	 
79.28571	 54.70103	 4	 3442	 
81.42857	 54.70103	 4	 3443	 
83.57143	 54.70103	 2	 3444	 
85.71429	 54.70103	 2	 3445	 
87.85714	 54.70103	 2	 3446	 
90.00000	 54.70103	 2	 3447	 
92.14286	 54.70103	 2	 3448	 
94.28571	 54.70103	 2	 3449	 
96.42857	 54.70103	 2	 3450	 
98.57143	 54.70103	 2	 3451	 
100.71429	 54.70103	 2	 3452	 
102.85714	 54.70103	 2	 3453	 
105.00000	 54.70103	 2	 3454	 
107.14286	 54.70103	 2	 3455	 
109.28571	 54.70103	 2	 3456	 
111.42857	 54.70103	 2	 3457	 
113.57143	 54.70103	 2	 3458	 
115.71429	 54.70103	 2	 3459	 
117.85714	 54.70103	 2	 3460	 
120.00000	 54.70103	 2	 3461	 
122.14286	 54.70103	 2	 3462	 
124.28571	 54.70103	 2	 3463	 
126.42857	 54.70103	 2	 3464	 
128.57143	 54.70103	 6	 3465	 
130.71428	 54.70103	 2	 3466	 
132.85715	 54.70103	 2	 3467	 
135.00000	 54.70103	 2	 3468	 
156.42857	 54.70103	 2	 3478	 
158.57143	 54.70103	 2	 3479	 
160.71428	 54.70103	 2	 3480	 
-128.57143	 54.70103	 1	 3513	 
-126.42857	 54.70103	 2	 3514	 
-124.28572	 54.70103	 2	 3515	 
-122.14285	 54.70103	 2	 3516	 
-120.00000	 54.70103	 2	 3517	 
-117.85715	 54.70103	 2	 3518	 
-115.71428	 54.70103	 2	 3519	 
-113.57143	 54.70103	 3	 3520	 
-111.42857	 54.70103	 3	 3521	 
-109.28572	 54.70103	 3	 3522	 
-107.14285	 54.70103	 1	 3523	 
-105.00000	 54.70103	 1	 3524	 
-102.85715	 54.70103	 1	 3525	 
-100.71429	 54.70103	 1	 3526	 
-98.57144	 54.70103	 6	 3527	 
-96.42856	 54.70103	 2	 3528	 
-94.28571	 54.70103	 2	 3529	 
-92.14285	 54.70103	 2	 3530	 
-90.00000	 54.70103	 2	 3531	 
-87.85715	 54.70103	 5	 3532	 
-85.71429	 54.70103	 6	 3533	 
-83.57144	 54.70103	 6	 3534	 
-77.14285	 54.70103	 1	 3537	 
-75.00000	 54.70103	 1	 3538	 
-72.85715	 54.70103	 1	 3539	 
-70.71429	 54.70103	 1	 3540	 
-68.57144	 54.70103	 1	 3541	 
-66.42856	 54.70103	 1	 3542	 
-64.28571	 54.70103	 1	 3543	 
-62.14285	 54.70103	 1	 3544	 
-60.00000	 54.70103	 1	 3545	 
-6.42856	 54.70103	 2	 3570	 
-2.14285	 54.70103	 2	 3572	 
10.46512	 53.76597	 1	 3578	 
12.55814	 53.76597	 2	 3579	 
14.65116	 53.76597	 2	 3580	 
16.74419	 53.76597	 1	 3581	 
18.83721	 53.76597	 2	 3582	 
20.93023	 53.76597	 2	 3583	 
23.02326	 53.76597	 2	 3584	 
25.11628	 53.76597	 2	 3585	 
27.20930	 53.76597	 2	 3586	 
29.30233	 53.76597	 2	 3587	 
31.39535	 53.76597	 2	 3588	 
33.48837	 53.76597	 2	 3589	 
35.58139	 53.76597	 2	 3590	 
37.67442	 53.76597	 2	 3591	 
39.76744	 53.76597	 2	 3592	 
41.86047	 53.76597	 2	 3593	 
43.95349	 53.76597	 2	 3594	 
46.04651	 53.76597	 2	 3595	 
48.13953	 53.76597	 2	 3596	 
50.23256	 53.76597	 2	 3597	 
52.32558	 53.76597	 2	 3598	 
54.41861	 53.76597	 2	 3599	 
56.51163	 53.76597	 2	 3600	 
58.60465	 53.76597	 2	 3601	 
60.69767	 53.76597	 4	 3602	 
62.79070	 53.76597	 4	 3603	 
64.88372	 53.76597	 4	 3604	 
66.97675	 53.76597	 4	 3605	 
69.06977	 53.76597	 4	 3606	 
71.16279	 53.76597	 4	 3607	 
73.25581	 53.76597	 4	 3608	 
75.34884	 53.76597	 4	 3609	 
77.44186	 53.76597	 4	 3610	 
79.53488	 53.76597	 4	 3611	 
81.62791	 53.76597	 4	 3612	 
83.72093	 53.76597	 4	 3613	 
85.81396	 53.76597	 2	 3614	 
87.90697	 53.76597	 2	 3615	 
90.00000	 53.76597	 2	 3616	 
92.09303	 53.76597	 4	 3617	 
94.18604	 53.76597	 2	 3618	 
96.27907	 53.76597	 2	 3619	 
98.37209	 53.76597	 2	 3620	 
100.46512	 53.76597	 2	 3621	 
102.55814	 53.76597	 2	 3622	 
104.65116	 53.76597	 2	 3623	 
106.74419	 53.76597	 2	 3624	 
108.83721	 53.76597	 2	 3625	 
110.93023	 53.76597	 2	 3626	 
113.02325	 53.76597	 2	 3627	 
115.11628	 53.76597	 2	 3628	 
117.20930	 53.76597	 2	 3629	 
119.30232	 53.76597	 2	 3630	 
121.39535	 53.76597	 2	 3631	 
123.48837	 53.76597	 2	 3632	 
125.58140	 53.76597	 2	 3633	 
127.67442	 53.76597	 2	 3634	 
129.76744	 53.76597	 2	 3635	 
131.86046	 53.76597	 2	 3636	 
133.95349	 53.76597	 2	 3637	 
136.04651	 53.76597	 2	 3638	 
156.97675	 53.76597	 2	 3648	 
159.06976	 53.76597	 2	 3649	 
-129.76744	 53.76597	 2	 3683	 
-127.67442	 53.76597	 2	 3684	 
-125.58139	 53.76597	 2	 3685	 
-123.48837	 53.76597	 2	 3686	 
-121.39536	 53.76597	 1	 3687	 
-119.30232	 53.76597	 1	 3688	 
-117.20930	 53.76597	 2	 3689	 
-115.11627	 53.76597	 2	 3690	 
-113.02325	 53.76597	 2	 3691	 
-110.93024	 53.76597	 2	 3692	 
-108.83720	 53.76597	 3	 3693	 
-106.74419	 53.76597	 3	 3694	 
-104.65117	 53.76597	 1	 3695	 
-102.55814	 53.76597	 6	 3696	 
-100.46512	 53.76597	 3	 3697	 
-98.37210	 53.76597	 6	 3698	 
-96.27908	 53.76597	 6	 3699	 
-94.18604	 53.76597	 6	 3700	 
-92.09302	 53.76597	 2	 3701	 
-90.00000	 53.76597	 2	 3702	 
-87.90698	 53.76597	 2	 3703	 
-85.81396	 53.76597	 6	 3704	 
-83.72092	 53.76597	 6	 3705	 
-77.44186	 53.76597	 1	 3708	 
-75.34885	 53.76597	 1	 3709	 
-73.25583	 53.76597	 1	 3710	 
-71.16278	 53.76597	 1	 3711	 
-69.06976	 53.76597	 1	 3712	 
-66.97675	 53.76597	 1	 3713	 
-64.88373	 53.76597	 1	 3714	 
-62.79071	 53.76597	 1	 3715	 
-60.69766	 53.76597	 1	 3716	 
-58.60464	 53.76597	 1	 3717	 
-8.37210	 53.76597	 2	 3741	 
-2.09302	 53.76597	 2	 3744	 
 0.00000	 52.83091	 4	 3745	 
 6.13636	 52.83091	 1	 3748	 
 8.18182	 52.83091	 2	 3749	 
10.22727	 52.83091	 1	 3750	 
12.27273	 52.83091	 2	 3751	 
14.31818	 52.83091	 2	 3752	 
16.36364	 52.83091	 1	 3753	 
18.40909	 52.83091	 2	 3754	 
20.45455	 52.83091	 2	 3755	 
22.50000	 52.83091	 2	 3756	 
24.54545	 52.83091	 2	 3757	 
26.59091	 52.83091	 2	 3758	 
28.63636	 52.83091	 2	 3759	 
30.68182	 52.83091	 2	 3760	 
32.72727	 52.83091	 2	 3761	 
34.77273	 52.83091	 2	 3762	 
36.81818	 52.83091	 2	 3763	 
38.86364	 52.83091	 2	 3764	 
40.90909	 52.83091	 2	 3765	 
42.95454	 52.83091	 2	 3766	 
45.00000	 52.83091	 2	 3767	 
47.04546	 52.83091	 2	 3768	 
49.09091	 52.83091	 2	 3769	 
51.13636	 52.83091	 2	 3770	 
53.18182	 52.83091	 2	 3771	 
55.22727	 52.83091	 2	 3772	 
57.27273	 52.83091	 2	 3773	 
59.31818	 52.83091	 4	 3774	 
61.36364	 52.83091	 4	 3775	 
63.40909	 52.83091	 4	 3776	 
65.45454	 52.83091	 4	 3777	 
67.50000	 52.83091	 4	 3778	 
69.54546	 52.83091	 4	 3779	 
71.59091	 52.83091	 4	 3780	 
73.63636	 52.83091	 2	 3781	 
75.68182	 52.83091	 2	 3782	 
77.72727	 52.83091	 2	 3783	 
79.77273	 52.83091	 2	 3784	 
81.81818	 52.83091	 4	 3785	 
83.86364	 52.83091	 4	 3786	 
85.90909	 52.83091	 4	 3787	 
87.95454	 52.83091	 2	 3788	 
90.00000	 52.83091	 2	 3789	 
92.04546	 52.83091	 2	 3790	 
94.09091	 52.83091	 2	 3791	 
96.13636	 52.83091	 2	 3792	 
98.18182	 52.83091	 2	 3793	 
100.22727	 52.83091	 2	 3794	 
102.27273	 52.83091	 2	 3795	 
104.31818	 52.83091	 2	 3796	 
106.36364	 52.83091	 2	 3797	 
108.40909	 52.83091	 2	 3798	 
110.45454	 52.83091	 2	 3799	 
112.50000	 52.83091	 2	 3800	 
114.54546	 52.83091	 2	 3801	 
116.59091	 52.83091	 2	 3802	 
118.63636	 52.83091	 2	 3803	 
120.68182	 52.83091	 2	 3804	 
122.72727	 52.83091	 2	 3805	 
124.77273	 52.83091	 2	 3806	 
126.81818	 52.83091	 2	 3807	 
128.86363	 52.83091	 2	 3808	 
130.90909	 52.83091	 6	 3809	 
132.95454	 52.83091	 2	 3810	 
135.00000	 52.83091	 2	 3811	 
137.04546	 52.83091	 6	 3812	 
139.09091	 52.83091	 2	 3813	 
157.50000	 52.83091	 2	 3822	 
-126.81818	 52.83091	 2	 3859	 
-124.77272	 52.83091	 2	 3860	 
-122.72728	 52.83091	 2	 3861	 
-120.68182	 52.83091	 1	 3862	 
-118.63637	 52.83091	 1	 3863	 
-116.59091	 52.83091	 2	 3864	 
-114.54546	 52.83091	 2	 3865	 
-112.50000	 52.83091	 2	 3866	 
-110.45454	 52.83091	 2	 3867	 
-108.40909	 52.83091	 2	 3868	 
-106.36363	 52.83091	 2	 3869	 
-104.31818	 52.83091	 2	 3870	 
-102.27274	 52.83091	 3	 3871	 
-100.22726	 52.83091	 3	 3872	 
-98.18182	 52.83091	 3	 3873	 
-96.13635	 52.83091	 6	 3874	 
-94.09091	 52.83091	 6	 3875	 
-92.04544	 52.83091	 6	 3876	 
-90.00000	 52.83091	 2	 3877	 
-87.95456	 52.83091	 2	 3878	 
-85.90909	 52.83091	 6	 3879	 
-83.86365	 52.83091	 6	 3880	 
-77.72726	 52.83091	 6	 3883	 
-75.68182	 52.83091	 1	 3884	 
-73.63635	 52.83091	 1	 3885	 
-71.59091	 52.83091	 1	 3886	 
-69.54544	 52.83091	 1	 3887	 
-67.50000	 52.83091	 1	 3888	 
-65.45456	 52.83091	 1	 3889	 
-63.40909	 52.83091	 1	 3890	 
-61.36365	 52.83091	 1	 3891	 
-59.31818	 52.83091	 1	 3892	 
-57.27274	 52.83091	 1	 3893	 
-8.18182	 52.83091	 2	 3917	 
-2.04544	 52.83091	 2	 3920	 
 0.00000	 51.89586	 4	 3921	 
 6.00000	 51.89586	 1	 3924	 
 8.00000	 51.89586	 2	 3925	 
10.00000	 51.89586	 2	 3926	 
12.00000	 51.89586	 2	 3927	 
14.00000	 51.89586	 2	 3928	 
16.00000	 51.89586	 1	 3929	 
18.00000	 51.89586	 1	 3930	 
20.00000	 51.89586	 2	 3931	 
22.00000	 51.89586	 1	 3932	 
24.00000	 51.89586	 1	 3933	 
26.00000	 51.89586	 2	 3934	 
28.00000	 51.89586	 2	 3935	 
30.00000	 51.89586	 2	 3936	 
32.00000	 51.89586	 2	 3937	 
34.00000	 51.89586	 2	 3938	 
36.00000	 51.89586	 2	 3939	 
38.00000	 51.89586	 2	 3940	 
40.00000	 51.89586	 2	 3941	 
42.00000	 51.89586	 2	 3942	 
44.00000	 51.89586	 2	 3943	 
46.00000	 51.89586	 2	 3944	 
48.00000	 51.89586	 2	 3945	 
50.00000	 51.89586	 2	 3946	 
52.00000	 51.89586	 2	 3947	 
54.00000	 51.89586	 2	 3948	 
56.00000	 51.89586	 2	 3949	 
58.00000	 51.89586	 4	 3950	 
60.00000	 51.89586	 4	 3951	 
62.00000	 51.89586	 2	 3952	 
64.00000	 51.89586	 2	 3953	 
66.00000	 51.89586	 2	 3954	 
68.00000	 51.89586	 4	 3955	 
70.00000	 51.89586	 4	 3956	 
72.00000	 51.89586	 2	 3957	 
74.00000	 51.89586	 2	 3958	 
76.00000	 51.89586	 2	 3959	 
78.00000	 51.89586	 2	 3960	 
80.00000	 51.89586	 2	 3961	 
82.00000	 51.89586	 2	 3962	 
84.00000	 51.89586	 2	 3963	 
86.00000	 51.89586	 2	 3964	 
88.00000	 51.89586	 2	 3965	 
90.00000	 51.89586	 2	 3966	 
92.00000	 51.89586	 2	 3967	 
94.00000	 51.89586	 2	 3968	 
96.00000	 51.89586	 2	 3969	 
98.00000	 51.89586	 2	 3970	 
100.00000	 51.89586	 2	 3971	 
102.00000	 51.89586	 2	 3972	 
104.00000	 51.89586	 2	 3973	 
106.00000	 51.89586	 2	 3974	 
108.00000	 51.89586	 2	 3975	 
110.00000	 51.89586	 2	 3976	 
112.00000	 51.89586	 2	 3977	 
114.00000	 51.89586	 2	 3978	 
116.00000	 51.89586	 2	 3979	 
118.00000	 51.89586	 2	 3980	 
120.00000	 51.89586	 2	 3981	 
122.00000	 51.89586	 2	 3982	 
124.00000	 51.89586	 2	 3983	 
126.00000	 51.89586	 2	 3984	 
128.00000	 51.89586	 2	 3985	 
130.00000	 51.89586	 2	 3986	 
132.00000	 51.89586	 2	 3987	 
134.00000	 51.89586	 2	 3988	 
136.00000	 51.89586	 2	 3989	 
138.00000	 51.89586	 2	 3990	 
140.00000	 51.89586	 2	 3991	 
-128.00000	 51.89586	 2	 4037	 
-126.00000	 51.89586	 1	 4038	 
-124.00000	 51.89586	 2	 4039	 
-122.00000	 51.89586	 2	 4040	 
-120.00000	 51.89586	 2	 4041	 
-118.00000	 51.89586	 1	 4042	 
-116.00000	 51.89586	 1	 4043	 
-114.00000	 51.89586	 2	 4044	 
-112.00000	 51.89586	 2	 4045	 
-110.00000	 51.89586	 2	 4046	 
-108.00000	 51.89586	 2	 4047	 
-106.00000	 51.89586	 2	 4048	 
-104.00000	 51.89586	 2	 4049	 
-102.00000	 51.89586	 2	 4050	 
-100.00000	 51.89586	 3	 4051	 
-98.00000	 51.89586	 3	 4052	 
-96.00000	 51.89586	 6	 4053	 
-94.00000	 51.89586	 1	 4054	 
-92.00000	 51.89586	 1	 4055	 
-90.00000	 51.89586	 1	 4056	 
-88.00000	 51.89586	 1	 4057	 
-86.00000	 51.89586	 6	 4058	 
-84.00000	 51.89586	 6	 4059	 
-82.00000	 51.89586	 6	 4060	 
-78.00000	 51.89586	 6	 4062	 
-76.00000	 51.89586	 1	 4063	 
-74.00000	 51.89586	 1	 4064	 
-72.00000	 51.89586	 1	 4065	 
-70.00000	 51.89586	 1	 4066	 
-68.00000	 51.89586	 1	 4067	 
-66.00000	 51.89586	 1	 4068	 
-64.00000	 51.89586	 1	 4069	 
-62.00000	 51.89586	 1	 4070	 
-60.00000	 51.89586	 1	 4071	 
-58.00000	 51.89586	 1	 4072	 
-4.00000	 51.89586	 2	 4099	 
-2.00000	 51.89586	 2	 4100	 
 0.00000	 50.96080	 2	 4101	 
 3.91304	 50.96080	 2	 4103	 
 5.86957	 50.96080	 2	 4104	 
 7.82609	 50.96080	 2	 4105	 
 9.78261	 50.96080	 2	 4106	 
11.73913	 50.96080	 2	 4107	 
13.69565	 50.96080	 2	 4108	 
15.65217	 50.96080	 2	 4109	 
17.60870	 50.96080	 1	 4110	 
19.56522	 50.96080	 1	 4111	 
21.52174	 50.96080	 2	 4112	 
23.47826	 50.96080	 2	 4113	 
25.43478	 50.96080	 2	 4114	 
27.39130	 50.96080	 2	 4115	 
29.34783	 50.96080	 2	 4116	 
31.30435	 50.96080	 2	 4117	 
33.26087	 50.96080	 2	 4118	 
35.21739	 50.96080	 2	 4119	 
37.17391	 50.96080	 2	 4120	 
39.13044	 50.96080	 2	 4121	 
41.08696	 50.96080	 2	 4122	 
43.04348	 50.96080	 2	 4123	 
45.00000	 50.96080	 2	 4124	 
46.95652	 50.96080	 2	 4125	 
48.91304	 50.96080	 2	 4126	 
50.86956	 50.96080	 2	 4127	 
52.82609	 50.96080	 2	 4128	 
54.78261	 50.96080	 2	 4129	 
56.73913	 50.96080	 2	 4130	 
58.69565	 50.96080	 2	 4131	 
60.65217	 50.96080	 2	 4132	 
62.60870	 50.96080	 2	 4133	 
64.56522	 50.96080	 2	 4134	 
66.52174	 50.96080	 2	 4135	 
68.47826	 50.96080	 2	 4136	 
70.43478	 50.96080	 2	 4137	 
72.39130	 50.96080	 2	 4138	 
74.34782	 50.96080	 2	 4139	 
76.30434	 50.96080	 2	 4140	 
78.26087	 50.96080	 2	 4141	 
80.21739	 50.96080	 2	 4142	 
82.17391	 50.96080	 2	 4143	 
84.13043	 50.96080	 2	 4144	 
86.08696	 50.96080	 2	 4145	 
88.04348	 50.96080	 2	 4146	 
90.00000	 50.96080	 2	 4147	 
91.95652	 50.96080	 2	 4148	 
93.91304	 50.96080	 2	 4149	 
95.86957	 50.96080	 2	 4150	 
97.82609	 50.96080	 2	 4151	 
99.78261	 50.96080	 2	 4152	 
101.73913	 50.96080	 2	 4153	 
103.69566	 50.96080	 2	 4154	 
105.65218	 50.96080	 2	 4155	 
107.60870	 50.96080	 2	 4156	 
109.56522	 50.96080	 2	 4157	 
111.52174	 50.96080	 2	 4158	 
113.47826	 50.96080	 2	 4159	 
115.43478	 50.96080	 4	 4160	 
117.39130	 50.96080	 2	 4161	 
119.34782	 50.96080	 2	 4162	 
121.30434	 50.96080	 2	 4163	 
123.26087	 50.96080	 2	 4164	 
125.21739	 50.96080	 2	 4165	 
127.17391	 50.96080	 2	 4166	 
129.13043	 50.96080	 2	 4167	 
131.08696	 50.96080	 2	 4168	 
133.04347	 50.96080	 2	 4169	 
135.00000	 50.96080	 2	 4170	 
136.95653	 50.96080	 2	 4171	 
138.91304	 50.96080	 2	 4172	 
142.82608	 50.96080	 2	 4174	 
-127.17392	 50.96080	 2	 4220	 
-125.21739	 50.96080	 2	 4221	 
-123.26086	 50.96080	 1	 4222	 
-121.30435	 50.96080	 2	 4223	 
-119.34782	 50.96080	 2	 4224	 
-117.39131	 50.96080	 2	 4225	 
-115.43478	 50.96080	 2	 4226	 
-113.47826	 50.96080	 2	 4227	 
-111.52174	 50.96080	 2	 4228	 
-109.56522	 50.96080	 2	 4229	 
-107.60869	 50.96080	 2	 4230	 
-105.65218	 50.96080	 2	 4231	 
-103.69565	 50.96080	 3	 4232	 
-101.73914	 50.96080	 2	 4233	 
-99.78262	 50.96080	 2	 4234	 
-97.82608	 50.96080	 2	 4235	 
-95.86957	 50.96080	 6	 4236	 
-93.91306	 50.96080	 1	 4237	 
-91.95651	 50.96080	 1	 4238	 
-90.00000	 50.96080	 1	 4239	 
-88.04349	 50.96080	 1	 4240	 
-86.08694	 50.96080	 6	 4241	 
-84.13043	 50.96080	 6	 4242	 
-82.17392	 50.96080	 6	 4243	 
-80.21738	 50.96080	 6	 4244	 
-78.26086	 50.96080	 6	 4245	 
-76.30435	 50.96080	 1	 4246	 
-74.34784	 50.96080	 1	 4247	 
-72.39130	 50.96080	 1	 4248	 
-70.43478	 50.96080	 1	 4249	 
-68.47827	 50.96080	 1	 4250	 
-66.52173	 50.96080	 1	 4251	 
-64.56522	 50.96080	 1	 4252	 
-62.60870	 50.96080	 1	 4253	 
-60.65216	 50.96080	 1	 4254	 
-3.91306	 50.96080	 2	 4283	 
-1.95651	 50.96080	 2	 4284	 
 1.91489	 50.02574	 2	 4286	 
 3.82979	 50.02574	 2	 4287	 
 5.74468	 50.02574	 2	 4288	 
 7.65957	 50.02574	 2	 4289	 
 9.57447	 50.02574	 2	 4290	 
11.48936	 50.02574	 2	 4291	 
13.40425	 50.02574	 2	 4292	 
15.31915	 50.02574	 2	 4293	 
17.23404	 50.02574	 2	 4294	 
19.14894	 50.02574	 2	 4295	 
21.06383	 50.02574	 2	 4296	 
22.97872	 50.02574	 2	 4297	 
24.89362	 50.02574	 2	 4298	 
26.80851	 50.02574	 2	 4299	 
28.72340	 50.02574	 2	 4300	 
30.63830	 50.02574	 2	 4301	 
32.55319	 50.02574	 2	 4302	 
34.46809	 50.02574	 2	 4303	 
36.38298	 50.02574	 2	 4304	 
38.29787	 50.02574	 2	 4305	 
40.21276	 50.02574	 2	 4306	 
42.12766	 50.02574	 2	 4307	 
44.04255	 50.02574	 2	 4308	 
45.95745	 50.02574	 2	 4309	 
47.87234	 50.02574	 3	 4310	 
49.78724	 50.02574	 3	 4311	 
51.70213	 50.02574	 2	 4312	 
53.61702	 50.02574	 2	 4313	 
55.53191	 50.02574	 2	 4314	 
57.44681	 50.02574	 2	 4315	 
59.36170	 50.02574	 2	 4316	 
61.27660	 50.02574	 2	 4317	 
63.19149	 50.02574	 2	 4318	 
65.10638	 50.02574	 2	 4319	 
67.02128	 50.02574	 2	 4320	 
68.93617	 50.02574	 2	 4321	 
70.85107	 50.02574	 2	 4322	 
72.76596	 50.02574	 2	 4323	 
74.68085	 50.02574	 2	 4324	 
76.59574	 50.02574	 2	 4325	 
78.51064	 50.02574	 4	 4326	 
80.42553	 50.02574	 4	 4327	 
82.34042	 50.02574	 2	 4328	 
84.25532	 50.02574	 2	 4329	 
86.17021	 50.02574	 2	 4330	 
88.08511	 50.02574	 2	 4331	 
90.00000	 50.02574	 2	 4332	 
91.91489	 50.02574	 2	 4333	 
93.82979	 50.02574	 2	 4334	 
95.74468	 50.02574	 2	 4335	 
97.65958	 50.02574	 3	 4336	 
99.57447	 50.02574	 3	 4337	 
101.48936	 50.02574	 2	 4338	 
103.40426	 50.02574	 2	 4339	 
105.31915	 50.02574	 3	 4340	 
107.23404	 50.02574	 2	 4341	 
109.14893	 50.02574	 2	 4342	 
111.06383	 50.02574	 2	 4343	 
112.97872	 50.02574	 2	 4344	 
114.89362	 50.02574	 2	 4345	 
116.80851	 50.02574	 2	 4346	 
118.72340	 50.02574	 2	 4347	 
120.63830	 50.02574	 2	 4348	 
122.55319	 50.02574	 2	 4349	 
124.46809	 50.02574	 2	 4350	 
126.38298	 50.02574	 2	 4351	 
128.29787	 50.02574	 2	 4352	 
130.21277	 50.02574	 2	 4353	 
132.12766	 50.02574	 2	 4354	 
134.04256	 50.02574	 2	 4355	 
135.95744	 50.02574	 2	 4356	 
137.87234	 50.02574	 2	 4357	 
139.78723	 50.02574	 2	 4358	 
143.61702	 50.02574	 2	 4360	 
-126.38298	 50.02574	 2	 4407	 
-124.46808	 50.02574	 2	 4408	 
-122.55319	 50.02574	 2	 4409	 
-120.63829	 50.02574	 2	 4410	 
-118.72340	 50.02574	 2	 4411	 
-116.80852	 50.02574	 2	 4412	 
-114.89362	 50.02574	 2	 4413	 
-112.97873	 50.02574	 2	 4414	 
-111.06383	 50.02574	 2	 4415	 
-109.14894	 50.02574	 2	 4416	 
-107.23404	 50.02574	 2	 4417	 
-105.31915	 50.02574	 2	 4418	 
-103.40427	 50.02574	 2	 4419	 
-101.48935	 50.02574	 2	 4420	 
-99.57446	 50.02574	 2	 4421	 
-97.65958	 50.02574	 4	 4422	 
-95.74469	 50.02574	 6	 4423	 
-93.82977	 50.02574	 1	 4424	 
-91.91489	 50.02574	 1	 4425	 
-90.00000	 50.02574	 1	 4426	 
-88.08511	 50.02574	 1	 4427	 
-86.17023	 50.02574	 1	 4428	 
-84.25531	 50.02574	 1	 4429	 
-82.34042	 50.02574	 6	 4430	 
-80.42554	 50.02574	 1	 4431	 
-78.51065	 50.02574	 6	 4432	 
-76.59573	 50.02574	 1	 4433	 
-74.68085	 50.02574	 1	 4434	 
-72.76596	 50.02574	 1	 4435	 
-70.85107	 50.02574	 1	 4436	 
-68.93616	 50.02574	 1	 4437	 
-67.02127	 50.02574	 1	 4438	 
-57.44681	 50.02574	 2	 4443	 
 0.00000	 49.09069	 3	 4473	 
 1.87500	 49.09069	 2	 4474	 
 3.75000	 49.09069	 2	 4475	 
 5.62500	 49.09069	 3	 4476	 
 7.50000	 49.09069	 2	 4477	 
 9.37500	 49.09069	 2	 4478	 
11.25000	 49.09069	 2	 4479	 
13.12500	 49.09069	 2	 4480	 
15.00000	 49.09069	 2	 4481	 
16.87500	 49.09069	 2	 4482	 
18.75000	 49.09069	 2	 4483	 
20.62500	 49.09069	 2	 4484	 
22.50000	 49.09069	 2	 4485	 
24.37500	 49.09069	 2	 4486	 
26.25000	 49.09069	 2	 4487	 
28.12500	 49.09069	 2	 4488	 
30.00000	 49.09069	 2	 4489	 
31.87500	 49.09069	 2	 4490	 
33.75000	 49.09069	 2	 4491	 
35.62500	 49.09069	 2	 4492	 
37.50000	 49.09069	 2	 4493	 
39.37500	 49.09069	 2	 4494	 
41.25000	 49.09069	 2	 4495	 
43.12500	 49.09069	 2	 4496	 
45.00000	 49.09069	 2	 4497	 
46.87500	 49.09069	 3	 4498	 
48.75000	 49.09069	 2	 4499	 
50.62500	 49.09069	 2	 4500	 
52.50000	 49.09069	 2	 4501	 
54.37500	 49.09069	 2	 4502	 
56.25000	 49.09069	 2	 4503	 
58.12500	 49.09069	 2	 4504	 
60.00000	 49.09069	 2	 4505	 
61.87500	 49.09069	 2	 4506	 
63.75000	 49.09069	 2	 4507	 
65.62500	 49.09069	 2	 4508	 
67.50000	 49.09069	 2	 4509	 
69.37500	 49.09069	 2	 4510	 
71.25000	 49.09069	 2	 4511	 
73.12500	 49.09069	 2	 4512	 
75.00000	 49.09069	 2	 4513	 
76.87500	 49.09069	 2	 4514	 
78.75000	 49.09069	 2	 4515	 
80.62500	 49.09069	 4	 4516	 
82.50000	 49.09069	 3	 4517	 
84.37500	 49.09069	 2	 4518	 
86.25000	 49.09069	 2	 4519	 
88.12500	 49.09069	 3	 4520	 
90.00000	 49.09069	 3	 4521	 
91.87500	 49.09069	 2	 4522	 
93.75000	 49.09069	 2	 4523	 
95.62500	 49.09069	 2	 4524	 
97.50000	 49.09069	 3	 4525	 
99.37500	 49.09069	 3	 4526	 
101.25000	 49.09069	 3	 4527	 
103.12500	 49.09069	 3	 4528	 
105.00000	 49.09069	 3	 4529	 
106.87500	 49.09069	 2	 4530	 
108.75000	 49.09069	 2	 4531	 
110.62500	 49.09069	 2	 4532	 
112.50000	 49.09069	 3	 4533	 
114.37500	 49.09069	 2	 4534	 
116.25000	 49.09069	 2	 4535	 
118.12500	 49.09069	 2	 4536	 
120.00000	 49.09069	 2	 4537	 
121.87500	 49.09069	 2	 4538	 
123.75000	 49.09069	 2	 4539	 
125.62500	 49.09069	 3	 4540	 
127.50000	 49.09069	 3	 4541	 
129.37500	 49.09069	 3	 4542	 
131.25000	 49.09069	 2	 4543	 
133.12500	 49.09069	 2	 4544	 
135.00000	 49.09069	 2	 4545	 
136.87500	 49.09069	 2	 4546	 
138.75000	 49.09069	 2	 4547	 
142.50000	 49.09069	 2	 4549	 
-121.87500	 49.09069	 2	 4600	 
-120.00000	 49.09069	 2	 4601	 
-118.12500	 49.09069	 2	 4602	 
-116.25000	 49.09069	 2	 4603	 
-114.37500	 49.09069	 2	 4604	 
-112.50000	 49.09069	 2	 4605	 
-110.62500	 49.09069	 2	 4606	 
-108.75000	 49.09069	 2	 4607	 
-106.87500	 49.09069	 2	 4608	 
-105.00000	 49.09069	 2	 4609	 
-103.12500	 49.09069	 2	 4610	 
-101.25000	 49.09069	 2	 4611	 
-99.37500	 49.09069	 2	 4612	 
-97.50000	 49.09069	 4	 4613	 
-95.62500	 49.09069	 6	 4614	 
-93.75000	 49.09069	 1	 4615	 
-91.87500	 49.09069	 1	 4616	 
-90.00000	 49.09069	 1	 4617	 
-88.12500	 49.09069	 1	 4618	 
-86.25000	 49.09069	 1	 4619	 
-84.37500	 49.09069	 1	 4620	 
-82.50000	 49.09069	 1	 4621	 
-80.62500	 49.09069	 1	 4622	 
-78.75000	 49.09069	 1	 4623	 
-76.87500	 49.09069	 1	 4624	 
-75.00000	 49.09069	 1	 4625	 
-73.12500	 49.09069	 1	 4626	 
-71.25000	 49.09069	 1	 4627	 
-69.37500	 49.09069	 1	 4628	 
-65.62500	 49.09069	 2	 4630	 
-56.25000	 49.09069	 2	 4635	 
-54.37500	 49.09069	 2	 4636	 
 0.00000	 48.15563	 3	 4665	 
 1.83673	 48.15563	 2	 4666	 
 3.67347	 48.15563	 2	 4667	 
 5.51020	 48.15563	 3	 4668	 
 7.34694	 48.15563	 2	 4669	 
 9.18367	 48.15563	 2	 4670	 
11.02041	 48.15563	 2	 4671	 
12.85714	 48.15563	 2	 4672	 
14.69388	 48.15563	 2	 4673	 
16.53061	 48.15563	 2	 4674	 
18.36735	 48.15563	 2	 4675	 
20.20408	 48.15563	 2	 4676	 
22.04082	 48.15563	 3	 4677	 
23.87755	 48.15563	 2	 4678	 
25.71428	 48.15563	 2	 4679	 
27.55102	 48.15563	 2	 4680	 
29.38775	 48.15563	 2	 4681	 
31.22449	 48.15563	 2	 4682	 
33.06123	 48.15563	 2	 4683	 
34.89796	 48.15563	 2	 4684	 
36.73470	 48.15563	 2	 4685	 
38.57143	 48.15563	 2	 4686	 
40.40816	 48.15563	 2	 4687	 
42.24490	 48.15563	 2	 4688	 
44.08163	 48.15563	 2	 4689	 
45.91837	 48.15563	 3	 4690	 
47.75510	 48.15563	 2	 4691	 
49.59184	 48.15563	 6	 4692	 
51.42857	 48.15563	 2	 4693	 
53.26530	 48.15563	 1	 4694	 
55.10204	 48.15563	 1	 4695	 
56.93877	 48.15563	 2	 4696	 
58.77551	 48.15563	 2	 4697	 
60.61224	 48.15563	 2	 4698	 
62.44898	 48.15563	 2	 4699	 
64.28571	 48.15563	 2	 4700	 
66.12245	 48.15563	 2	 4701	 
67.95918	 48.15563	 2	 4702	 
69.79592	 48.15563	 4	 4703	 
71.63265	 48.15563	 4	 4704	 
73.46939	 48.15563	 4	 4705	 
75.30612	 48.15563	 4	 4706	 
77.14286	 48.15563	 4	 4707	 
78.97959	 48.15563	 2	 4708	 
80.81633	 48.15563	 2	 4709	 
82.65306	 48.15563	 2	 4710	 
84.48980	 48.15563	 2	 4711	 
86.32653	 48.15563	 2	 4712	 
88.16327	 48.15563	 3	 4713	 
90.00000	 48.15563	 3	 4714	 
91.83673	 48.15563	 2	 4715	 
93.67347	 48.15563	 2	 4716	 
95.51020	 48.15563	 2	 4717	 
97.34694	 48.15563	 3	 4718	 
99.18367	 48.15563	 2	 4719	 
101.02041	 48.15563	 3	 4720	 
102.85714	 48.15563	 3	 4721	 
104.69388	 48.15563	 2	 4722	 
106.53061	 48.15563	 3	 4723	 
108.36735	 48.15563	 2	 4724	 
110.20408	 48.15563	 3	 4725	 
112.04082	 48.15563	 2	 4726	 
113.87755	 48.15563	 2	 4727	 
115.71429	 48.15563	 2	 4728	 
117.55102	 48.15563	 2	 4729	 
119.38776	 48.15563	 2	 4730	 
121.22449	 48.15563	 2	 4731	 
123.06123	 48.15563	 2	 4732	 
124.89796	 48.15563	 3	 4733	 
126.73470	 48.15563	 3	 4734	 
128.57143	 48.15563	 2	 4735	 
130.40816	 48.15563	 2	 4736	 
132.24490	 48.15563	 2	 4737	 
134.08163	 48.15563	 3	 4738	 
135.91837	 48.15563	 2	 4739	 
137.75510	 48.15563	 2	 4740	 
-121.22449	 48.15563	 2	 4795	 
-119.38776	 48.15563	 2	 4796	 
-117.55103	 48.15563	 2	 4797	 
-115.71428	 48.15563	 2	 4798	 
-113.87755	 48.15563	 2	 4799	 
-112.04082	 48.15563	 2	 4800	 
-110.20409	 48.15563	 2	 4801	 
-108.36734	 48.15563	 2	 4802	 
-106.53061	 48.15563	 2	 4803	 
-104.69388	 48.15563	 2	 4804	 
-102.85715	 48.15563	 2	 4805	 
-101.02042	 48.15563	 2	 4806	 
-99.18369	 48.15563	 2	 4807	 
-97.34692	 48.15563	 2	 4808	 
-95.51019	 48.15563	 6	 4809	 
-93.67346	 48.15563	 6	 4810	 
-91.83673	 48.15563	 1	 4811	 
-90.00000	 48.15563	 1	 4812	 
-88.16327	 48.15563	 1	 4813	 
-86.32654	 48.15563	 1	 4814	 
-84.48981	 48.15563	 1	 4815	 
-82.65308	 48.15563	 1	 4816	 
-80.81631	 48.15563	 1	 4817	 
-78.97958	 48.15563	 1	 4818	 
-77.14285	 48.15563	 1	 4819	 
-75.30612	 48.15563	 1	 4820	 
-73.46939	 48.15563	 1	 4821	 
-71.63266	 48.15563	 1	 4822	 
-69.79593	 48.15563	 1	 4823	 
-67.95920	 48.15563	 4	 4824	 
-66.12244	 48.15563	 2	 4825	 
-58.77551	 48.15563	 2	 4829	 
-56.93878	 48.15563	 2	 4830	 
-55.10205	 48.15563	 2	 4831	 
-3.67346	 48.15563	 2	 4859	 
-1.83673	 48.15563	 3	 4860	 
 0.00000	 47.22057	 3	 4861	 
 1.80000	 47.22057	 3	 4862	 
 3.60000	 47.22057	 2	 4863	 
 5.40000	 47.22057	 3	 4864	 
 7.20000	 47.22057	 2	 4865	 
 9.00000	 47.22057	 2	 4866	 
10.80000	 47.22057	 2	 4867	 
12.60000	 47.22057	 2	 4868	 
14.40000	 47.22057	 2	 4869	 
16.20000	 47.22057	 2	 4870	 
18.00000	 47.22057	 2	 4871	 
19.80000	 47.22057	 3	 4872	 
21.60000	 47.22057	 3	 4873	 
23.40000	 47.22057	 3	 4874	 
25.20000	 47.22057	 2	 4875	 
27.00000	 47.22057	 2	 4876	 
28.80000	 47.22057	 2	 4877	 
30.60000	 47.22057	 2	 4878	 
32.40000	 47.22057	 2	 4879	 
34.20000	 47.22057	 2	 4880	 
36.00000	 47.22057	 2	 4881	 
37.80000	 47.22057	 2	 4882	 
39.60000	 47.22057	 2	 4883	 
41.40000	 47.22057	 2	 4884	 
43.20000	 47.22057	 2	 4885	 
45.00000	 47.22057	 3	 4886	 
46.80000	 47.22057	 2	 4887	 
48.60000	 47.22057	 6	 4888	 
50.40000	 47.22057	 6	 4889	 
52.20000	 47.22057	 4	 4890	 
54.00000	 47.22057	 1	 4891	 
55.80000	 47.22057	 2	 4892	 
57.60000	 47.22057	 2	 4893	 
59.40000	 47.22057	 2	 4894	 
61.20000	 47.22057	 1	 4895	 
63.00000	 47.22057	 1	 4896	 
64.80000	 47.22057	 2	 4897	 
66.60000	 47.22057	 2	 4898	 
68.40000	 47.22057	 2	 4899	 
70.20000	 47.22057	 2	 4900	 
72.00000	 47.22057	 2	 4901	 
73.80000	 47.22057	 2	 4902	 
75.60000	 47.22057	 2	 4903	 
77.40000	 47.22057	 2	 4904	 
79.20000	 47.22057	 2	 4905	 
81.00000	 47.22057	 2	 4906	 
82.80000	 47.22057	 3	 4907	 
84.60000	 47.22057	 3	 4908	 
86.40000	 47.22057	 3	 4909	 
88.20000	 47.22057	 2	 4910	 
90.00000	 47.22057	 3	 4911	 
91.80000	 47.22057	 3	 4912	 
93.60000	 47.22057	 2	 4913	 
95.40000	 47.22057	 2	 4914	 
97.20000	 47.22057	 3	 4915	 
99.00000	 47.22057	 3	 4916	 
100.80000	 47.22057	 3	 4917	 
102.60000	 47.22057	 2	 4918	 
104.40000	 47.22057	 2	 4919	 
106.20000	 47.22057	 2	 4920	 
108.00000	 47.22057	 2	 4921	 
109.80000	 47.22057	 2	 4922	 
111.60000	 47.22057	 2	 4923	 
113.40000	 47.22057	 2	 4924	 
115.20000	 47.22057	 2	 4925	 
117.00000	 47.22057	 2	 4926	 
118.80000	 47.22057	 2	 4927	 
120.60000	 47.22057	 2	 4928	 
122.40000	 47.22057	 2	 4929	 
124.20000	 47.22057	 3	 4930	 
126.00000	 47.22057	 3	 4931	 
127.80000	 47.22057	 3	 4932	 
129.60001	 47.22057	 2	 4933	 
131.39999	 47.22057	 2	 4934	 
133.20000	 47.22057	 2	 4935	 
135.00000	 47.22057	 2	 4936	 
136.80000	 47.22057	 2	 4937	 
142.20000	 47.22057	 2	 4940	 
-124.20000	 47.22057	 2	 4992	 
-122.39999	 47.22057	 2	 4993	 
-120.60001	 47.22057	 2	 4994	 
-118.80000	 47.22057	 2	 4995	 
-117.00000	 47.22057	 2	 4996	 
-115.20000	 47.22057	 2	 4997	 
-113.39999	 47.22057	 2	 4998	 
-111.60001	 47.22057	 2	 4999	 
-109.80000	 47.22057	 2	 5000	 
-108.00000	 47.22057	 2	 5001	 
-106.20000	 47.22057	 2	 5002	 
-104.39999	 47.22057	 2	 5003	 
-102.60001	 47.22057	 2	 5004	 
-100.79999	 47.22057	 2	 5005	 
-99.00000	 47.22057	 2	 5006	 
-97.20001	 47.22057	 2	 5007	 
-95.39999	 47.22057	 2	 5008	 
-93.60001	 47.22057	 2	 5009	 
-91.79999	 47.22057	 2	 5010	 
-90.00000	 47.22057	 1	 5011	 
-88.20001	 47.22057	 1	 5012	 
-86.39999	 47.22057	 1	 5013	 
-84.60001	 47.22057	 1	 5014	 
-82.79999	 47.22057	 1	 5015	 
-81.00000	 47.22057	 1	 5016	 
-79.20001	 47.22057	 1	 5017	 
-77.39999	 47.22057	 1	 5018	 
-75.60001	 47.22057	 1	 5019	 
-73.79999	 47.22057	 1	 5020	 
-72.00000	 47.22057	 1	 5021	 
-70.20001	 47.22057	 2	 5022	 
-68.39999	 47.22057	 2	 5023	 
-66.60001	 47.22057	 2	 5024	 
-1.79999	 47.22057	 2	 5060	 
 0.00000	 46.28551	 3	 5061	 
 1.76471	 46.28551	 2	 5062	 
 3.52941	 46.28551	 2	 5063	 
 5.29412	 46.28551	 3	 5064	 
 7.05882	 46.28551	 2	 5065	 
 8.82353	 46.28551	 1	 5066	 
10.58823	 46.28551	 1	 5067	 
12.35294	 46.28551	 2	 5068	 
14.11765	 46.28551	 2	 5069	 
15.88235	 46.28551	 2	 5070	 
17.64706	 46.28551	 2	 5071	 
19.41176	 46.28551	 1	 5072	 
21.17647	 46.28551	 3	 5073	 
22.94118	 46.28551	 2	 5074	 
24.70588	 46.28551	 3	 5075	 
26.47059	 46.28551	 2	 5076	 
28.23529	 46.28551	 2	 5077	 
30.00000	 46.28551	 2	 5078	 
33.52941	 46.28551	 2	 5080	 
38.82353	 46.28551	 2	 5083	 
40.58823	 46.28551	 2	 5084	 
42.35294	 46.28551	 2	 5085	 
44.11765	 46.28551	 2	 5086	 
45.88235	 46.28551	 2	 5087	 
47.64706	 46.28551	 4	 5088	 
49.41177	 46.28551	 4	 5089	 
51.17647	 46.28551	 4	 5090	 
52.94118	 46.28551	 4	 5091	 
54.70588	 46.28551	 4	 5092	 
56.47059	 46.28551	 2	 5093	 
58.23529	 46.28551	 2	 5094	 
60.00000	 46.28551	 1	 5095	 
61.76471	 46.28551	 3	 5096	 
63.52941	 46.28551	 3	 5097	 
65.29412	 46.28551	 2	 5098	 
67.05882	 46.28551	 2	 5099	 
68.82353	 46.28551	 2	 5100	 
70.58823	 46.28551	 2	 5101	 
72.35294	 46.28551	 2	 5102	 
74.11765	 46.28551	 6	 5103	 
75.88235	 46.28551	 6	 5104	 
77.64706	 46.28551	 6	 5105	 
79.41177	 46.28551	 6	 5106	 
81.17647	 46.28551	 2	 5107	 
82.94118	 46.28551	 2	 5108	 
84.70588	 46.28551	 2	 5109	 
86.47059	 46.28551	 2	 5110	 
88.23529	 46.28551	 2	 5111	 
90.00000	 46.28551	 2	 5112	 
91.76471	 46.28551	 3	 5113	 
93.52941	 46.28551	 2	 5114	 
95.29412	 46.28551	 2	 5115	 
97.05882	 46.28551	 2	 5116	 
98.82353	 46.28551	 2	 5117	 
100.58823	 46.28551	 2	 5118	 
102.35294	 46.28551	 3	 5119	 
104.11765	 46.28551	 3	 5120	 
105.88235	 46.28551	 2	 5121	 
107.64706	 46.28551	 2	 5122	 
109.41177	 46.28551	 2	 5123	 
111.17647	 46.28551	 2	 5124	 
112.94118	 46.28551	 2	 5125	 
114.70588	 46.28551	 2	 5126	 
116.47059	 46.28551	 2	 5127	 
118.23529	 46.28551	 2	 5128	 
120.00000	 46.28551	 2	 5129	 
121.76471	 46.28551	 2	 5130	 
123.52941	 46.28551	 3	 5131	 
125.29412	 46.28551	 3	 5132	 
127.05882	 46.28551	 3	 5133	 
128.82353	 46.28551	 2	 5134	 
130.58824	 46.28551	 2	 5135	 
132.35294	 46.28551	 2	 5136	 
134.11765	 46.28551	 2	 5137	 
135.88235	 46.28551	 2	 5138	 
137.64706	 46.28551	 2	 5139	 
-123.52942	 46.28551	 2	 5195	 
-121.76471	 46.28551	 2	 5196	 
-120.00000	 46.28551	 2	 5197	 
-118.23529	 46.28551	 2	 5198	 
-116.47058	 46.28551	 2	 5199	 
-114.70589	 46.28551	 2	 5200	 
-112.94118	 46.28551	 2	 5201	 
-111.17647	 46.28551	 2	 5202	 
-109.41176	 46.28551	 2	 5203	 
-107.64706	 46.28551	 2	 5204	 
-105.88235	 46.28551	 2	 5205	 
-104.11765	 46.28551	 2	 5206	 
-102.35294	 46.28551	 2	 5207	 
-100.58823	 46.28551	 2	 5208	 
-98.82352	 46.28551	 2	 5209	 
-97.05884	 46.28551	 2	 5210	 
-95.29413	 46.28551	 2	 5211	 
-93.52942	 46.28551	 2	 5212	 
-91.76471	 46.28551	 1	 5213	 
-90.00000	 46.28551	 1	 5214	 
-88.23529	 46.28551	 1	 5215	 
-86.47058	 46.28551	 1	 5216	 
-84.70587	 46.28551	 1	 5217	 
-82.94116	 46.28551	 1	 5218	 
-81.17648	 46.28551	 1	 5219	 
-79.41177	 46.28551	 1	 5220	 
-77.64706	 46.28551	 1	 5221	 
-75.88235	 46.28551	 2	 5222	 
-74.11765	 46.28551	 1	 5223	 
-72.35294	 46.28551	 2	 5224	 
-70.58823	 46.28551	 2	 5225	 
-68.82352	 46.28551	 1	 5226	 
-67.05884	 46.28551	 2	 5227	 
-65.29413	 46.28551	 3	 5228	 
 0.00000	 45.35045	 3	 5265	 
 1.73077	 45.35045	 2	 5266	 
 3.46154	 45.35045	 2	 5267	 
 5.19231	 45.35045	 2	 5268	 
 6.92308	 45.35045	 4	 5269	 
 8.65385	 45.35045	 4	 5270	 
10.38461	 45.35045	 2	 5271	 
12.11539	 45.35045	 3	 5272	 
15.57692	 45.35045	 2	 5274	 
17.30769	 45.35045	 2	 5275	 
19.03846	 45.35045	 2	 5276	 
20.76923	 45.35045	 2	 5277	 
22.50000	 45.35045	 2	 5278	 
24.23077	 45.35045	 2	 5279	 
25.96154	 45.35045	 2	 5280	 
27.69231	 45.35045	 2	 5281	 
29.42308	 45.35045	 2	 5282	 
34.61538	 45.35045	 2	 5285	 
38.07692	 45.35045	 2	 5287	 
39.80769	 45.35045	 2	 5288	 
41.53846	 45.35045	 2	 5289	 
43.26923	 45.35045	 2	 5290	 
45.00000	 45.35045	 2	 5291	 
46.73077	 45.35045	 2	 5292	 
48.46154	 45.35045	 4	 5293	 
50.19231	 45.35045	 2	 5294	 
51.92308	 45.35045	 4	 5295	 
53.65385	 45.35045	 4	 5296	 
55.38462	 45.35045	 4	 5297	 
57.11538	 45.35045	 3	 5298	 
58.84615	 45.35045	 1	 5299	 
60.57692	 45.35045	 1	 5300	 
62.30769	 45.35045	 3	 5301	 
64.03846	 45.35045	 4	 5302	 
65.76923	 45.35045	 4	 5303	 
67.50000	 45.35045	 2	 5304	 
69.23077	 45.35045	 2	 5305	 
70.96154	 45.35045	 2	 5306	 
72.69231	 45.35045	 2	 5307	 
74.42308	 45.35045	 6	 5308	 
76.15385	 45.35045	 6	 5309	 
77.88461	 45.35045	 2	 5310	 
79.61539	 45.35045	 3	 5311	 
81.34615	 45.35045	 3	 5312	 
83.07692	 45.35045	 3	 5313	 
84.80769	 45.35045	 2	 5314	 
86.53846	 45.35045	 6	 5315	 
88.26923	 45.35045	 2	 5316	 
90.00000	 45.35045	 2	 5317	 
91.73077	 45.35045	 2	 5318	 
93.46154	 45.35045	 2	 5319	 
95.19231	 45.35045	 2	 5320	 
96.92308	 45.35045	 2	 5321	 
98.65385	 45.35045	 2	 5322	 
100.38461	 45.35045	 2	 5323	 
102.11539	 45.35045	 2	 5324	 
103.84615	 45.35045	 2	 5325	 
105.57692	 45.35045	 2	 5326	 
107.30769	 45.35045	 2	 5327	 
109.03846	 45.35045	 2	 5328	 
110.76923	 45.35045	 2	 5329	 
112.50000	 45.35045	 2	 5330	 
114.23077	 45.35045	 2	 5331	 
115.96154	 45.35045	 2	 5332	 
117.69231	 45.35045	 3	 5333	 
119.42308	 45.35045	 2	 5334	 
121.15385	 45.35045	 2	 5335	 
122.88461	 45.35045	 3	 5336	 
124.61539	 45.35045	 3	 5337	 
126.34615	 45.35045	 3	 5338	 
128.07692	 45.35045	 3	 5339	 
129.80769	 45.35045	 2	 5340	 
131.53847	 45.35045	 2	 5341	 
133.26923	 45.35045	 2	 5342	 
135.00000	 45.35045	 2	 5343	 
-122.88461	 45.35045	 2	 5402	 
-121.15384	 45.35045	 2	 5403	 
-119.42308	 45.35045	 2	 5404	 
-117.69231	 45.35045	 2	 5405	 
-115.96153	 45.35045	 2	 5406	 
-114.23077	 45.35045	 2	 5407	 
-112.50000	 45.35045	 2	 5408	 
-110.76923	 45.35045	 2	 5409	 
-109.03847	 45.35045	 2	 5410	 
-107.30769	 45.35045	 2	 5411	 
-105.57692	 45.35045	 2	 5412	 
-103.84616	 45.35045	 2	 5413	 
-102.11539	 45.35045	 2	 5414	 
-100.38461	 45.35045	 2	 5415	 
-98.65384	 45.35045	 2	 5416	 
-96.92307	 45.35045	 2	 5417	 
-95.19232	 45.35045	 2	 5418	 
-93.46155	 45.35045	 2	 5419	 
-91.73077	 45.35045	 2	 5420	 
-90.00000	 45.35045	 2	 5421	 
-88.26923	 45.35045	 1	 5422	 
-86.53845	 45.35045	 1	 5423	 
-84.80768	 45.35045	 1	 5424	 
-83.07693	 45.35045	 1	 5425	 
-81.34616	 45.35045	 1	 5426	 
-79.61539	 45.35045	 1	 5427	 
-77.88461	 45.35045	 1	 5428	 
-76.15384	 45.35045	 2	 5429	 
-74.42307	 45.35045	 2	 5430	 
-72.69232	 45.35045	 2	 5431	 
-70.96155	 45.35045	 1	 5432	 
-69.23077	 45.35045	 1	 5433	 
-67.50000	 45.35045	 2	 5434	 
-64.03845	 45.35045	 2	 5436	 
-62.30768	 45.35045	 2	 5437	 
 0.00000	 44.41539	 1	 5473	 
 1.69811	 44.41539	 3	 5474	 
 3.39623	 44.41539	 2	 5475	 
 5.09434	 44.41539	 2	 5476	 
 6.79245	 44.41539	 2	 5477	 
 8.49057	 44.41539	 2	 5478	 
10.18868	 44.41539	 3	 5479	 
11.88679	 44.41539	 3	 5480	 
16.98113	 44.41539	 2	 5483	 
18.67924	 44.41539	 2	 5484	 
20.37736	 44.41539	 2	 5485	 
22.07547	 44.41539	 2	 5486	 
23.77358	 44.41539	 3	 5487	 
25.47170	 44.41539	 2	 5488	 
27.16981	 44.41539	 2	 5489	 
39.05660	 44.41539	 2	 5496	 
40.75472	 44.41539	 2	 5497	 
42.45283	 44.41539	 2	 5498	 
44.15094	 44.41539	 2	 5499	 
45.84906	 44.41539	 2	 5500	 
47.54717	 44.41539	 2	 5501	 
49.24528	 44.41539	 2	 5502	 
50.94340	 44.41539	 2	 5503	 
52.64151	 44.41539	 2	 5504	 
54.33962	 44.41539	 3	 5505	 
56.03773	 44.41539	 3	 5506	 
57.73585	 44.41539	 3	 5507	 
59.43396	 44.41539	 1	 5508	 
61.13208	 44.41539	 1	 5509	 
62.83019	 44.41539	 4	 5510	 
64.52831	 44.41539	 4	 5511	 
66.22642	 44.41539	 4	 5512	 
67.92453	 44.41539	 4	 5513	 
69.62264	 44.41539	 6	 5514	 
71.32076	 44.41539	 6	 5515	 
73.01887	 44.41539	 4	 5516	 
74.71698	 44.41539	 2	 5517	 
76.41509	 44.41539	 2	 5518	 
78.11320	 44.41539	 1	 5519	 
79.81132	 44.41539	 3	 5520	 
81.50944	 44.41539	 3	 5521	 
83.20755	 44.41539	 3	 5522	 
84.90566	 44.41539	 3	 5523	 
86.60378	 44.41539	 2	 5524	 
88.30189	 44.41539	 6	 5525	 
90.00000	 44.41539	 2	 5526	 
91.69811	 44.41539	 2	 5527	 
93.39622	 44.41539	 2	 5528	 
95.09434	 44.41539	 2	 5529	 
96.79245	 44.41539	 2	 5530	 
98.49056	 44.41539	 2	 5531	 
100.18868	 44.41539	 2	 5532	 
101.88680	 44.41539	 2	 5533	 
103.58491	 44.41539	 2	 5534	 
105.28302	 44.41539	 2	 5535	 
106.98113	 44.41539	 2	 5536	 
108.67924	 44.41539	 2	 5537	 
110.37736	 44.41539	 2	 5538	 
112.07547	 44.41539	 2	 5539	 
113.77358	 44.41539	 2	 5540	 
115.47169	 44.41539	 2	 5541	 
117.16982	 44.41539	 2	 5542	 
118.86793	 44.41539	 2	 5543	 
120.56604	 44.41539	 2	 5544	 
122.26415	 44.41539	 4	 5545	 
123.96227	 44.41539	 4	 5546	 
125.66038	 44.41539	 3	 5547	 
127.35849	 44.41539	 3	 5548	 
129.05661	 44.41539	 2	 5549	 
130.75471	 44.41539	 2	 5550	 
132.45284	 44.41539	 2	 5551	 
134.15094	 44.41539	 2	 5552	 
135.84906	 44.41539	 2	 5553	 
142.64151	 44.41539	 2	 5557	 
-123.96227	 44.41539	 2	 5612	 
-122.26414	 44.41539	 2	 5613	 
-120.56604	 44.41539	 2	 5614	 
-118.86792	 44.41539	 2	 5615	 
-117.16982	 44.41539	 2	 5616	 
-115.47169	 44.41539	 2	 5617	 
-113.77359	 44.41539	 2	 5618	 
-112.07547	 44.41539	 2	 5619	 
-110.37737	 44.41539	 2	 5620	 
-108.67924	 44.41539	 2	 5621	 
-106.98112	 44.41539	 2	 5622	 
-105.28302	 44.41539	 2	 5623	 
-103.58490	 44.41539	 2	 5624	 
-101.88678	 44.41539	 4	 5625	 
-100.18869	 44.41539	 4	 5626	 
-98.49057	 44.41539	 2	 5627	 
-96.79245	 44.41539	 2	 5628	 
-95.09433	 44.41539	 2	 5629	 
-93.39624	 44.41539	 2	 5630	 
-91.69812	 44.41539	 2	 5631	 
-90.00000	 44.41539	 1	 5632	 
-88.30188	 44.41539	 4	 5633	 
-86.60376	 44.41539	 1	 5634	 
-84.90567	 44.41539	 1	 5635	 
-83.20755	 44.41539	 2	 5636	 
-81.50943	 44.41539	 1	 5637	 
-79.81131	 44.41539	 1	 5638	 
-78.11322	 44.41539	 1	 5639	 
-76.41510	 44.41539	 1	 5640	 
-74.71698	 44.41539	 1	 5641	 
-73.01886	 44.41539	 1	 5642	 
-71.32074	 44.41539	 1	 5643	 
-69.62265	 44.41539	 1	 5644	 
-64.52829	 44.41539	 2	 5647	 
 0.00000	 43.48034	 3	 5685	 
 1.66667	 43.48034	 2	 5686	 
 3.33333	 43.48034	 2	 5687	 
 5.00000	 43.48034	 3	 5688	 
11.66667	 43.48034	 2	 5692	 
18.33333	 43.48034	 2	 5696	 
20.00000	 43.48034	 2	 5697	 
21.66667	 43.48034	 2	 5698	 
23.33333	 43.48034	 2	 5699	 
25.00000	 43.48034	 2	 5700	 
26.66667	 43.48034	 2	 5701	 
41.66667	 43.48034	 2	 5710	 
43.33333	 43.48034	 2	 5711	 
45.00000	 43.48034	 2	 5712	 
46.66667	 43.48034	 2	 5713	 
48.33333	 43.48034	 2	 5714	 
50.00000	 43.48034	 2	 5715	 
51.66667	 43.48034	 2	 5716	 
53.33333	 43.48034	 3	 5717	 
55.00000	 43.48034	 3	 5718	 
56.66667	 43.48034	 3	 5719	 
58.33333	 43.48034	 3	 5720	 
60.00000	 43.48034	 1	 5721	 
61.66667	 43.48034	 6	 5722	 
63.33333	 43.48034	 6	 5723	 
65.00000	 43.48034	 6	 5724	 
66.66666	 43.48034	 6	 5725	 
68.33334	 43.48034	 2	 5726	 
70.00000	 43.48034	 2	 5727	 
71.66666	 43.48034	 6	 5728	 
73.33334	 43.48034	 4	 5729	 
75.00000	 43.48034	 3	 5730	 
76.66666	 43.48034	 3	 5731	 
78.33334	 43.48034	 3	 5732	 
80.00000	 43.48034	 3	 5733	 
81.66666	 43.48034	 2	 5734	 
83.33334	 43.48034	 3	 5735	 
85.00000	 43.48034	 3	 5736	 
86.66666	 43.48034	 3	 5737	 
88.33334	 43.48034	 3	 5738	 
90.00000	 43.48034	 3	 5739	 
91.66666	 43.48034	 3	 5740	 
93.33334	 43.48034	 3	 5741	 
95.00000	 43.48034	 2	 5742	 
96.66666	 43.48034	 2	 5743	 
98.33334	 43.48034	 2	 5744	 
100.00000	 43.48034	 2	 5745	 
101.66666	 43.48034	 3	 5746	 
103.33334	 43.48034	 2	 5747	 
105.00000	 43.48034	 2	 5748	 
106.66666	 43.48034	 2	 5749	 
108.33334	 43.48034	 2	 5750	 
110.00000	 43.48034	 2	 5751	 
111.66666	 43.48034	 2	 5752	 
113.33334	 43.48034	 2	 5753	 
115.00000	 43.48034	 2	 5754	 
116.66666	 43.48034	 2	 5755	 
118.33334	 43.48034	 2	 5756	 
120.00000	 43.48034	 2	 5757	 
121.66666	 43.48034	 2	 5758	 
123.33334	 43.48034	 3	 5759	 
125.00000	 43.48034	 3	 5760	 
126.66666	 43.48034	 2	 5761	 
128.33333	 43.48034	 2	 5762	 
130.00000	 43.48034	 2	 5763	 
131.66667	 43.48034	 2	 5764	 
133.33333	 43.48034	 2	 5765	 
141.66667	 43.48034	 2	 5770	 
143.33333	 43.48034	 2	 5771	 
-123.33333	 43.48034	 2	 5827	 
-121.66667	 43.48034	 1	 5828	 
-120.00000	 43.48034	 3	 5829	 
-118.33333	 43.48034	 3	 5830	 
-116.66667	 43.48034	 3	 5831	 
-115.00000	 43.48034	 2	 5832	 
-113.33333	 43.48034	 2	 5833	 
-111.66667	 43.48034	 2	 5834	 
-110.00000	 43.48034	 2	 5835	 
-108.33333	 43.48034	 2	 5836	 
-106.66667	 43.48034	 2	 5837	 
-105.00000	 43.48034	 2	 5838	 
-103.33334	 43.48034	 4	 5839	 
-101.66666	 43.48034	 2	 5840	 
-100.00000	 43.48034	 4	 5841	 
-98.33334	 43.48034	 2	 5842	 
-96.66666	 43.48034	 2	 5843	 
-95.00000	 43.48034	 2	 5844	 
-93.33334	 43.48034	 2	 5845	 
-91.66666	 43.48034	 2	 5846	 
-90.00000	 43.48034	 2	 5847	 
-88.33334	 43.48034	 2	 5848	 
-86.66666	 43.48034	 1	 5849	 
-85.00000	 43.48034	 1	 5850	 
-83.33334	 43.48034	 2	 5851	 
-81.66666	 43.48034	 1	 5852	 
-80.00000	 43.48034	 2	 5853	 
-78.33334	 43.48034	 3	 5854	 
-76.66666	 43.48034	 3	 5855	 
-75.00000	 43.48034	 1	 5856	 
-73.33334	 43.48034	 1	 5857	 
-71.66666	 43.48034	 1	 5858	 
-6.66666	 43.48034	 4	 5897	 
 0.00000	 42.54528	 2	 5901	 
 1.63636	 42.54528	 2	 5902	 
11.45455	 42.54528	 3	 5908	 
13.09091	 42.54528	 2	 5909	 
19.63636	 42.54528	 2	 5913	 
21.27273	 42.54528	 2	 5914	 
22.90909	 42.54528	 3	 5915	 
24.54545	 42.54528	 2	 5916	 
26.18182	 42.54528	 3	 5917	 
42.54546	 42.54528	 2	 5927	 
44.18182	 42.54528	 3	 5928	 
45.81818	 42.54528	 3	 5929	 
47.45454	 42.54528	 2	 5930	 
49.09091	 42.54528	 2	 5931	 
50.72727	 42.54528	 2	 5932	 
52.36364	 42.54528	 2	 5933	 
54.00000	 42.54528	 3	 5934	 
55.63636	 42.54528	 3	 5935	 
57.27273	 42.54528	 3	 5936	 
58.90909	 42.54528	 4	 5937	 
60.54546	 42.54528	 6	 5938	 
62.18182	 42.54528	 6	 5939	 
63.81818	 42.54528	 6	 5940	 
65.45454	 42.54528	 6	 5941	 
67.09091	 42.54528	 6	 5942	 
68.72727	 42.54528	 2	 5943	 
70.36364	 42.54528	 3	 5944	 
72.00000	 42.54528	 3	 5945	 
73.63636	 42.54528	 3	 5946	 
75.27273	 42.54528	 3	 5947	 
76.90909	 42.54528	 3	 5948	 
78.54546	 42.54528	 3	 5949	 
80.18182	 42.54528	 3	 5950	 
81.81818	 42.54528	 3	 5951	 
83.45454	 42.54528	 3	 5952	 
85.09091	 42.54528	 3	 5953	 
86.72727	 42.54528	 3	 5954	 
88.36364	 42.54528	 3	 5955	 
90.00000	 42.54528	 2	 5956	 
91.63636	 42.54528	 2	 5957	 
93.27273	 42.54528	 2	 5958	 
94.90909	 42.54528	 2	 5959	 
96.54546	 42.54528	 2	 5960	 
98.18182	 42.54528	 2	 5961	 
99.81818	 42.54528	 2	 5962	 
101.45454	 42.54528	 2	 5963	 
103.09091	 42.54528	 2	 5964	 
104.72727	 42.54528	 2	 5965	 
106.36364	 42.54528	 2	 5966	 
108.00000	 42.54528	 2	 5967	 
109.63636	 42.54528	 2	 5968	 
111.27273	 42.54528	 2	 5969	 
112.90909	 42.54528	 2	 5970	 
114.54546	 42.54528	 2	 5971	 
116.18182	 42.54528	 2	 5972	 
117.81818	 42.54528	 2	 5973	 
119.45454	 42.54528	 2	 5974	 
121.09091	 42.54528	 2	 5975	 
122.72727	 42.54528	 2	 5976	 
124.36364	 42.54528	 2	 5977	 
126.00000	 42.54528	 2	 5978	 
127.63636	 42.54528	 2	 5979	 
129.27272	 42.54528	 2	 5980	 
140.72728	 42.54528	 2	 5987	 
142.36363	 42.54528	 2	 5988	 
-122.72728	 42.54528	 4	 6046	 
-121.09091	 42.54528	 2	 6047	 
-119.45454	 42.54528	 3	 6048	 
-117.81818	 42.54528	 3	 6049	 
-116.18182	 42.54528	 3	 6050	 
-114.54546	 42.54528	 2	 6051	 
-112.90909	 42.54528	 2	 6052	 
-111.27272	 42.54528	 2	 6053	 
-109.63637	 42.54528	 2	 6054	 
-108.00000	 42.54528	 2	 6055	 
-106.36363	 42.54528	 2	 6056	 
-104.72728	 42.54528	 2	 6057	 
-103.09091	 42.54528	 2	 6058	 
-101.45456	 42.54528	 1	 6059	 
-99.81818	 42.54528	 1	 6060	 
-98.18182	 42.54528	 1	 6061	 
-96.54544	 42.54528	 2	 6062	 
-94.90909	 42.54528	 2	 6063	 
-93.27274	 42.54528	 2	 6064	 
-91.63635	 42.54528	 2	 6065	 
-90.00000	 42.54528	 2	 6066	 
-88.36365	 42.54528	 2	 6067	 
-86.72726	 42.54528	 1	 6068	 
-85.09091	 42.54528	 2	 6069	 
-83.45456	 42.54528	 2	 6070	 
-81.81818	 42.54528	 4	 6071	 
-80.18182	 42.54528	 3	 6072	 
-78.54544	 42.54528	 3	 6073	 
-76.90909	 42.54528	 3	 6074	 
-75.27274	 42.54528	 3	 6075	 
-73.63635	 42.54528	 2	 6076	 
-72.00000	 42.54528	 1	 6077	 
-8.18182	 42.54528	 3	 6116	 
-6.54544	 42.54528	 4	 6117	 
-4.90909	 42.54528	 2	 6118	 
-3.27274	 42.54528	 2	 6119	 
-1.63635	 42.54528	 2	 6120	 
 0.00000	 41.61022	 3	 6121	 
 1.60714	 41.61022	 2	 6122	 
12.85714	 41.61022	 2	 6129	 
14.46429	 41.61022	 2	 6130	 
16.07143	 41.61022	 2	 6131	 
20.89286	 41.61022	 2	 6134	 
22.50000	 41.61022	 2	 6135	 
24.10714	 41.61022	 2	 6136	 
25.71428	 41.61022	 3	 6137	 
27.32143	 41.61022	 3	 6138	 
33.75000	 41.61022	 2	 6142	 
35.35714	 41.61022	 2	 6143	 
41.78571	 41.61022	 2	 6147	 
43.39286	 41.61022	 2	 6148	 
45.00000	 41.61022	 2	 6149	 
46.60714	 41.61022	 2	 6150	 
48.21429	 41.61022	 2	 6151	 
49.82143	 41.61022	 2	 6152	 
51.42857	 41.61022	 2	 6153	 
53.03571	 41.61022	 1	 6154	 
54.64286	 41.61022	 3	 6155	 
56.25000	 41.61022	 3	 6156	 
57.85714	 41.61022	 4	 6157	 
59.46429	 41.61022	 6	 6158	 
61.07143	 41.61022	 6	 6159	 
62.67857	 41.61022	 6	 6160	 
64.28571	 41.61022	 2	 6161	 
65.89286	 41.61022	 6	 6162	 
67.50000	 41.61022	 6	 6163	 
69.10714	 41.61022	 2	 6164	 
70.71429	 41.61022	 3	 6165	 
72.32143	 41.61022	 3	 6166	 
73.92857	 41.61022	 3	 6167	 
75.53571	 41.61022	 3	 6168	 
77.14286	 41.61022	 3	 6169	 
78.75000	 41.61022	 3	 6170	 
80.35714	 41.61022	 3	 6171	 
81.96429	 41.61022	 3	 6172	 
83.57143	 41.61022	 2	 6173	 
85.17857	 41.61022	 2	 6174	 
86.78571	 41.61022	 2	 6175	 
88.39286	 41.61022	 3	 6176	 
90.00000	 41.61022	 2	 6177	 
91.60714	 41.61022	 2	 6178	 
93.21429	 41.61022	 2	 6179	 
94.82143	 41.61022	 2	 6180	 
96.42857	 41.61022	 2	 6181	 
98.03571	 41.61022	 2	 6182	 
99.64286	 41.61022	 2	 6183	 
101.25000	 41.61022	 6	 6184	 
102.85714	 41.61022	 2	 6185	 
104.46429	 41.61022	 2	 6186	 
106.07143	 41.61022	 2	 6187	 
107.67857	 41.61022	 2	 6188	 
109.28571	 41.61022	 2	 6189	 
110.89286	 41.61022	 2	 6190	 
112.50000	 41.61022	 2	 6191	 
114.10714	 41.61022	 2	 6192	 
115.71429	 41.61022	 2	 6193	 
117.32143	 41.61022	 3	 6194	 
118.92857	 41.61022	 3	 6195	 
120.53571	 41.61022	 3	 6196	 
122.14286	 41.61022	 3	 6197	 
123.75000	 41.61022	 2	 6198	 
125.35714	 41.61022	 2	 6199	 
126.96429	 41.61022	 2	 6200	 
128.57143	 41.61022	 2	 6201	 
-123.75000	 41.61022	 2	 6268	 
-122.14285	 41.61022	 4	 6269	 
-120.53572	 41.61022	 2	 6270	 
-118.92857	 41.61022	 3	 6271	 
-117.32143	 41.61022	 3	 6272	 
-115.71428	 41.61022	 2	 6273	 
-114.10715	 41.61022	 2	 6274	 
-112.50000	 41.61022	 2	 6275	 
-110.89285	 41.61022	 2	 6276	 
-109.28572	 41.61022	 2	 6277	 
-107.67857	 41.61022	 2	 6278	 
-106.07143	 41.61022	 2	 6279	 
-104.46428	 41.61022	 2	 6280	 
-102.85715	 41.61022	 2	 6281	 
-101.25000	 41.61022	 1	 6282	 
-99.64285	 41.61022	 2	 6283	 
-98.03571	 41.61022	 2	 6284	 
-96.42856	 41.61022	 2	 6285	 
-94.82144	 41.61022	 2	 6286	 
-93.21429	 41.61022	 2	 6287	 
-91.60715	 41.61022	 2	 6288	 
-90.00000	 41.61022	 2	 6289	 
-88.39285	 41.61022	 2	 6290	 
-86.78571	 41.61022	 1	 6291	 
-85.17856	 41.61022	 2	 6292	 
-83.57144	 41.61022	 2	 6293	 
-81.96429	 41.61022	 2	 6294	 
-80.35715	 41.61022	 3	 6295	 
-78.75000	 41.61022	 2	 6296	 
-77.14285	 41.61022	 3	 6297	 
-75.53571	 41.61022	 3	 6298	 
-73.92856	 41.61022	 2	 6299	 
-72.32144	 41.61022	 1	 6300	 
-8.03571	 41.61022	 3	 6340	 
-6.42856	 41.61022	 2	 6341	 
-4.82144	 41.61022	 2	 6342	 
-3.21429	 41.61022	 2	 6343	 
-1.60715	 41.61022	 2	 6344	 
 0.00000	 40.67516	 2	 6345	 
 9.47368	 40.67516	 2	 6351	 
15.78947	 40.67516	 2	 6355	 
17.36842	 40.67516	 3	 6356	 
20.52632	 40.67516	 2	 6358	 
22.10526	 40.67516	 3	 6359	 
30.00000	 40.67516	 2	 6364	 
31.57895	 40.67516	 2	 6365	 
33.15789	 40.67516	 2	 6366	 
34.73684	 40.67516	 2	 6367	 
36.31579	 40.67516	 2	 6368	 
37.89474	 40.67516	 3	 6369	 
39.47368	 40.67516	 3	 6370	 
41.05263	 40.67516	 2	 6371	 
42.63158	 40.67516	 2	 6372	 
44.21053	 40.67516	 2	 6373	 
45.78947	 40.67516	 2	 6374	 
47.36842	 40.67516	 2	 6375	 
48.94737	 40.67516	 2	 6376	 
50.52632	 40.67516	 2	 6377	 
52.10526	 40.67516	 1	 6378	 
53.68421	 40.67516	 1	 6379	 
55.26316	 40.67516	 1	 6380	 
56.84211	 40.67516	 3	 6381	 
58.42105	 40.67516	 6	 6382	 
60.00000	 40.67516	 6	 6383	 
61.57895	 40.67516	 6	 6384	 
63.15789	 40.67516	 2	 6385	 
64.73684	 40.67516	 2	 6386	 
66.31579	 40.67516	 2	 6387	 
67.89474	 40.67516	 2	 6388	 
69.47369	 40.67516	 2	 6389	 
71.05264	 40.67516	 2	 6390	 
72.63158	 40.67516	 2	 6391	 
74.21053	 40.67516	 3	 6392	 
75.78947	 40.67516	 3	 6393	 
77.36842	 40.67516	 3	 6394	 
78.94736	 40.67516	 3	 6395	 
80.52631	 40.67516	 4	 6396	 
82.10526	 40.67516	 6	 6397	 
83.68421	 40.67516	 6	 6398	 
85.26316	 40.67516	 6	 6399	 
86.84210	 40.67516	 6	 6400	 
88.42105	 40.67516	 2	 6401	 
90.00000	 40.67516	 2	 6402	 
91.57895	 40.67516	 3	 6403	 
93.15790	 40.67516	 2	 6404	 
94.73684	 40.67516	 2	 6405	 
96.31579	 40.67516	 2	 6406	 
97.89474	 40.67516	 2	 6407	 
99.47369	 40.67516	 2	 6408	 
101.05264	 40.67516	 6	 6409	 
102.63158	 40.67516	 6	 6410	 
104.21053	 40.67516	 6	 6411	 
105.78947	 40.67516	 2	 6412	 
107.36842	 40.67516	 3	 6413	 
108.94736	 40.67516	 2	 6414	 
110.52631	 40.67516	 2	 6415	 
112.10526	 40.67516	 2	 6416	 
113.68421	 40.67516	 2	 6417	 
115.26316	 40.67516	 3	 6418	 
116.84210	 40.67516	 2	 6419	 
118.42105	 40.67516	 2	 6420	 
120.00000	 40.67516	 2	 6421	 
123.15790	 40.67516	 2	 6423	 
124.73684	 40.67516	 2	 6424	 
126.31579	 40.67516	 2	 6425	 
127.89474	 40.67516	 2	 6426	 
140.52632	 40.67516	 2	 6434	 
-123.15790	 40.67516	 4	 6495	 
-121.57895	 40.67516	 4	 6496	 
-120.00000	 40.67516	 3	 6497	 
-118.42105	 40.67516	 2	 6498	 
-116.84210	 40.67516	 2	 6499	 
-115.26315	 40.67516	 4	 6500	 
-113.68420	 40.67516	 1	 6501	 
-112.10527	 40.67516	 2	 6502	 
-110.52632	 40.67516	 2	 6503	 
-108.94737	 40.67516	 2	 6504	 
-107.36842	 40.67516	 2	 6505	 
-105.78947	 40.67516	 2	 6506	 
-104.21053	 40.67516	 3	 6507	 
-102.63159	 40.67516	 2	 6508	 
-101.05264	 40.67516	 2	 6509	 
-99.47369	 40.67516	 2	 6510	 
-97.89474	 40.67516	 2	 6511	 
-96.31580	 40.67516	 2	 6512	 
-94.73685	 40.67516	 2	 6513	 
-93.15790	 40.67516	 2	 6514	 
-91.57895	 40.67516	 2	 6515	 
-90.00000	 40.67516	 2	 6516	 
-88.42105	 40.67516	 2	 6517	 
-86.84210	 40.67516	 2	 6518	 
-85.26315	 40.67516	 2	 6519	 
-83.68420	 40.67516	 2	 6520	 
-82.10526	 40.67516	 2	 6521	 
-80.52631	 40.67516	 3	 6522	 
-78.94736	 40.67516	 4	 6523	 
-77.36841	 40.67516	 3	 6524	 
-75.78946	 40.67516	 3	 6525	 
-74.21054	 40.67516	 3	 6526	 
-7.89474	 40.67516	 3	 6568	 
-6.31580	 40.67516	 2	 6569	 
-4.73685	 40.67516	 3	 6570	 
-3.15790	 40.67516	 3	 6571	 
-1.57895	 40.67516	 2	 6572	 
 9.31034	 39.74010	 2	 6579	 
20.17241	 39.74010	 2	 6586	 
21.72414	 39.74010	 2	 6587	 
27.93103	 39.74010	 2	 6591	 
29.48276	 39.74010	 2	 6592	 
31.03448	 39.74010	 2	 6593	 
32.58621	 39.74010	 3	 6594	 
34.13793	 39.74010	 3	 6595	 
35.68966	 39.74010	 2	 6596	 
37.24138	 39.74010	 3	 6597	 
38.79310	 39.74010	 2	 6598	 
40.34483	 39.74010	 2	 6599	 
41.89655	 39.74010	 2	 6600	 
43.44828	 39.74010	 2	 6601	 
45.00000	 39.74010	 2	 6602	 
46.55172	 39.74010	 2	 6603	 
48.10345	 39.74010	 3	 6604	 
49.65517	 39.74010	 2	 6605	 
51.20690	 39.74010	 2	 6606	 
52.75862	 39.74010	 1	 6607	 
54.31034	 39.74010	 1	 6608	 
55.86207	 39.74010	 6	 6609	 
57.41379	 39.74010	 6	 6610	 
58.96552	 39.74010	 6	 6611	 
60.51724	 39.74010	 6	 6612	 
62.06897	 39.74010	 6	 6613	 
63.62069	 39.74010	 2	 6614	 
65.17242	 39.74010	 2	 6615	 
66.72414	 39.74010	 2	 6616	 
68.27586	 39.74010	 3	 6617	 
69.82758	 39.74010	 3	 6618	 
71.37931	 39.74010	 3	 6619	 
72.93104	 39.74010	 3	 6620	 
74.48276	 39.74010	 3	 6621	 
76.03448	 39.74010	 4	 6622	 
77.58620	 39.74010	 4	 6623	 
79.13793	 39.74010	 2	 6624	 
80.68965	 39.74010	 6	 6625	 
82.24138	 39.74010	 6	 6626	 
83.79311	 39.74010	 6	 6627	 
85.34483	 39.74010	 6	 6628	 
86.89655	 39.74010	 6	 6629	 
88.44827	 39.74010	 6	 6630	 
90.00000	 39.74010	 3	 6631	 
91.55173	 39.74010	 2	 6632	 
93.10345	 39.74010	 2	 6633	 
94.65517	 39.74010	 3	 6634	 
96.20689	 39.74010	 3	 6635	 
97.75862	 39.74010	 3	 6636	 
99.31035	 39.74010	 2	 6637	 
100.86207	 39.74010	 6	 6638	 
102.41380	 39.74010	 6	 6639	 
103.96552	 39.74010	 2	 6640	 
105.51724	 39.74010	 2	 6641	 
107.06896	 39.74010	 2	 6642	 
108.62069	 39.74010	 2	 6643	 
110.17242	 39.74010	 2	 6644	 
111.72414	 39.74010	 2	 6645	 
113.27586	 39.74010	 2	 6646	 
114.82758	 39.74010	 2	 6647	 
116.37931	 39.74010	 2	 6648	 
117.93104	 39.74010	 2	 6649	 
122.58620	 39.74010	 2	 6652	 
125.68965	 39.74010	 2	 6654	 
127.24138	 39.74010	 2	 6655	 
141.20689	 39.74010	 2	 6664	 
-122.58621	 39.74010	 2	 6726	 
-121.03448	 39.74010	 4	 6727	 
-119.48276	 39.74010	 4	 6728	 
-117.93103	 39.74010	 2	 6729	 
-116.37930	 39.74010	 2	 6730	 
-114.82759	 39.74010	 4	 6731	 
-113.27586	 39.74010	 3	 6732	 
-111.72414	 39.74010	 2	 6733	 
-110.17241	 39.74010	 2	 6734	 
-108.62070	 39.74010	 3	 6735	 
-107.06897	 39.74010	 2	 6736	 
-105.51724	 39.74010	 2	 6737	 
-103.96552	 39.74010	 3	 6738	 
-102.41379	 39.74010	 2	 6739	 
-100.86206	 39.74010	 2	 6740	 
-99.31033	 39.74010	 2	 6741	 
-97.75861	 39.74010	 2	 6742	 
-96.20691	 39.74010	 2	 6743	 
-94.65518	 39.74010	 2	 6744	 
-93.10345	 39.74010	 2	 6745	 
-91.55173	 39.74010	 2	 6746	 
-90.00000	 39.74010	 2	 6747	 
-88.44827	 39.74010	 2	 6748	 
-86.89655	 39.74010	 2	 6749	 
-85.34482	 39.74010	 2	 6750	 
-83.79309	 39.74010	 2	 6751	 
-82.24139	 39.74010	 3	 6752	 
-80.68967	 39.74010	 3	 6753	 
-79.13794	 39.74010	 3	 6754	 
-77.58621	 39.74010	 2	 6755	 
-76.03448	 39.74010	 4	 6756	 
-7.75861	 39.74010	 2	 6800	 
-6.20691	 39.74010	 3	 6801	 
-4.65518	 39.74010	 3	 6802	 
-3.10345	 39.74010	 2	 6803	 
-1.55173	 39.74010	 2	 6804	 
21.35593	 38.80504	 3	 6819	 
22.88136	 38.80504	 2	 6820	 
27.45763	 38.80504	 2	 6823	 
28.98305	 38.80504	 2	 6824	 
30.50847	 38.80504	 2	 6825	 
32.03390	 38.80504	 3	 6826	 
33.55932	 38.80504	 3	 6827	 
35.08475	 38.80504	 3	 6828	 
36.61017	 38.80504	 3	 6829	 
38.13559	 38.80504	 3	 6830	 
39.66102	 38.80504	 4	 6831	 
41.18644	 38.80504	 2	 6832	 
42.71186	 38.80504	 2	 6833	 
44.23729	 38.80504	 2	 6834	 
45.76271	 38.80504	 2	 6835	 
47.28814	 38.80504	 2	 6836	 
48.81356	 38.80504	 2	 6837	 
50.33898	 38.80504	 2	 6838	 
51.86441	 38.80504	 4	 6839	 
53.38983	 38.80504	 4	 6840	 
54.91525	 38.80504	 1	 6841	 
56.44068	 38.80504	 3	 6842	 
57.96610	 38.80504	 6	 6843	 
59.49152	 38.80504	 6	 6844	 
61.01695	 38.80504	 6	 6845	 
62.54237	 38.80504	 6	 6846	 
64.06779	 38.80504	 6	 6847	 
65.59322	 38.80504	 2	 6848	 
67.11864	 38.80504	 3	 6849	 
68.64407	 38.80504	 3	 6850	 
70.16949	 38.80504	 3	 6851	 
71.69492	 38.80504	 3	 6852	 
73.22034	 38.80504	 3	 6853	 
74.74577	 38.80504	 3	 6854	 
76.27119	 38.80504	 3	 6855	 
77.79661	 38.80504	 6	 6856	 
79.32204	 38.80504	 6	 6857	 
80.84746	 38.80504	 6	 6858	 
82.37288	 38.80504	 6	 6859	 
83.89831	 38.80504	 6	 6860	 
85.42373	 38.80504	 6	 6861	 
86.94915	 38.80504	 2	 6862	 
88.47458	 38.80504	 3	 6863	 
90.00000	 38.80504	 3	 6864	 
91.52542	 38.80504	 3	 6865	 
93.05085	 38.80504	 2	 6866	 
94.57627	 38.80504	 2	 6867	 
96.10169	 38.80504	 3	 6868	 
97.62712	 38.80504	 3	 6869	 
99.15254	 38.80504	 3	 6870	 
100.67796	 38.80504	 2	 6871	 
102.20339	 38.80504	 2	 6872	 
103.72881	 38.80504	 2	 6873	 
105.25423	 38.80504	 2	 6874	 
106.77966	 38.80504	 3	 6875	 
108.30508	 38.80504	 2	 6876	 
109.83051	 38.80504	 6	 6877	 
111.35593	 38.80504	 3	 6878	 
112.88136	 38.80504	 3	 6879	 
114.40678	 38.80504	 2	 6880	 
115.93221	 38.80504	 3	 6881	 
117.45763	 38.80504	 3	 6882	 
126.61017	 38.80504	 3	 6888	 
140.33899	 38.80504	 2	 6897	 
-122.03391	 38.80504	 2	 6961	 
-120.50847	 38.80504	 4	 6962	 
-118.98305	 38.80504	 4	 6963	 
-117.45763	 38.80504	 2	 6964	 
-115.93221	 38.80504	 4	 6965	 
-114.40678	 38.80504	 4	 6966	 
-112.88136	 38.80504	 3	 6967	 
-111.35593	 38.80504	 2	 6968	 
-109.83051	 38.80504	 2	 6969	 
-108.30508	 38.80504	 2	 6970	 
-106.77966	 38.80504	 2	 6971	 
-105.25424	 38.80504	 2	 6972	 
-103.72882	 38.80504	 2	 6973	 
-102.20340	 38.80504	 2	 6974	 
-100.67798	 38.80504	 2	 6975	 
-99.15256	 38.80504	 2	 6976	 
-97.62711	 38.80504	 2	 6977	 
-96.10168	 38.80504	 2	 6978	 
-94.57626	 38.80504	 2	 6979	 
-93.05084	 38.80504	 2	 6980	 
-91.52542	 38.80504	 2	 6981	 
-90.00000	 38.80504	 2	 6982	 
-88.47458	 38.80504	 4	 6983	 
-86.94916	 38.80504	 2	 6984	 
-85.42374	 38.80504	 2	 6985	 
-83.89832	 38.80504	 2	 6986	 
-82.37289	 38.80504	 3	 6987	 
-80.84744	 38.80504	 3	 6988	 
-79.32202	 38.80504	 2	 6989	 
-77.79660	 38.80504	 4	 6990	 
-76.27118	 38.80504	 3	 6991	 
-9.15256	 38.80504	 1	 7035	 
-7.62711	 38.80504	 2	 7036	 
-6.10168	 38.80504	 3	 7037	 
-4.57626	 38.80504	 3	 7038	 
-3.05084	 38.80504	 2	 7039	 
-1.52542	 38.80504	 2	 7040	 
13.50000	 37.86998	 2	 7050	 
22.50000	 37.86998	 2	 7056	 
28.50000	 37.86998	 2	 7060	 
30.00000	 37.86998	 2	 7061	 
31.50000	 37.86998	 2	 7062	 
33.00000	 37.86998	 3	 7063	 
34.50000	 37.86998	 3	 7064	 
36.00000	 37.86998	 2	 7065	 
37.50000	 37.86998	 2	 7066	 
39.00000	 37.86998	 3	 7067	 
40.50000	 37.86998	 3	 7068	 
42.00000	 37.86998	 2	 7069	 
43.50000	 37.86998	 2	 7070	 
45.00000	 37.86998	 2	 7071	 
46.50000	 37.86998	 2	 7072	 
48.00000	 37.86998	 2	 7073	 
49.50000	 37.86998	 3	 7074	 
51.00000	 37.86998	 3	 7075	 
52.50000	 37.86998	 4	 7076	 
54.00000	 37.86998	 4	 7077	 
55.50000	 37.86998	 3	 7078	 
57.00000	 37.86998	 3	 7079	 
58.50000	 37.86998	 3	 7080	 
60.00000	 37.86998	 6	 7081	 
61.50000	 37.86998	 6	 7082	 
63.00000	 37.86998	 6	 7083	 
64.50000	 37.86998	 6	 7084	 
66.00000	 37.86998	 2	 7085	 
67.50000	 37.86998	 2	 7086	 
69.00000	 37.86998	 2	 7087	 
70.50000	 37.86998	 3	 7088	 
72.00000	 37.86998	 3	 7089	 
73.50000	 37.86998	 3	 7090	 
75.00000	 37.86998	 3	 7091	 
76.50000	 37.86998	 3	 7092	 
78.00000	 37.86998	 6	 7093	 
79.50000	 37.86998	 6	 7094	 
81.00000	 37.86998	 6	 7095	 
82.50000	 37.86998	 6	 7096	 
84.00000	 37.86998	 6	 7097	 
85.50000	 37.86998	 2	 7098	 
87.00000	 37.86998	 3	 7099	 
88.50000	 37.86998	 3	 7100	 
90.00000	 37.86998	 3	 7101	 
91.50000	 37.86998	 2	 7102	 
93.00000	 37.86998	 2	 7103	 
94.50000	 37.86998	 2	 7104	 
96.00000	 37.86998	 2	 7105	 
97.50000	 37.86998	 3	 7106	 
99.00000	 37.86998	 3	 7107	 
100.50000	 37.86998	 3	 7108	 
102.00000	 37.86998	 3	 7109	 
103.50000	 37.86998	 2	 7110	 
105.00000	 37.86998	 2	 7111	 
106.50000	 37.86998	 3	 7112	 
108.00000	 37.86998	 2	 7113	 
109.50000	 37.86998	 3	 7114	 
111.00000	 37.86998	 3	 7115	 
112.50000	 37.86998	 3	 7116	 
114.00000	 37.86998	 2	 7117	 
115.50000	 37.86998	 3	 7118	 
117.00000	 37.86998	 3	 7119	 
126.00000	 37.86998	 2	 7125	 
127.50000	 37.86998	 2	 7126	 
139.50000	 37.86998	 2	 7134	 
-121.50000	 37.86998	 2	 7200	 
-120.00000	 37.86998	 4	 7201	 
-118.50000	 37.86998	 3	 7202	 
-117.00000	 37.86998	 3	 7203	 
-115.50000	 37.86998	 4	 7204	 
-114.00000	 37.86998	 4	 7205	 
-112.50000	 37.86998	 2	 7206	 
-111.00000	 37.86998	 2	 7207	 
-109.50000	 37.86998	 2	 7208	 
-108.00000	 37.86998	 2	 7209	 
-106.50000	 37.86998	 2	 7210	 
-105.00000	 37.86998	 2	 7211	 
-103.50000	 37.86998	 2	 7212	 
-102.00000	 37.86998	 2	 7213	 
-100.50000	 37.86998	 2	 7214	 
-99.00000	 37.86998	 2	 7215	 
-97.50000	 37.86998	 2	 7216	 
-96.00000	 37.86998	 2	 7217	 
-94.50000	 37.86998	 4	 7218	 
-93.00000	 37.86998	 4	 7219	 
-91.50000	 37.86998	 4	 7220	 
-90.00000	 37.86998	 2	 7221	 
-88.50000	 37.86998	 2	 7222	 
-87.00000	 37.86998	 4	 7223	 
-85.50000	 37.86998	 2	 7224	 
-84.00000	 37.86998	 2	 7225	 
-82.50000	 37.86998	 2	 7226	 
-81.00000	 37.86998	 2	 7227	 
-79.50000	 37.86998	 4	 7228	 
-78.00000	 37.86998	 4	 7229	 
-7.50000	 37.86998	 3	 7276	 
-6.00000	 37.86998	 3	 7277	 
-4.50000	 37.86998	 2	 7278	 
-3.00000	 37.86998	 2	 7279	 
-1.50000	 37.86998	 2	 7280	 
 7.37705	 36.93492	 2	 7286	 
 8.85246	 36.93492	 2	 7287	 
29.50820	 36.93492	 2	 7301	 
30.98361	 36.93492	 2	 7302	 
32.45901	 36.93492	 2	 7303	 
33.93443	 36.93492	 2	 7304	 
35.40984	 36.93492	 3	 7305	 
36.88525	 36.93492	 3	 7306	 
38.36066	 36.93492	 3	 7307	 
39.83607	 36.93492	 3	 7308	 
41.31147	 36.93492	 3	 7309	 
42.78688	 36.93492	 2	 7310	 
44.26229	 36.93492	 2	 7311	 
45.73771	 36.93492	 2	 7312	 
47.21312	 36.93492	 2	 7313	 
48.68853	 36.93492	 2	 7314	 
50.16393	 36.93492	 3	 7315	 
51.63934	 36.93492	 2	 7316	 
53.11475	 36.93492	 3	 7317	 
54.59016	 36.93492	 3	 7318	 
56.06557	 36.93492	 3	 7319	 
57.54099	 36.93492	 3	 7320	 
59.01639	 36.93492	 3	 7321	 
60.49180	 36.93492	 2	 7322	 
61.96721	 36.93492	 6	 7323	 
63.44262	 36.93492	 4	 7324	 
64.91803	 36.93492	 4	 7325	 
66.39344	 36.93492	 2	 7326	 
67.86885	 36.93492	 2	 7327	 
69.34426	 36.93492	 2	 7328	 
70.81967	 36.93492	 3	 7329	 
72.29508	 36.93492	 3	 7330	 
73.77049	 36.93492	 3	 7331	 
75.24590	 36.93492	 3	 7332	 
76.72131	 36.93492	 3	 7333	 
78.19672	 36.93492	 3	 7334	 
79.67213	 36.93492	 3	 7335	 
81.14754	 36.93492	 2	 7336	 
82.62295	 36.93492	 6	 7337	 
84.09836	 36.93492	 3	 7338	 
85.57377	 36.93492	 3	 7339	 
87.04918	 36.93492	 3	 7340	 
88.52459	 36.93492	 3	 7341	 
90.00000	 36.93492	 3	 7342	 
91.47541	 36.93492	 3	 7343	 
92.95082	 36.93492	 3	 7344	 
94.42623	 36.93492	 4	 7345	 
95.90164	 36.93492	 4	 7346	 
97.37705	 36.93492	 2	 7347	 
98.85246	 36.93492	 3	 7348	 
100.32787	 36.93492	 3	 7349	 
101.80328	 36.93492	 3	 7350	 
103.27869	 36.93492	 3	 7351	 
104.75410	 36.93492	 3	 7352	 
106.22951	 36.93492	 3	 7353	 
107.70492	 36.93492	 2	 7354	 
109.18033	 36.93492	 2	 7355	 
110.65574	 36.93492	 2	 7356	 
112.13115	 36.93492	 3	 7357	 
113.60656	 36.93492	 3	 7358	 
115.08197	 36.93492	 2	 7359	 
116.55738	 36.93492	 3	 7360	 
118.03278	 36.93492	 3	 7361	 
119.50819	 36.93492	 3	 7362	 
120.98360	 36.93492	 2	 7363	 
128.36066	 36.93492	 2	 7368	 
137.21312	 36.93492	 4	 7374	 
138.68852	 36.93492	 2	 7375	 
140.16394	 36.93492	 3	 7376	 
-120.98361	 36.93492	 2	 7443	 
-119.50819	 36.93492	 2	 7444	 
-118.03279	 36.93492	 3	 7445	 
-116.55737	 36.93492	 3	 7446	 
-115.08197	 36.93492	 3	 7447	 
-113.60655	 36.93492	 3	 7448	 
-112.13115	 36.93492	 2	 7449	 
-110.65573	 36.93492	 2	 7450	 
-109.18033	 36.93492	 2	 7451	 
-107.70493	 36.93492	 2	 7452	 
-106.22951	 36.93492	 2	 7453	 
-104.75410	 36.93492	 2	 7454	 
-103.27869	 36.93492	 2	 7455	 
-101.80328	 36.93492	 2	 7456	 
-100.32788	 36.93492	 2	 7457	 
-98.85245	 36.93492	 2	 7458	 
-97.37704	 36.93492	 2	 7459	 
-95.90164	 36.93492	 3	 7460	 
-94.42624	 36.93492	 4	 7461	 
-92.95081	 36.93492	 4	 7462	 
-91.47540	 36.93492	 4	 7463	 
-90.00000	 36.93492	 4	 7464	 
-88.52460	 36.93492	 2	 7465	 
-87.04919	 36.93492	 4	 7466	 
-85.57376	 36.93492	 4	 7467	 
-84.09836	 36.93492	 2	 7468	 
-82.62296	 36.93492	 2	 7469	 
-81.14755	 36.93492	 4	 7470	 
-79.67212	 36.93492	 4	 7471	 
-78.19672	 36.93492	 4	 7472	 
-76.72131	 36.93492	 3	 7473	 
-5.90164	 36.93492	 3	 7521	 
-4.42624	 36.93492	 2	 7522	 
-2.95081	 36.93492	 2	 7523	 
 1.45161	 35.99986	 2	 7526	 
 2.90323	 35.99986	 2	 7527	 
 4.35484	 35.99986	 2	 7528	 
 5.80645	 35.99986	 2	 7529	 
 7.25806	 35.99986	 2	 7530	 
 8.70968	 35.99986	 2	 7531	 
10.16129	 35.99986	 2	 7532	 
36.29032	 35.99986	 3	 7550	 
37.74194	 35.99986	 2	 7551	 
39.19355	 35.99986	 3	 7552	 
40.64516	 35.99986	 3	 7553	 
42.09678	 35.99986	 2	 7554	 
43.54839	 35.99986	 2	 7555	 
45.00000	 35.99986	 2	 7556	 
46.45161	 35.99986	 2	 7557	 
47.90322	 35.99986	 2	 7558	 
49.35484	 35.99986	 2	 7559	 
50.80645	 35.99986	 2	 7560	 
52.25806	 35.99986	 2	 7561	 
53.70968	 35.99986	 3	 7562	 
55.16129	 35.99986	 3	 7563	 
56.61290	 35.99986	 4	 7564	 
58.06452	 35.99986	 4	 7565	 
59.51613	 35.99986	 2	 7566	 
60.96774	 35.99986	 3	 7567	 
62.41935	 35.99986	 1	 7568	 
63.87097	 35.99986	 2	 7569	 
65.32258	 35.99986	 2	 7570	 
66.77419	 35.99986	 2	 7571	 
68.22581	 35.99986	 2	 7572	 
69.67742	 35.99986	 3	 7573	 
71.12904	 35.99986	 3	 7574	 
72.58064	 35.99986	 3	 7575	 
74.03226	 35.99986	 3	 7576	 
75.48387	 35.99986	 1	 7577	 
76.93549	 35.99986	 3	 7578	 
78.38710	 35.99986	 3	 7579	 
79.83871	 35.99986	 3	 7580	 
81.29032	 35.99986	 3	 7581	 
82.74194	 35.99986	 3	 7582	 
84.19355	 35.99986	 3	 7583	 
85.64516	 35.99986	 3	 7584	 
87.09677	 35.99986	 3	 7585	 
88.54839	 35.99986	 3	 7586	 
90.00000	 35.99986	 3	 7587	 
91.45161	 35.99986	 3	 7588	 
92.90323	 35.99986	 3	 7589	 
94.35484	 35.99986	 3	 7590	 
95.80645	 35.99986	 3	 7591	 
97.25806	 35.99986	 3	 7592	 
98.70968	 35.99986	 3	 7593	 
100.16129	 35.99986	 3	 7594	 
101.61290	 35.99986	 3	 7595	 
103.06451	 35.99986	 3	 7596	 
104.51613	 35.99986	 2	 7597	 
105.96774	 35.99986	 3	 7598	 
107.41936	 35.99986	 2	 7599	 
108.87096	 35.99986	 2	 7600	 
110.32258	 35.99986	 2	 7601	 
111.77419	 35.99986	 2	 7602	 
113.22581	 35.99986	 2	 7603	 
114.67742	 35.99986	 3	 7604	 
116.12904	 35.99986	 2	 7605	 
117.58064	 35.99986	 2	 7606	 
119.03226	 35.99986	 2	 7607	 
127.74194	 35.99986	 2	 7613	 
129.19354	 35.99986	 2	 7614	 
136.45161	 35.99986	 2	 7619	 
137.90323	 35.99986	 2	 7620	 
139.35484	 35.99986	 3	 7621	 
-120.48387	 35.99986	 2	 7690	 
-119.03226	 35.99986	 2	 7691	 
-117.58064	 35.99986	 3	 7692	 
-116.12903	 35.99986	 3	 7693	 
-114.67741	 35.99986	 3	 7694	 
-113.22580	 35.99986	 3	 7695	 
-111.77420	 35.99986	 2	 7696	 
-110.32259	 35.99986	 2	 7697	 
-108.87097	 35.99986	 3	 7698	 
-107.41936	 35.99986	 3	 7699	 
-105.96774	 35.99986	 2	 7700	 
-104.51613	 35.99986	 3	 7701	 
-103.06451	 35.99986	 2	 7702	 
-101.61292	 35.99986	 2	 7703	 
-100.16129	 35.99986	 2	 7704	 
-98.70969	 35.99986	 2	 7705	 
-97.25806	 35.99986	 2	 7706	 
-95.80646	 35.99986	 3	 7707	 
-94.35483	 35.99986	 4	 7708	 
-92.90323	 35.99986	 4	 7709	 
-91.45160	 35.99986	 4	 7710	 
-90.00000	 35.99986	 2	 7711	 
-88.54840	 35.99986	 4	 7712	 
-87.09677	 35.99986	 4	 7713	 
-85.64517	 35.99986	 4	 7714	 
-84.19354	 35.99986	 4	 7715	 
-82.74194	 35.99986	 4	 7716	 
-81.29031	 35.99986	 4	 7717	 
-79.83871	 35.99986	 4	 7718	 
-78.38708	 35.99986	 4	 7719	 
-76.93549	 35.99986	 3	 7720	 
 0.00000	 35.06480	 2	 7773	 
 1.42857	 35.06480	 2	 7774	 
 2.85714	 35.06480	 2	 7775	 
 4.28571	 35.06480	 2	 7776	 
 5.71429	 35.06480	 2	 7777	 
 7.14286	 35.06480	 2	 7778	 
 8.57143	 35.06480	 2	 7779	 
10.00000	 35.06480	 2	 7780	 
37.14286	 35.06480	 2	 7799	 
38.57143	 35.06480	 3	 7800	 
40.00000	 35.06480	 3	 7801	 
41.42857	 35.06480	 2	 7802	 
42.85714	 35.06480	 2	 7803	 
44.28571	 35.06480	 3	 7804	 
45.71429	 35.06480	 3	 7805	 
47.14286	 35.06480	 2	 7806	 
48.57143	 35.06480	 3	 7807	 
50.00000	 35.06480	 3	 7808	 
51.42857	 35.06480	 3	 7809	 
52.85714	 35.06480	 3	 7810	 
54.28571	 35.06480	 2	 7811	 
55.71429	 35.06480	 1	 7812	 
57.14286	 35.06480	 2	 7813	 
58.57143	 35.06480	 2	 7814	 
60.00000	 35.06480	 2	 7815	 
61.42857	 35.06480	 2	 7816	 
62.85714	 35.06480	 2	 7817	 
64.28571	 35.06480	 3	 7818	 
65.71429	 35.06480	 3	 7819	 
67.14286	 35.06480	 3	 7820	 
68.57143	 35.06480	 3	 7821	 
70.00000	 35.06480	 3	 7822	 
71.42857	 35.06480	 2	 7823	 
72.85714	 35.06480	 3	 7824	 
74.28571	 35.06480	 3	 7825	 
75.71429	 35.06480	 3	 7826	 
77.14286	 35.06480	 3	 7827	 
78.57143	 35.06480	 3	 7828	 
80.00000	 35.06480	 3	 7829	 
81.42857	 35.06480	 3	 7830	 
82.85714	 35.06480	 3	 7831	 
84.28571	 35.06480	 3	 7832	 
85.71429	 35.06480	 3	 7833	 
87.14286	 35.06480	 3	 7834	 
88.57143	 35.06480	 3	 7835	 
90.00000	 35.06480	 3	 7836	 
91.42857	 35.06480	 3	 7837	 
92.85714	 35.06480	 3	 7838	 
94.28571	 35.06480	 3	 7839	 
95.71429	 35.06480	 3	 7840	 
97.14286	 35.06480	 3	 7841	 
98.57143	 35.06480	 6	 7842	 
100.00000	 35.06480	 3	 7843	 
101.42857	 35.06480	 3	 7844	 
102.85714	 35.06480	 3	 7845	 
104.28571	 35.06480	 2	 7846	 
105.71429	 35.06480	 2	 7847	 
107.14286	 35.06480	 2	 7848	 
108.57143	 35.06480	 2	 7849	 
110.00000	 35.06480	 2	 7850	 
111.42857	 35.06480	 2	 7851	 
112.85714	 35.06480	 2	 7852	 
114.28571	 35.06480	 3	 7853	 
115.71429	 35.06480	 3	 7854	 
117.14286	 35.06480	 2	 7855	 
118.57143	 35.06480	 2	 7856	 
127.14286	 35.06480	 2	 7862	 
134.28572	 35.06480	 3	 7867	 
135.71428	 35.06480	 4	 7868	 
137.14285	 35.06480	 4	 7869	 
138.57143	 35.06480	 3	 7870	 
-120.00000	 35.06480	 2	 7941	 
-118.57143	 35.06480	 2	 7942	 
-117.14285	 35.06480	 3	 7943	 
-115.71428	 35.06480	 3	 7944	 
-114.28572	 35.06480	 3	 7945	 
-112.85715	 35.06480	 2	 7946	 
-111.42857	 35.06480	 2	 7947	 
-110.00000	 35.06480	 2	 7948	 
-108.57143	 35.06480	 3	 7949	 
-107.14285	 35.06480	 3	 7950	 
-105.71428	 35.06480	 4	 7951	 
-104.28572	 35.06480	 3	 7952	 
-102.85715	 35.06480	 2	 7953	 
-101.42856	 35.06480	 2	 7954	 
-100.00000	 35.06480	 2	 7955	 
-98.57144	 35.06480	 2	 7956	 
-97.14285	 35.06480	 2	 7957	 
-95.71429	 35.06480	 3	 7958	 
-94.28571	 35.06480	 4	 7959	 
-92.85715	 35.06480	 4	 7960	 
-91.42856	 35.06480	 4	 7961	 
-90.00000	 35.06480	 3	 7962	 
-88.57144	 35.06480	 4	 7963	 
-87.14285	 35.06480	 4	 7964	 
-85.71429	 35.06480	 4	 7965	 
-84.28571	 35.06480	 4	 7966	 
-82.85715	 35.06480	 4	 7967	 
-81.42856	 35.06480	 4	 7968	 
-80.00000	 35.06480	 4	 7969	 
-78.57144	 35.06480	 4	 7970	 
-77.14285	 35.06480	 3	 7971	 
-5.71429	 35.06480	 2	 8021	 
-1.42856	 35.06480	 2	 8024	 
 0.00000	 34.12974	 2	 8025	 
 1.40625	 34.12974	 2	 8026	 
 2.81250	 34.12974	 2	 8027	 
 4.21875	 34.12974	 2	 8028	 
 5.62500	 34.12974	 2	 8029	 
 7.03125	 34.12974	 1	 8030	 
 8.43750	 34.12974	 2	 8031	 
 9.84375	 34.12974	 1	 8032	 
36.56250	 34.12974	 2	 8051	 
37.96875	 34.12974	 3	 8052	 
39.37500	 34.12974	 3	 8053	 
40.78125	 34.12974	 3	 8054	 
42.18750	 34.12974	 2	 8055	 
43.59375	 34.12974	 2	 8056	 
45.00000	 34.12974	 2	 8057	 
46.40625	 34.12974	 2	 8058	 
47.81250	 34.12974	 2	 8059	 
49.21875	 34.12974	 3	 8060	 
50.62500	 34.12974	 3	 8061	 
52.03125	 34.12974	 3	 8062	 
53.43750	 34.12974	 1	 8063	 
54.84375	 34.12974	 1	 8064	 
56.25000	 34.12974	 1	 8065	 
57.65625	 34.12974	 3	 8066	 
59.06250	 34.12974	 3	 8067	 
60.46875	 34.12974	 3	 8068	 
61.87500	 34.12974	 2	 8069	 
63.28125	 34.12974	 3	 8070	 
64.68750	 34.12974	 3	 8071	 
66.09375	 34.12974	 3	 8072	 
67.50000	 34.12974	 3	 8073	 
68.90625	 34.12974	 3	 8074	 
70.31250	 34.12974	 3	 8075	 
71.71875	 34.12974	 3	 8076	 
73.12500	 34.12974	 2	 8077	 
74.53125	 34.12974	 3	 8078	 
75.93750	 34.12974	 3	 8079	 
77.34375	 34.12974	 3	 8080	 
78.75000	 34.12974	 3	 8081	 
80.15625	 34.12974	 3	 8082	 
81.56250	 34.12974	 3	 8083	 
82.96875	 34.12974	 3	 8084	 
84.37500	 34.12974	 3	 8085	 
85.78125	 34.12974	 3	 8086	 
87.18750	 34.12974	 3	 8087	 
88.59375	 34.12974	 3	 8088	 
90.00000	 34.12974	 3	 8089	 
91.40625	 34.12974	 3	 8090	 
92.81250	 34.12974	 6	 8091	 
94.21875	 34.12974	 3	 8092	 
95.62500	 34.12974	 3	 8093	 
97.03125	 34.12974	 3	 8094	 
98.43750	 34.12974	 3	 8095	 
99.84375	 34.12974	 6	 8096	 
101.25000	 34.12974	 3	 8097	 
102.65625	 34.12974	 3	 8098	 
104.06250	 34.12974	 3	 8099	 
105.46875	 34.12974	 3	 8100	 
106.87500	 34.12974	 3	 8101	 
108.28125	 34.12974	 3	 8102	 
109.68750	 34.12974	 3	 8103	 
111.09375	 34.12974	 3	 8104	 
112.50000	 34.12974	 3	 8105	 
113.90625	 34.12974	 2	 8106	 
115.31250	 34.12974	 2	 8107	 
116.71875	 34.12974	 2	 8108	 
118.12500	 34.12974	 2	 8109	 
119.53125	 34.12974	 3	 8110	 
-118.12500	 34.12974	 2	 8197	 
-116.71875	 34.12974	 3	 8198	 
-115.31250	 34.12974	 3	 8199	 
-113.90625	 34.12974	 3	 8200	 
-112.50000	 34.12974	 3	 8201	 
-111.09375	 34.12974	 3	 8202	 
-109.68750	 34.12974	 3	 8203	 
-108.28125	 34.12974	 3	 8204	 
-106.87500	 34.12974	 3	 8205	 
-105.46875	 34.12974	 2	 8206	 
-104.06250	 34.12974	 2	 8207	 
-102.65625	 34.12974	 2	 8208	 
-101.25000	 34.12974	 2	 8209	 
-99.84375	 34.12974	 2	 8210	 
-98.43750	 34.12974	 2	 8211	 
-97.03125	 34.12974	 2	 8212	 
-95.62500	 34.12974	 4	 8213	 
-94.21875	 34.12974	 4	 8214	 
-92.81250	 34.12974	 4	 8215	 
-91.40625	 34.12974	 3	 8216	 
-90.00000	 34.12974	 2	 8217	 
-88.59375	 34.12974	 4	 8218	 
-87.18750	 34.12974	 4	 8219	 
-85.78125	 34.12974	 4	 8220	 
-84.37500	 34.12974	 4	 8221	 
-82.96875	 34.12974	 4	 8222	 
-81.56250	 34.12974	 4	 8223	 
-80.15625	 34.12974	 4	 8224	 
-78.75000	 34.12974	 3	 8225	 
-5.62500	 34.12974	 4	 8277	 
-4.21875	 34.12974	 2	 8278	 
-2.81250	 34.12974	 2	 8279	 
-1.40625	 34.12974	 2	 8280	 
 0.00000	 33.19468	 1	 8281	 
 1.38462	 33.19468	 2	 8282	 
 2.76923	 33.19468	 2	 8283	 
 4.15385	 33.19468	 2	 8284	 
 5.53846	 33.19468	 2	 8285	 
 6.92308	 33.19468	 1	 8286	 
 8.30769	 33.19468	 1	 8287	 
 9.69231	 33.19468	 2	 8288	 
11.07692	 33.19468	 2	 8289	 
36.00000	 33.19468	 4	 8307	 
37.38462	 33.19468	 2	 8308	 
38.76923	 33.19468	 3	 8309	 
40.15385	 33.19468	 3	 8310	 
41.53846	 33.19468	 2	 8311	 
42.92308	 33.19468	 2	 8312	 
44.30769	 33.19468	 2	 8313	 
45.69231	 33.19468	 3	 8314	 
47.07692	 33.19468	 2	 8315	 
48.46154	 33.19468	 2	 8316	 
49.84615	 33.19468	 3	 8317	 
51.23077	 33.19468	 3	 8318	 
52.61538	 33.19468	 3	 8319	 
54.00000	 33.19468	 3	 8320	 
55.38462	 33.19468	 1	 8321	 
56.76923	 33.19468	 3	 8322	 
58.15385	 33.19468	 3	 8323	 
59.53846	 33.19468	 3	 8324	 
60.92308	 33.19468	 2	 8325	 
62.30769	 33.19468	 2	 8326	 
63.69231	 33.19468	 3	 8327	 
65.07692	 33.19468	 3	 8328	 
66.46154	 33.19468	 3	 8329	 
67.84615	 33.19468	 3	 8330	 
69.23077	 33.19468	 3	 8331	 
70.61539	 33.19468	 3	 8332	 
72.00000	 33.19468	 3	 8333	 
73.38461	 33.19468	 3	 8334	 
74.76923	 33.19468	 4	 8335	 
76.15385	 33.19468	 3	 8336	 
77.53846	 33.19468	 2	 8337	 
78.92308	 33.19468	 3	 8338	 
80.30769	 33.19468	 3	 8339	 
81.69231	 33.19468	 3	 8340	 
83.07692	 33.19468	 3	 8341	 
84.46154	 33.19468	 3	 8342	 
85.84615	 33.19468	 3	 8343	 
87.23077	 33.19468	 3	 8344	 
88.61539	 33.19468	 3	 8345	 
90.00000	 33.19468	 3	 8346	 
91.38461	 33.19468	 3	 8347	 
92.76923	 33.19468	 3	 8348	 
94.15385	 33.19468	 3	 8349	 
95.53846	 33.19468	 3	 8350	 
96.92308	 33.19468	 3	 8351	 
98.30769	 33.19468	 3	 8352	 
99.69231	 33.19468	 3	 8353	 
101.07692	 33.19468	 3	 8354	 
102.46154	 33.19468	 3	 8355	 
103.84615	 33.19468	 3	 8356	 
105.23077	 33.19468	 3	 8357	 
106.61539	 33.19468	 3	 8358	 
108.00000	 33.19468	 3	 8359	 
109.38461	 33.19468	 3	 8360	 
110.76923	 33.19468	 3	 8361	 
112.15385	 33.19468	 3	 8362	 
113.53846	 33.19468	 2	 8363	 
114.92308	 33.19468	 2	 8364	 
116.30769	 33.19468	 4	 8365	 
117.69231	 33.19468	 2	 8366	 
119.07692	 33.19468	 2	 8367	 
130.15384	 33.19468	 4	 8375	 
131.53847	 33.19468	 3	 8376	 
132.92308	 33.19468	 4	 8377	 
-116.30769	 33.19468	 3	 8457	 
-114.92308	 33.19468	 3	 8458	 
-113.53847	 33.19468	 3	 8459	 
-112.15384	 33.19468	 3	 8460	 
-110.76923	 33.19468	 4	 8461	 
-109.38461	 33.19468	 4	 8462	 
-108.00000	 33.19468	 3	 8463	 
-106.61539	 33.19468	 4	 8464	 
-105.23077	 33.19468	 2	 8465	 
-103.84616	 33.19468	 2	 8466	 
-102.46155	 33.19468	 1	 8467	 
-101.07693	 33.19468	 2	 8468	 
-99.69232	 33.19468	 2	 8469	 
-98.30768	 33.19468	 2	 8470	 
-96.92307	 33.19468	 4	 8471	 
-95.53845	 33.19468	 2	 8472	 
-94.15384	 33.19468	 4	 8473	 
-92.76923	 33.19468	 4	 8474	 
-91.38461	 33.19468	 3	 8475	 
-90.00000	 33.19468	 2	 8476	 
-88.61539	 33.19468	 4	 8477	 
-87.23077	 33.19468	 4	 8478	 
-85.84616	 33.19468	 4	 8479	 
-84.46155	 33.19468	 4	 8480	 
-83.07693	 33.19468	 4	 8481	 
-81.69232	 33.19468	 4	 8482	 
-80.30768	 33.19468	 3	 8483	 
-6.92307	 33.19468	 2	 8536	 
-5.53845	 33.19468	 2	 8537	 
-4.15384	 33.19468	 2	 8538	 
-2.76923	 33.19468	 2	 8539	 
-1.38461	 33.19468	 1	 8540	 
 0.00000	 32.25962	 2	 8541	 
 1.36364	 32.25962	 2	 8542	 
 2.72727	 32.25962	 2	 8543	 
 4.09091	 32.25962	 3	 8544	 
 5.45455	 32.25962	 2	 8545	 
 6.81818	 32.25962	 2	 8546	 
 8.18182	 32.25962	 1	 8547	 
 9.54545	 32.25962	 2	 8548	 
10.90909	 32.25962	 1	 8549	 
12.27273	 32.25962	 2	 8550	 
13.63636	 32.25962	 2	 8551	 
21.81818	 32.25962	 2	 8557	 
35.45454	 32.25962	 3	 8567	 
36.81818	 32.25962	 2	 8568	 
38.18182	 32.25962	 3	 8569	 
39.54546	 32.25962	 3	 8570	 
40.90909	 32.25962	 2	 8571	 
42.27273	 32.25962	 2	 8572	 
43.63636	 32.25962	 2	 8573	 
45.00000	 32.25962	 3	 8574	 
46.36364	 32.25962	 3	 8575	 
47.72727	 32.25962	 2	 8576	 
49.09091	 32.25962	 2	 8577	 
50.45454	 32.25962	 2	 8578	 
51.81818	 32.25962	 3	 8579	 
53.18182	 32.25962	 3	 8580	 
54.54546	 32.25962	 3	 8581	 
55.90909	 32.25962	 3	 8582	 
57.27273	 32.25962	 3	 8583	 
58.63636	 32.25962	 3	 8584	 
60.00000	 32.25962	 3	 8585	 
61.36364	 32.25962	 2	 8586	 
62.72727	 32.25962	 2	 8587	 
64.09091	 32.25962	 2	 8588	 
65.45454	 32.25962	 2	 8589	 
66.81818	 32.25962	 3	 8590	 
68.18182	 32.25962	 3	 8591	 
69.54546	 32.25962	 3	 8592	 
70.90909	 32.25962	 3	 8593	 
72.27273	 32.25962	 3	 8594	 
73.63636	 32.25962	 3	 8595	 
75.00000	 32.25962	 3	 8596	 
76.36364	 32.25962	 2	 8597	 
77.72727	 32.25962	 2	 8598	 
79.09091	 32.25962	 3	 8599	 
80.45454	 32.25962	 3	 8600	 
81.81818	 32.25962	 3	 8601	 
83.18182	 32.25962	 3	 8602	 
84.54546	 32.25962	 3	 8603	 
85.90909	 32.25962	 3	 8604	 
87.27273	 32.25962	 3	 8605	 
88.63636	 32.25962	 3	 8606	 
90.00000	 32.25962	 3	 8607	 
91.36364	 32.25962	 3	 8608	 
92.72727	 32.25962	 3	 8609	 
94.09091	 32.25962	 3	 8610	 
95.45454	 32.25962	 3	 8611	 
96.81818	 32.25962	 3	 8612	 
98.18182	 32.25962	 3	 8613	 
99.54546	 32.25962	 3	 8614	 
100.90909	 32.25962	 3	 8615	 
102.27273	 32.25962	 3	 8616	 
103.63636	 32.25962	 3	 8617	 
105.00000	 32.25962	 3	 8618	 
106.36364	 32.25962	 3	 8619	 
107.72727	 32.25962	 3	 8620	 
109.09091	 32.25962	 3	 8621	 
110.45454	 32.25962	 3	 8622	 
111.81818	 32.25962	 2	 8623	 
113.18182	 32.25962	 2	 8624	 
114.54546	 32.25962	 2	 8625	 
115.90909	 32.25962	 2	 8626	 
117.27273	 32.25962	 2	 8627	 
118.63636	 32.25962	 2	 8628	 
120.00000	 32.25962	 2	 8629	 
130.90909	 32.25962	 2	 8637	 
-115.90909	 32.25962	 2	 8720	 
-114.54546	 32.25962	 4	 8721	 
-113.18182	 32.25962	 3	 8722	 
-111.81818	 32.25962	 3	 8723	 
-110.45454	 32.25962	 3	 8724	 
-109.09091	 32.25962	 4	 8725	 
-107.72728	 32.25962	 4	 8726	 
-106.36363	 32.25962	 2	 8727	 
-105.00000	 32.25962	 2	 8728	 
-103.63635	 32.25962	 1	 8729	 
-102.27274	 32.25962	 2	 8730	 
-100.90909	 32.25962	 2	 8731	 
-99.54544	 32.25962	 2	 8732	 
-98.18182	 32.25962	 2	 8733	 
-96.81818	 32.25962	 4	 8734	 
-95.45456	 32.25962	 4	 8735	 
-94.09091	 32.25962	 4	 8736	 
-92.72726	 32.25962	 4	 8737	 
-91.36365	 32.25962	 3	 8738	 
-90.00000	 32.25962	 4	 8739	 
-88.63635	 32.25962	 4	 8740	 
-87.27274	 32.25962	 4	 8741	 
-85.90909	 32.25962	 4	 8742	 
-84.54544	 32.25962	 4	 8743	 
-83.18182	 32.25962	 4	 8744	 
-81.81818	 32.25962	 1	 8745	 
-8.18182	 32.25962	 2	 8799	 
-6.81818	 32.25962	 2	 8800	 
-5.45456	 32.25962	 2	 8801	 
-4.09091	 32.25962	 2	 8802	 
-2.72726	 32.25962	 2	 8803	 
-1.36365	 32.25962	 2	 8804	 
 0.00000	 31.32456	 2	 8805	 
 1.34328	 31.32456	 1	 8806	 
 2.68657	 31.32456	 1	 8807	 
 4.02985	 31.32456	 2	 8808	 
 5.37313	 31.32456	 2	 8809	 
 6.71642	 31.32456	 1	 8810	 
 8.05970	 31.32456	 1	 8811	 
 9.40298	 31.32456	 1	 8812	 
10.74627	 31.32456	 2	 8813	 
12.08955	 31.32456	 1	 8814	 
13.43284	 31.32456	 2	 8815	 
14.77612	 31.32456	 2	 8816	 
20.14925	 31.32456	 3	 8820	 
21.49254	 31.32456	 2	 8821	 
22.83582	 31.32456	 2	 8822	 
24.17910	 31.32456	 2	 8823	 
25.52239	 31.32456	 2	 8824	 
34.92537	 31.32456	 2	 8831	 
36.26866	 31.32456	 3	 8832	 
37.61194	 31.32456	 3	 8833	 
38.95522	 31.32456	 3	 8834	 
40.29851	 31.32456	 2	 8835	 
41.64179	 31.32456	 2	 8836	 
42.98507	 31.32456	 2	 8837	 
44.32836	 31.32456	 2	 8838	 
45.67164	 31.32456	 3	 8839	 
47.01493	 31.32456	 3	 8840	 
48.35821	 31.32456	 3	 8841	 
49.70149	 31.32456	 2	 8842	 
51.04478	 31.32456	 3	 8843	 
52.38806	 31.32456	 3	 8844	 
53.73134	 31.32456	 3	 8845	 
55.07463	 31.32456	 3	 8846	 
56.41791	 31.32456	 3	 8847	 
57.76119	 31.32456	 3	 8848	 
59.10448	 31.32456	 3	 8849	 
60.44776	 31.32456	 3	 8850	 
61.79105	 31.32456	 3	 8851	 
63.13433	 31.32456	 2	 8852	 
64.47762	 31.32456	 4	 8853	 
65.82089	 31.32456	 4	 8854	 
67.16418	 31.32456	 3	 8855	 
68.50746	 31.32456	 3	 8856	 
69.85075	 31.32456	 3	 8857	 
71.19403	 31.32456	 1	 8858	 
72.53732	 31.32456	 3	 8859	 
73.88060	 31.32456	 3	 8860	 
75.22388	 31.32456	 2	 8861	 
76.56716	 31.32456	 2	 8862	 
77.91045	 31.32456	 3	 8863	 
79.25373	 31.32456	 3	 8864	 
80.59702	 31.32456	 3	 8865	 
81.94030	 31.32456	 3	 8866	 
83.28358	 31.32456	 3	 8867	 
84.62687	 31.32456	 3	 8868	 
85.97015	 31.32456	 3	 8869	 
87.31343	 31.32456	 3	 8870	 
88.65672	 31.32456	 3	 8871	 
90.00000	 31.32456	 3	 8872	 
91.34328	 31.32456	 3	 8873	 
92.68657	 31.32456	 3	 8874	 
94.02985	 31.32456	 3	 8875	 
95.37313	 31.32456	 3	 8876	 
96.71642	 31.32456	 3	 8877	 
98.05970	 31.32456	 3	 8878	 
99.40298	 31.32456	 3	 8879	 
100.74627	 31.32456	 3	 8880	 
102.08955	 31.32456	 3	 8881	 
103.43284	 31.32456	 3	 8882	 
104.77612	 31.32456	 3	 8883	 
106.11940	 31.32456	 3	 8884	 
107.46268	 31.32456	 3	 8885	 
108.80597	 31.32456	 4	 8886	 
110.14925	 31.32456	 3	 8887	 
111.49254	 31.32456	 3	 8888	 
112.83582	 31.32456	 2	 8889	 
114.17911	 31.32456	 2	 8890	 
115.52238	 31.32456	 3	 8891	 
116.86567	 31.32456	 2	 8892	 
118.20895	 31.32456	 2	 8893	 
119.55224	 31.32456	 2	 8894	 
120.89552	 31.32456	 2	 8895	 
-115.52238	 31.32456	 2	 8987	 
-112.83582	 31.32456	 3	 8989	 
-111.49254	 31.32456	 3	 8990	 
-110.14925	 31.32456	 3	 8991	 
-108.80597	 31.32456	 4	 8992	 
-107.46269	 31.32456	 2	 8993	 
-106.11940	 31.32456	 2	 8994	 
-104.77612	 31.32456	 2	 8995	 
-103.43283	 31.32456	 2	 8996	 
-102.08954	 31.32456	 2	 8997	 
-100.74628	 31.32456	 2	 8998	 
-99.40298	 31.32456	 4	 8999	 
-98.05969	 31.32456	 4	 9000	 
-96.71643	 31.32456	 2	 9001	 
-95.37314	 31.32456	 4	 9002	 
-94.02985	 31.32456	 4	 9003	 
-92.68655	 31.32456	 4	 9004	 
-91.34329	 31.32456	 2	 9005	 
-90.00000	 31.32456	 4	 9006	 
-88.65671	 31.32456	 4	 9007	 
-87.31345	 31.32456	 4	 9008	 
-85.97015	 31.32456	 4	 9009	 
-84.62686	 31.32456	 4	 9010	 
-83.28357	 31.32456	 4	 9011	 
-81.94031	 31.32456	 1	 9012	 
-9.40298	 31.32456	 2	 9066	 
-8.05969	 31.32456	 2	 9067	 
-6.71643	 31.32456	 2	 9068	 
-5.37314	 31.32456	 2	 9069	 
-4.02985	 31.32456	 2	 9070	 
-2.68655	 31.32456	 2	 9071	 
-1.34329	 31.32456	 2	 9072	 
 0.00000	 30.38950	 1	 9073	 
 1.32353	 30.38950	 1	 9074	 
 2.64706	 30.38950	 3	 9075	 
 3.97059	 30.38950	 2	 9076	 
 5.29412	 30.38950	 1	 9077	 
 6.61765	 30.38950	 1	 9078	 
 7.94118	 30.38950	 1	 9079	 
 9.26471	 30.38950	 1	 9080	 
10.58823	 30.38950	 2	 9081	 
11.91177	 30.38950	 2	 9082	 
13.23529	 30.38950	 2	 9083	 
14.55882	 30.38950	 2	 9084	 
15.88235	 30.38950	 2	 9085	 
17.20588	 30.38950	 2	 9086	 
21.17647	 30.38950	 2	 9089	 
22.50000	 30.38950	 2	 9090	 
23.82353	 30.38950	 2	 9091	 
25.14706	 30.38950	 1	 9092	 
26.47059	 30.38950	 1	 9093	 
27.79412	 30.38950	 2	 9094	 
29.11765	 30.38950	 2	 9095	 
30.44118	 30.38950	 2	 9096	 
31.76471	 30.38950	 3	 9097	 
33.08823	 30.38950	 1	 9098	 
34.41177	 30.38950	 2	 9099	 
35.73529	 30.38950	 3	 9100	 
37.05882	 30.38950	 3	 9101	 
38.38235	 30.38950	 3	 9102	 
39.70588	 30.38950	 3	 9103	 
41.02941	 30.38950	 3	 9104	 
42.35294	 30.38950	 1	 9105	 
43.67647	 30.38950	 2	 9106	 
45.00000	 30.38950	 2	 9107	 
46.32353	 30.38950	 2	 9108	 
47.64706	 30.38950	 3	 9109	 
50.29412	 30.38950	 2	 9111	 
51.61765	 30.38950	 3	 9112	 
52.94118	 30.38950	 3	 9113	 
54.26471	 30.38950	 3	 9114	 
55.58823	 30.38950	 3	 9115	 
56.91177	 30.38950	 3	 9116	 
58.23529	 30.38950	 3	 9117	 
59.55882	 30.38950	 3	 9118	 
60.88235	 30.38950	 3	 9119	 
62.20588	 30.38950	 3	 9120	 
63.52941	 30.38950	 4	 9121	 
64.85294	 30.38950	 4	 9122	 
66.17647	 30.38950	 4	 9123	 
67.50000	 30.38950	 3	 9124	 
68.82353	 30.38950	 3	 9125	 
70.14706	 30.38950	 3	 9126	 
71.47059	 30.38950	 3	 9127	 
72.79412	 30.38950	 3	 9128	 
74.11765	 30.38950	 3	 9129	 
75.44118	 30.38950	 2	 9130	 
76.76471	 30.38950	 2	 9131	 
78.08823	 30.38950	 4	 9132	 
79.41177	 30.38950	 3	 9133	 
80.73529	 30.38950	 3	 9134	 
82.05882	 30.38950	 3	 9135	 
83.38235	 30.38950	 3	 9136	 
84.70588	 30.38950	 3	 9137	 
86.02941	 30.38950	 3	 9138	 
87.35294	 30.38950	 3	 9139	 
88.67647	 30.38950	 3	 9140	 
90.00000	 30.38950	 3	 9141	 
91.32353	 30.38950	 3	 9142	 
92.64706	 30.38950	 3	 9143	 
93.97059	 30.38950	 3	 9144	 
95.29412	 30.38950	 3	 9145	 
96.61765	 30.38950	 3	 9146	 
97.94118	 30.38950	 3	 9147	 
99.26471	 30.38950	 3	 9148	 
100.58823	 30.38950	 3	 9149	 
101.91177	 30.38950	 3	 9150	 
103.23529	 30.38950	 3	 9151	 
104.55882	 30.38950	 3	 9152	 
105.88235	 30.38950	 3	 9153	 
107.20588	 30.38950	 3	 9154	 
108.52941	 30.38950	 4	 9155	 
109.85294	 30.38950	 3	 9156	 
111.17647	 30.38950	 4	 9157	 
112.50000	 30.38950	 2	 9158	 
113.82353	 30.38950	 2	 9159	 
115.14706	 30.38950	 2	 9160	 
116.47059	 30.38950	 2	 9161	 
117.79412	 30.38950	 4	 9162	 
119.11765	 30.38950	 4	 9163	 
120.44118	 30.38950	 4	 9164	 
-115.14706	 30.38950	 2	 9258	 
-112.50000	 30.38950	 3	 9260	 
-111.17647	 30.38950	 2	 9261	 
-109.85294	 30.38950	 2	 9262	 
-108.52942	 30.38950	 2	 9263	 
-107.20589	 30.38950	 2	 9264	 
-105.88235	 30.38950	 2	 9265	 
-104.55882	 30.38950	 2	 9266	 
-103.23529	 30.38950	 2	 9267	 
-101.91177	 30.38950	 2	 9268	 
-100.58823	 30.38950	 4	 9269	 
-99.26471	 30.38950	 4	 9270	 
-97.94116	 30.38950	 4	 9271	 
-96.61765	 30.38950	 2	 9272	 
-95.29413	 30.38950	 4	 9273	 
-93.97058	 30.38950	 3	 9274	 
-92.64706	 30.38950	 4	 9275	 
-91.32352	 30.38950	 3	 9276	 
-84.70587	 30.38950	 1	 9281	 
-83.38235	 30.38950	 1	 9282	 
-82.05884	 30.38950	 1	 9283	 
-9.26471	 30.38950	 2	 9338	 
-7.94116	 30.38950	 2	 9339	 
-6.61765	 30.38950	 2	 9340	 
-5.29413	 30.38950	 2	 9341	 
-3.97058	 30.38950	 2	 9342	 
-2.64706	 30.38950	 2	 9343	 
-1.32352	 30.38950	 1	 9344	 
 0.00000	 29.45444	 1	 9345	 
 1.30435	 29.45444	 2	 9346	 
 2.60870	 29.45444	 2	 9347	 
 3.91304	 29.45444	 2	 9348	 
 5.21739	 29.45444	 1	 9349	 
 6.52174	 29.45444	 1	 9350	 
 7.82609	 29.45444	 1	 9351	 
 9.13043	 29.45444	 2	 9352	 
10.43478	 29.45444	 2	 9353	 
11.73913	 29.45444	 2	 9354	 
13.04348	 29.45444	 2	 9355	 
14.34783	 29.45444	 2	 9356	 
15.65217	 29.45444	 2	 9357	 
16.95652	 29.45444	 2	 9358	 
18.26087	 29.45444	 2	 9359	 
19.56522	 29.45444	 2	 9360	 
20.86957	 29.45444	 2	 9361	 
22.17391	 29.45444	 1	 9362	 
23.47826	 29.45444	 1	 9363	 
24.78261	 29.45444	 1	 9364	 
26.08696	 29.45444	 1	 9365	 
27.39130	 29.45444	 3	 9366	 
28.69565	 29.45444	 1	 9367	 
30.00000	 29.45444	 2	 9368	 
31.30435	 29.45444	 2	 9369	 
32.60870	 29.45444	 2	 9370	 
33.91304	 29.45444	 2	 9371	 
35.21739	 29.45444	 2	 9372	 
36.52174	 29.45444	 1	 9373	 
37.82609	 29.45444	 1	 9374	 
39.13044	 29.45444	 1	 9375	 
40.43478	 29.45444	 1	 9376	 
41.73913	 29.45444	 3	 9377	 
43.04348	 29.45444	 3	 9378	 
44.34783	 29.45444	 2	 9379	 
45.65217	 29.45444	 1	 9380	 
46.95652	 29.45444	 1	 9381	 
52.17391	 29.45444	 2	 9385	 
53.47826	 29.45444	 3	 9386	 
54.78261	 29.45444	 3	 9387	 
56.08696	 29.45444	 3	 9388	 
57.39130	 29.45444	 3	 9389	 
58.69565	 29.45444	 3	 9390	 
60.00000	 29.45444	 3	 9391	 
61.30435	 29.45444	 3	 9392	 
62.60870	 29.45444	 4	 9393	 
63.91304	 29.45444	 3	 9394	 
65.21739	 29.45444	 3	 9395	 
66.52174	 29.45444	 3	 9396	 
67.82609	 29.45444	 3	 9397	 
69.13043	 29.45444	 3	 9398	 
70.43478	 29.45444	 3	 9399	 
71.73913	 29.45444	 3	 9400	 
73.04348	 29.45444	 3	 9401	 
74.34782	 29.45444	 3	 9402	 
75.65218	 29.45444	 3	 9403	 
76.95652	 29.45444	 2	 9404	 
78.26087	 29.45444	 2	 9405	 
79.56522	 29.45444	 4	 9406	 
80.86957	 29.45444	 3	 9407	 
82.17391	 29.45444	 3	 9408	 
83.47826	 29.45444	 3	 9409	 
84.78261	 29.45444	 3	 9410	 
86.08696	 29.45444	 3	 9411	 
87.39130	 29.45444	 3	 9412	 
88.69566	 29.45444	 3	 9413	 
90.00000	 29.45444	 3	 9414	 
91.30434	 29.45444	 3	 9415	 
92.60870	 29.45444	 3	 9416	 
93.91304	 29.45444	 3	 9417	 
95.21739	 29.45444	 3	 9418	 
96.52174	 29.45444	 3	 9419	 
97.82609	 29.45444	 3	 9420	 
99.13043	 29.45444	 3	 9421	 
100.43478	 29.45444	 3	 9422	 
101.73913	 29.45444	 3	 9423	 
103.04348	 29.45444	 4	 9424	 
104.34782	 29.45444	 3	 9425	 
105.65218	 29.45444	 3	 9426	 
106.95652	 29.45444	 3	 9427	 
108.26087	 29.45444	 4	 9428	 
109.56522	 29.45444	 4	 9429	 
110.86957	 29.45444	 4	 9430	 
112.17391	 29.45444	 4	 9431	 
113.47826	 29.45444	 4	 9432	 
114.78261	 29.45444	 4	 9433	 
116.08696	 29.45444	 4	 9434	 
117.39130	 29.45444	 4	 9435	 
118.69566	 29.45444	 4	 9436	 
120.00000	 29.45444	 4	 9437	 
121.30434	 29.45444	 4	 9438	 
-112.17392	 29.45444	 4	 9535	 
-110.86957	 29.45444	 2	 9536	 
-109.56522	 29.45444	 2	 9537	 
-108.26086	 29.45444	 2	 9538	 
-106.95653	 29.45444	 2	 9539	 
-105.65218	 29.45444	 2	 9540	 
-104.34782	 29.45444	 2	 9541	 
-103.04349	 29.45444	 2	 9542	 
-101.73914	 29.45444	 2	 9543	 
-100.43478	 29.45444	 4	 9544	 
-99.13043	 29.45444	 4	 9545	 
-97.82608	 29.45444	 4	 9546	 
-96.52173	 29.45444	 4	 9547	 
-95.21738	 29.45444	 4	 9548	 
-82.17392	 29.45444	 1	 9558	 
-9.13043	 29.45444	 2	 9614	 
-7.82608	 29.45444	 2	 9615	 
-6.52173	 29.45444	 2	 9616	 
-5.21738	 29.45444	 2	 9617	 
-3.91306	 29.45444	 2	 9618	 
-2.60870	 29.45444	 1	 9619	 
-1.30435	 29.45444	 1	 9620	 
 0.00000	 28.51937	 2	 9621	 
 1.28571	 28.51937	 2	 9622	 
 2.57143	 28.51937	 1	 9623	 
 3.85714	 28.51937	 2	 9624	 
 5.14286	 28.51937	 2	 9625	 
 6.42857	 28.51937	 2	 9626	 
 7.71429	 28.51937	 2	 9627	 
 9.00000	 28.51937	 2	 9628	 
10.28571	 28.51937	 2	 9629	 
11.57143	 28.51937	 1	 9630	 
12.85714	 28.51937	 2	 9631	 
14.14286	 28.51937	 2	 9632	 
15.42857	 28.51937	 2	 9633	 
16.71428	 28.51937	 2	 9634	 
18.00000	 28.51937	 2	 9635	 
19.28572	 28.51937	 1	 9636	 
20.57143	 28.51937	 2	 9637	 
21.85714	 28.51937	 2	 9638	 
23.14286	 28.51937	 1	 9639	 
24.42857	 28.51937	 1	 9640	 
25.71428	 28.51937	 1	 9641	 
27.00000	 28.51937	 1	 9642	 
28.28572	 28.51937	 1	 9643	 
29.57143	 28.51937	 2	 9644	 
30.85714	 28.51937	 2	 9645	 
32.14286	 28.51937	 3	 9646	 
33.42857	 28.51937	 3	 9647	 
34.71429	 28.51937	 2	 9648	 
36.00000	 28.51937	 2	 9649	 
37.28571	 28.51937	 1	 9650	 
38.57143	 28.51937	 1	 9651	 
39.85714	 28.51937	 1	 9652	 
41.14286	 28.51937	 1	 9653	 
42.42857	 28.51937	 1	 9654	 
43.71429	 28.51937	 3	 9655	 
45.00000	 28.51937	 1	 9656	 
46.28571	 28.51937	 1	 9657	 
47.57143	 28.51937	 1	 9658	 
51.42857	 28.51937	 2	 9661	 
52.71429	 28.51937	 2	 9662	 
54.00000	 28.51937	 2	 9663	 
55.28571	 28.51937	 3	 9664	 
56.57143	 28.51937	 2	 9665	 
57.85714	 28.51937	 3	 9666	 
59.14286	 28.51937	 3	 9667	 
60.42857	 28.51937	 3	 9668	 
61.71429	 28.51937	 3	 9669	 
63.00000	 28.51937	 3	 9670	 
64.28571	 28.51937	 3	 9671	 
65.57143	 28.51937	 3	 9672	 
66.85714	 28.51937	 3	 9673	 
68.14286	 28.51937	 2	 9674	 
69.42857	 28.51937	 3	 9675	 
70.71429	 28.51937	 1	 9676	 
72.00000	 28.51937	 1	 9677	 
73.28571	 28.51937	 1	 9678	 
74.57143	 28.51937	 1	 9679	 
75.85714	 28.51937	 1	 9680	 
77.14286	 28.51937	 2	 9681	 
78.42857	 28.51937	 2	 9682	 
79.71429	 28.51937	 2	 9683	 
81.00000	 28.51937	 2	 9684	 
82.28571	 28.51937	 3	 9685	 
83.57143	 28.51937	 3	 9686	 
84.85714	 28.51937	 3	 9687	 
86.14286	 28.51937	 3	 9688	 
87.42857	 28.51937	 3	 9689	 
88.71429	 28.51937	 3	 9690	 
90.00000	 28.51937	 3	 9691	 
91.28571	 28.51937	 3	 9692	 
92.57143	 28.51937	 3	 9693	 
93.85714	 28.51937	 3	 9694	 
95.14286	 28.51937	 3	 9695	 
96.42857	 28.51937	 3	 9696	 
97.71429	 28.51937	 3	 9697	 
99.00000	 28.51937	 3	 9698	 
100.28571	 28.51937	 3	 9699	 
101.57143	 28.51937	 3	 9700	 
102.85714	 28.51937	 3	 9701	 
104.14286	 28.51937	 4	 9702	 
105.42857	 28.51937	 3	 9703	 
106.71429	 28.51937	 4	 9704	 
108.00000	 28.51937	 4	 9705	 
109.28571	 28.51937	 4	 9706	 
110.57143	 28.51937	 4	 9707	 
111.85714	 28.51937	 4	 9708	 
113.14286	 28.51937	 4	 9709	 
114.42857	 28.51937	 4	 9710	 
115.71429	 28.51937	 4	 9711	 
117.00000	 28.51937	 4	 9712	 
118.28571	 28.51937	 4	 9713	 
119.57143	 28.51937	 4	 9714	 
120.85714	 28.51937	 4	 9715	 
-113.14285	 28.51937	 2	 9813	 
-110.57143	 28.51937	 3	 9815	 
-109.28572	 28.51937	 2	 9816	 
-108.00000	 28.51937	 2	 9817	 
-106.71428	 28.51937	 2	 9818	 
-105.42857	 28.51937	 2	 9819	 
-104.14285	 28.51937	 2	 9820	 
-102.85715	 28.51937	 2	 9821	 
-101.57144	 28.51937	 2	 9822	 
-100.28571	 28.51937	 4	 9823	 
-99.00000	 28.51937	 4	 9824	 
-97.71429	 28.51937	 2	 9825	 
-82.28571	 28.51937	 1	 9837	 
-10.28571	 28.51937	 2	 9893	 
-9.00000	 28.51937	 2	 9894	 
-7.71429	 28.51937	 2	 9895	 
-6.42856	 28.51937	 2	 9896	 
-5.14285	 28.51937	 2	 9897	 
-3.85715	 28.51937	 1	 9898	 
-2.57144	 28.51937	 1	 9899	 
-1.28571	 28.51937	 1	 9900	 
 0.00000	 27.58431	 2	 9901	 
 1.26761	 27.58431	 2	 9902	 
 2.53521	 27.58431	 2	 9903	 
 3.80282	 27.58431	 2	 9904	 
 5.07042	 27.58431	 2	 9905	 
 6.33803	 27.58431	 2	 9906	 
 7.60563	 27.58431	 1	 9907	 
 8.87324	 27.58431	 2	 9908	 
10.14085	 27.58431	 1	 9909	 
11.40845	 27.58431	 1	 9910	 
12.67606	 27.58431	 1	 9911	 
13.94366	 27.58431	 1	 9912	 
15.21127	 27.58431	 2	 9913	 
16.47887	 27.58431	 1	 9914	 
17.74648	 27.58431	 1	 9915	 
19.01408	 27.58431	 2	 9916	 
20.28169	 27.58431	 2	 9917	 
21.54930	 27.58431	 2	 9918	 
22.81690	 27.58431	 1	 9919	 
24.08451	 27.58431	 2	 9920	 
25.35211	 27.58431	 1	 9921	 
26.61972	 27.58431	 1	 9922	 
27.88732	 27.58431	 1	 9923	 
29.15493	 27.58431	 2	 9924	 
30.42253	 27.58431	 2	 9925	 
31.69014	 27.58431	 2	 9926	 
32.95774	 27.58431	 3	 9927	 
36.76056	 27.58431	 2	 9930	 
38.02817	 27.58431	 1	 9931	 
39.29578	 27.58431	 1	 9932	 
40.56338	 27.58431	 1	 9933	 
41.83099	 27.58431	 1	 9934	 
43.09859	 27.58431	 1	 9935	 
44.36620	 27.58431	 1	 9936	 
45.63380	 27.58431	 1	 9937	 
46.90141	 27.58431	 1	 9938	 
48.16901	 27.58431	 1	 9939	 
53.23944	 27.58431	 2	 9943	 
54.50704	 27.58431	 2	 9944	 
55.77465	 27.58431	 2	 9945	 
57.04226	 27.58431	 2	 9946	 
58.30986	 27.58431	 3	 9947	 
59.57747	 27.58431	 3	 9948	 
60.84507	 27.58431	 3	 9949	 
62.11267	 27.58431	 3	 9950	 
63.38028	 27.58431	 3	 9951	 
64.64789	 27.58431	 3	 9952	 
65.91549	 27.58431	 3	 9953	 
67.18310	 27.58431	 3	 9954	 
68.45071	 27.58431	 2	 9955	 
69.71831	 27.58431	 1	 9956	 
70.98592	 27.58431	 1	 9957	 
72.25352	 27.58431	 1	 9958	 
73.52113	 27.58431	 1	 9959	 
74.78873	 27.58431	 1	 9960	 
76.05634	 27.58431	 2	 9961	 
77.32394	 27.58431	 2	 9962	 
78.59155	 27.58431	 2	 9963	 
79.85915	 27.58431	 2	 9964	 
81.12676	 27.58431	 2	 9965	 
82.39436	 27.58431	 2	 9966	 
83.66197	 27.58431	 2	 9967	 
84.92958	 27.58431	 3	 9968	 
86.19718	 27.58431	 3	 9969	 
87.46479	 27.58431	 3	 9970	 
88.73239	 27.58431	 3	 9971	 
90.00000	 27.58431	 3	 9972	 
91.26761	 27.58431	 3	 9973	 
92.53521	 27.58431	 3	 9974	 
93.80282	 27.58431	 3	 9975	 
95.07042	 27.58431	 4	 9976	 
96.33803	 27.58431	 4	 9977	 
97.60564	 27.58431	 3	 9978	 
98.87324	 27.58431	 3	 9979	 
100.14085	 27.58431	 3	 9980	 
101.40845	 27.58431	 2	 9981	 
102.67606	 27.58431	 4	 9982	 
103.94366	 27.58431	 3	 9983	 
105.21127	 27.58431	 4	 9984	 
106.47887	 27.58431	 4	 9985	 
107.74648	 27.58431	 4	 9986	 
109.01408	 27.58431	 4	 9987	 
110.28169	 27.58431	 4	 9988	 
111.54929	 27.58431	 4	 9989	 
112.81690	 27.58431	 4	 9990	 
114.08451	 27.58431	 4	 9991	 
115.35211	 27.58431	 4	 9992	 
116.61972	 27.58431	 4	 9993	 
117.88732	 27.58431	 4	 9994	 
119.15493	 27.58431	 4	 9995	 
120.42254	 27.58431	 4	 9996	 
-114.08450	 27.58431	 2	 10095	 
-112.81689	 27.58431	 2	 10096	 
-109.01408	 27.58431	 2	 10099	 
-107.74648	 27.58431	 2	 10100	 
-106.47887	 27.58431	 2	 10101	 
-105.21127	 27.58431	 2	 10102	 
-103.94366	 27.58431	 2	 10103	 
-102.67606	 27.58431	 2	 10104	 
-101.40845	 27.58431	 2	 10105	 
-100.14084	 27.58431	 2	 10106	 
-98.87323	 27.58431	 2	 10107	 
-97.60562	 27.58431	 4	 10108	 
-81.12677	 27.58431	 1	 10121	 
-12.67606	 27.58431	 2	 10175	 
-11.40845	 27.58431	 2	 10176	 
-10.14084	 27.58431	 2	 10177	 
-8.87323	 27.58431	 2	 10178	 
-7.60562	 27.58431	 2	 10179	 
-6.33804	 27.58431	 2	 10180	 
-5.07043	 27.58431	 1	 10181	 
-3.80283	 27.58431	 1	 10182	 
-2.53522	 27.58431	 1	 10183	 
-1.26761	 27.58431	 1	 10184	 
 0.00000	 26.64925	 2	 10185	 
 1.25000	 26.64925	 2	 10186	 
 2.50000	 26.64925	 2	 10187	 
 3.75000	 26.64925	 2	 10188	 
 5.00000	 26.64925	 2	 10189	 
 6.25000	 26.64925	 2	 10190	 
 7.50000	 26.64925	 2	 10191	 
 8.75000	 26.64925	 2	 10192	 
10.00000	 26.64925	 2	 10193	 
11.25000	 26.64925	 1	 10194	 
12.50000	 26.64925	 1	 10195	 
13.75000	 26.64925	 2	 10196	 
15.00000	 26.64925	 2	 10197	 
16.25000	 26.64925	 2	 10198	 
17.50000	 26.64925	 2	 10199	 
18.75000	 26.64925	 2	 10200	 
20.00000	 26.64925	 2	 10201	 
21.25000	 26.64925	 2	 10202	 
22.50000	 26.64925	 1	 10203	 
23.75000	 26.64925	 2	 10204	 
25.00000	 26.64925	 1	 10205	 
26.25000	 26.64925	 1	 10206	 
27.50000	 26.64925	 2	 10207	 
28.75000	 26.64925	 2	 10208	 
30.00000	 26.64925	 2	 10209	 
31.25000	 26.64925	 2	 10210	 
32.50000	 26.64925	 2	 10211	 
33.75000	 26.64925	 3	 10212	 
37.50000	 26.64925	 2	 10215	 
38.75000	 26.64925	 1	 10216	 
40.00000	 26.64925	 2	 10217	 
41.25000	 26.64925	 2	 10218	 
42.50000	 26.64925	 2	 10219	 
43.75000	 26.64925	 1	 10220	 
45.00000	 26.64925	 1	 10221	 
46.25000	 26.64925	 1	 10222	 
47.50000	 26.64925	 1	 10223	 
48.75000	 26.64925	 1	 10224	 
57.50000	 26.64925	 3	 10231	 
58.75000	 26.64925	 3	 10232	 
60.00000	 26.64925	 3	 10233	 
61.25000	 26.64925	 3	 10234	 
62.50000	 26.64925	 3	 10235	 
63.75000	 26.64925	 3	 10236	 
65.00000	 26.64925	 3	 10237	 
66.25000	 26.64925	 3	 10238	 
67.50000	 26.64925	 3	 10239	 
68.75000	 26.64925	 1	 10240	 
70.00000	 26.64925	 1	 10241	 
71.25000	 26.64925	 1	 10242	 
72.50000	 26.64925	 1	 10243	 
73.75000	 26.64925	 2	 10244	 
75.00000	 26.64925	 2	 10245	 
76.25000	 26.64925	 2	 10246	 
77.50000	 26.64925	 2	 10247	 
78.75000	 26.64925	 2	 10248	 
80.00000	 26.64925	 2	 10249	 
81.25000	 26.64925	 2	 10250	 
82.50000	 26.64925	 2	 10251	 
83.75000	 26.64925	 2	 10252	 
85.00000	 26.64925	 2	 10253	 
86.25000	 26.64925	 2	 10254	 
87.50000	 26.64925	 2	 10255	 
88.75000	 26.64925	 2	 10256	 
90.00000	 26.64925	 2	 10257	 
91.25000	 26.64925	 4	 10258	 
92.50000	 26.64925	 4	 10259	 
93.75000	 26.64925	 4	 10260	 
95.00000	 26.64925	 4	 10261	 
96.25000	 26.64925	 4	 10262	 
97.50000	 26.64925	 4	 10263	 
98.75000	 26.64925	 3	 10264	 
100.00000	 26.64925	 3	 10265	 
101.25000	 26.64925	 3	 10266	 
102.50000	 26.64925	 4	 10267	 
103.75000	 26.64925	 4	 10268	 
105.00000	 26.64925	 3	 10269	 
106.25000	 26.64925	 4	 10270	 
107.50000	 26.64925	 4	 10271	 
108.75000	 26.64925	 4	 10272	 
110.00000	 26.64925	 4	 10273	 
111.25000	 26.64925	 4	 10274	 
112.50000	 26.64925	 4	 10275	 
113.75000	 26.64925	 4	 10276	 
115.00000	 26.64925	 4	 10277	 
116.25000	 26.64925	 4	 10278	 
117.50000	 26.64925	 4	 10279	 
118.75000	 26.64925	 4	 10280	 
-112.50000	 26.64925	 2	 10383	 
-108.75000	 26.64925	 2	 10386	 
-107.50000	 26.64925	 2	 10387	 
-106.25000	 26.64925	 2	 10388	 
-105.00000	 26.64925	 2	 10389	 
-103.75000	 26.64925	 2	 10390	 
-102.50000	 26.64925	 2	 10391	 
-101.25000	 26.64925	 2	 10392	 
-100.00000	 26.64925	 2	 10393	 
-98.75000	 26.64925	 2	 10394	 
-81.25000	 26.64925	 1	 10408	 
-12.50000	 26.64925	 2	 10463	 
-11.25000	 26.64925	 3	 10464	 
-10.00000	 26.64925	 2	 10465	 
-8.75000	 26.64925	 1	 10466	 
-7.50000	 26.64925	 2	 10467	 
-6.25000	 26.64925	 3	 10468	 
-5.00000	 26.64925	 3	 10469	 
-3.75000	 26.64925	 3	 10470	 
-2.50000	 26.64925	 1	 10471	 
-1.25000	 26.64925	 1	 10472	 
 0.00000	 25.71419	 2	 10473	 
 1.23288	 25.71419	 2	 10474	 
 2.46575	 25.71419	 3	 10475	 
 3.69863	 25.71419	 1	 10476	 
 4.93151	 25.71419	 3	 10477	 
 6.16438	 25.71419	 2	 10478	 
 7.39726	 25.71419	 2	 10479	 
 8.63014	 25.71419	 2	 10480	 
 9.86301	 25.71419	 3	 10481	 
11.09589	 25.71419	 1	 10482	 
12.32877	 25.71419	 3	 10483	 
13.56164	 25.71419	 1	 10484	 
14.79452	 25.71419	 2	 10485	 
16.02740	 25.71419	 2	 10486	 
17.26027	 25.71419	 2	 10487	 
18.49315	 25.71419	 2	 10488	 
19.72603	 25.71419	 1	 10489	 
20.95890	 25.71419	 2	 10490	 
22.19178	 25.71419	 2	 10491	 
23.42466	 25.71419	 2	 10492	 
24.65753	 25.71419	 2	 10493	 
25.89041	 25.71419	 1	 10494	 
27.12329	 25.71419	 1	 10495	 
28.35616	 25.71419	 2	 10496	 
29.58904	 25.71419	 2	 10497	 
30.82192	 25.71419	 2	 10498	 
32.05479	 25.71419	 2	 10499	 
33.28767	 25.71419	 3	 10500	 
38.21918	 25.71419	 2	 10504	 
39.45205	 25.71419	 2	 10505	 
40.68493	 25.71419	 2	 10506	 
41.91781	 25.71419	 2	 10507	 
43.15068	 25.71419	 2	 10508	 
44.38356	 25.71419	 1	 10509	 
45.61644	 25.71419	 3	 10510	 
46.84932	 25.71419	 3	 10511	 
48.08219	 25.71419	 3	 10512	 
49.31507	 25.71419	 1	 10513	 
59.17808	 25.71419	 2	 10521	 
60.41096	 25.71419	 2	 10522	 
61.64384	 25.71419	 3	 10523	 
62.87671	 25.71419	 3	 10524	 
64.10959	 25.71419	 3	 10525	 
65.34247	 25.71419	 3	 10526	 
66.57534	 25.71419	 3	 10527	 
67.80822	 25.71419	 3	 10528	 
69.04110	 25.71419	 2	 10529	 
70.27397	 25.71419	 1	 10530	 
71.50685	 25.71419	 1	 10531	 
72.73972	 25.71419	 2	 10532	 
73.97260	 25.71419	 2	 10533	 
75.20548	 25.71419	 2	 10534	 
76.43835	 25.71419	 2	 10535	 
77.67123	 25.71419	 3	 10536	 
78.90411	 25.71419	 3	 10537	 
80.13699	 25.71419	 3	 10538	 
81.36987	 25.71419	 2	 10539	 
82.60274	 25.71419	 2	 10540	 
83.83562	 25.71419	 2	 10541	 
85.06850	 25.71419	 2	 10542	 
86.30137	 25.71419	 2	 10543	 
87.53425	 25.71419	 2	 10544	 
88.76712	 25.71419	 2	 10545	 
90.00000	 25.71419	 2	 10546	 
91.23288	 25.71419	 4	 10547	 
92.46575	 25.71419	 4	 10548	 
93.69863	 25.71419	 4	 10549	 
94.93150	 25.71419	 4	 10550	 
96.16438	 25.71419	 4	 10551	 
97.39726	 25.71419	 4	 10552	 
98.63013	 25.71419	 3	 10553	 
99.86301	 25.71419	 3	 10554	 
101.09589	 25.71419	 3	 10555	 
102.32877	 25.71419	 3	 10556	 
103.56165	 25.71419	 4	 10557	 
104.79452	 25.71419	 4	 10558	 
106.02740	 25.71419	 4	 10559	 
107.26028	 25.71419	 4	 10560	 
108.49315	 25.71419	 4	 10561	 
109.72603	 25.71419	 4	 10562	 
110.95890	 25.71419	 4	 10563	 
112.19178	 25.71419	 4	 10564	 
113.42466	 25.71419	 4	 10565	 
114.65753	 25.71419	 4	 10566	 
115.89041	 25.71419	 4	 10567	 
117.12329	 25.71419	 4	 10568	 
118.35616	 25.71419	 4	 10569	 
-108.49315	 25.71419	 2	 10677	 
-107.26027	 25.71419	 2	 10678	 
-106.02740	 25.71419	 2	 10679	 
-104.79453	 25.71419	 2	 10680	 
-103.56165	 25.71419	 2	 10681	 
-102.32877	 25.71419	 2	 10682	 
-101.09589	 25.71419	 2	 10683	 
-99.86301	 25.71419	 2	 10684	 
-98.63013	 25.71419	 3	 10685	 
-97.39725	 25.71419	 2	 10686	 
-13.56165	 25.71419	 2	 10754	 
-12.32877	 25.71419	 2	 10755	 
-11.09589	 25.71419	 2	 10756	 
-9.86301	 25.71419	 2	 10757	 
-8.63013	 25.71419	 2	 10758	 
-7.39725	 25.71419	 2	 10759	 
-6.16440	 25.71419	 3	 10760	 
-4.93152	 25.71419	 3	 10761	 
-3.69864	 25.71419	 3	 10762	 
-2.46576	 25.71419	 1	 10763	 
-1.23288	 25.71419	 1	 10764	 
 0.00000	 24.77913	 2	 10765	 
 1.21622	 24.77913	 2	 10766	 
 2.43243	 24.77913	 1	 10767	 
 3.64865	 24.77913	 3	 10768	 
 4.86486	 24.77913	 1	 10769	 
 6.08108	 24.77913	 3	 10770	 
 7.29730	 24.77913	 3	 10771	 
 8.51351	 24.77913	 2	 10772	 
 9.72973	 24.77913	 3	 10773	 
10.94595	 24.77913	 1	 10774	 
12.16216	 24.77913	 1	 10775	 
13.37838	 24.77913	 1	 10776	 
14.59459	 24.77913	 2	 10777	 
15.81081	 24.77913	 2	 10778	 
17.02703	 24.77913	 2	 10779	 
18.24324	 24.77913	 2	 10780	 
19.45946	 24.77913	 1	 10781	 
20.67568	 24.77913	 1	 10782	 
21.89189	 24.77913	 1	 10783	 
23.10811	 24.77913	 2	 10784	 
24.32432	 24.77913	 2	 10785	 
25.54054	 24.77913	 2	 10786	 
26.75676	 24.77913	 1	 10787	 
27.97297	 24.77913	 2	 10788	 
29.18919	 24.77913	 2	 10789	 
30.40541	 24.77913	 2	 10790	 
31.62162	 24.77913	 2	 10791	 
32.83784	 24.77913	 2	 10792	 
34.05405	 24.77913	 3	 10793	 
37.70270	 24.77913	 2	 10796	 
38.91892	 24.77913	 2	 10797	 
40.13514	 24.77913	 2	 10798	 
41.35135	 24.77913	 2	 10799	 
42.56757	 24.77913	 2	 10800	 
43.78378	 24.77913	 2	 10801	 
45.00000	 24.77913	 1	 10802	 
46.21622	 24.77913	 3	 10803	 
47.43243	 24.77913	 3	 10804	 
48.64865	 24.77913	 3	 10805	 
49.86486	 24.77913	 1	 10806	 
51.08108	 24.77913	 3	 10807	 
55.94595	 24.77913	 2	 10811	 
68.10811	 24.77913	 3	 10821	 
69.32433	 24.77913	 1	 10822	 
70.54054	 24.77913	 1	 10823	 
71.75676	 24.77913	 1	 10824	 
72.97298	 24.77913	 2	 10825	 
74.18919	 24.77913	 2	 10826	 
75.40540	 24.77913	 2	 10827	 
76.62162	 24.77913	 4	 10828	 
77.83784	 24.77913	 4	 10829	 
79.05405	 24.77913	 3	 10830	 
80.27027	 24.77913	 3	 10831	 
81.48649	 24.77913	 3	 10832	 
82.70271	 24.77913	 2	 10833	 
83.91892	 24.77913	 2	 10834	 
85.13513	 24.77913	 2	 10835	 
86.35135	 24.77913	 2	 10836	 
87.56757	 24.77913	 2	 10837	 
88.78378	 24.77913	 2	 10838	 
90.00000	 24.77913	 2	 10839	 
91.21622	 24.77913	 2	 10840	 
92.43243	 24.77913	 4	 10841	 
93.64865	 24.77913	 3	 10842	 
94.86487	 24.77913	 4	 10843	 
96.08108	 24.77913	 4	 10844	 
97.29729	 24.77913	 4	 10845	 
98.51351	 24.77913	 4	 10846	 
99.72973	 24.77913	 4	 10847	 
100.94595	 24.77913	 4	 10848	 
102.16216	 24.77913	 3	 10849	 
103.37838	 24.77913	 4	 10850	 
104.59460	 24.77913	 4	 10851	 
105.81081	 24.77913	 4	 10852	 
107.02702	 24.77913	 4	 10853	 
108.24324	 24.77913	 4	 10854	 
109.45946	 24.77913	 4	 10855	 
110.67567	 24.77913	 4	 10856	 
111.89189	 24.77913	 4	 10857	 
113.10811	 24.77913	 4	 10858	 
114.32433	 24.77913	 4	 10859	 
115.54054	 24.77913	 3	 10860	 
116.75676	 24.77913	 4	 10861	 
117.97298	 24.77913	 4	 10862	 
-107.02702	 24.77913	 4	 10973	 
-105.81081	 24.77913	 2	 10974	 
-104.59459	 24.77913	 2	 10975	 
-103.37839	 24.77913	 2	 10976	 
-102.16217	 24.77913	 2	 10977	 
-100.94595	 24.77913	 2	 10978	 
-99.72974	 24.77913	 2	 10979	 
-98.51352	 24.77913	 2	 10980	 
-14.59460	 24.77913	 2	 11049	 
-13.37839	 24.77913	 2	 11050	 
-12.16217	 24.77913	 2	 11051	 
-10.94595	 24.77913	 2	 11052	 
-9.72974	 24.77913	 2	 11053	 
-8.51352	 24.77913	 2	 11054	 
-7.29730	 24.77913	 2	 11055	 
-6.08109	 24.77913	 1	 11056	 
-4.86487	 24.77913	 2	 11057	 
-3.64865	 24.77913	 2	 11058	 
-2.43243	 24.77913	 1	 11059	 
-1.21622	 24.77913	 2	 11060	 
 0.00000	 23.84407	 2	 11061	 
 1.20000	 23.84407	 2	 11062	 
 2.40000	 23.84407	 3	 11063	 
 3.60000	 23.84407	 3	 11064	 
 4.80000	 23.84407	 3	 11065	 
 6.00000	 23.84407	 1	 11066	 
 7.20000	 23.84407	 3	 11067	 
 8.40000	 23.84407	 3	 11068	 
 9.60000	 23.84407	 2	 11069	 
10.80000	 23.84407	 3	 11070	 
12.00000	 23.84407	 1	 11071	 
13.20000	 23.84407	 1	 11072	 
14.40000	 23.84407	 2	 11073	 
15.60000	 23.84407	 2	 11074	 
16.80000	 23.84407	 2	 11075	 
18.00000	 23.84407	 2	 11076	 
19.20000	 23.84407	 2	 11077	 
20.40000	 23.84407	 2	 11078	 
21.60000	 23.84407	 2	 11079	 
22.80000	 23.84407	 2	 11080	 
24.00000	 23.84407	 2	 11081	 
25.20000	 23.84407	 2	 11082	 
26.40000	 23.84407	 2	 11083	 
27.60000	 23.84407	 2	 11084	 
28.80000	 23.84407	 2	 11085	 
30.00000	 23.84407	 2	 11086	 
31.20000	 23.84407	 2	 11087	 
32.40000	 23.84407	 2	 11088	 
33.60000	 23.84407	 3	 11089	 
34.80000	 23.84407	 3	 11090	 
39.60000	 23.84407	 2	 11094	 
40.80000	 23.84407	 2	 11095	 
42.00000	 23.84407	 2	 11096	 
43.20000	 23.84407	 2	 11097	 
44.40000	 23.84407	 2	 11098	 
45.60000	 23.84407	 2	 11099	 
46.80000	 23.84407	 3	 11100	 
48.00000	 23.84407	 1	 11101	 
49.20000	 23.84407	 1	 11102	 
50.40000	 23.84407	 1	 11103	 
51.60000	 23.84407	 1	 11104	 
52.80000	 23.84407	 1	 11105	 
54.00000	 23.84407	 1	 11106	 
55.20000	 23.84407	 7	 11107	 
56.40000	 23.84407	 2	 11108	 
69.60000	 23.84407	 3	 11119	 
70.80000	 23.84407	 3	 11120	 
72.00000	 23.84407	 2	 11121	 
73.20000	 23.84407	 2	 11122	 
74.40000	 23.84407	 4	 11123	 
75.60000	 23.84407	 4	 11124	 
76.80000	 23.84407	 4	 11125	 
78.00000	 23.84407	 4	 11126	 
79.20000	 23.84407	 4	 11127	 
80.40000	 23.84407	 4	 11128	 
81.60000	 23.84407	 4	 11129	 
82.80000	 23.84407	 2	 11130	 
84.00000	 23.84407	 2	 11131	 
85.20000	 23.84407	 3	 11132	 
86.40000	 23.84407	 3	 11133	 
87.60000	 23.84407	 2	 11134	 
88.80000	 23.84407	 7	 11135	 
90.00000	 23.84407	 2	 11136	 
91.20000	 23.84407	 2	 11137	 
92.40000	 23.84407	 3	 11138	 
93.60000	 23.84407	 3	 11139	 
94.80000	 23.84407	 4	 11140	 
96.00000	 23.84407	 4	 11141	 
97.20000	 23.84407	 4	 11142	 
98.40000	 23.84407	 4	 11143	 
99.60000	 23.84407	 4	 11144	 
100.80000	 23.84407	 4	 11145	 
102.00000	 23.84407	 4	 11146	 
103.20000	 23.84407	 4	 11147	 
104.40000	 23.84407	 4	 11148	 
105.60000	 23.84407	 3	 11149	 
106.80000	 23.84407	 3	 11150	 
108.00000	 23.84407	 4	 11151	 
109.20000	 23.84407	 4	 11152	 
110.40000	 23.84407	 4	 11153	 
111.60000	 23.84407	 3	 11154	 
112.80000	 23.84407	 3	 11155	 
114.00000	 23.84407	 3	 11156	 
115.20000	 23.84407	 3	 11157	 
116.40000	 23.84407	 4	 11158	 
121.20000	 23.84407	 3	 11162	 
-105.60001	 23.84407	 2	 11273	 
-104.39999	 23.84407	 2	 11274	 
-103.20001	 23.84407	 2	 11275	 
-102.00000	 23.84407	 2	 11276	 
-100.79999	 23.84407	 2	 11277	 
-99.60001	 23.84407	 2	 11278	 
-98.39999	 23.84407	 3	 11279	 
-14.39999	 23.84407	 2	 11349	 
-13.20001	 23.84407	 2	 11350	 
-12.00000	 23.84407	 2	 11351	 
-10.79999	 23.84407	 2	 11352	 
-9.60001	 23.84407	 3	 11353	 
-8.39999	 23.84407	 3	 11354	 
-7.20001	 23.84407	 2	 11355	 
-6.00000	 23.84407	 2	 11356	 
-4.79999	 23.84407	 2	 11357	 
-3.60001	 23.84407	 1	 11358	 
-2.39999	 23.84407	 2	 11359	 
-1.20001	 23.84407	 2	 11360	 
 0.00000	 22.90901	 2	 11361	 
 1.18421	 22.90901	 2	 11362	 
 2.36842	 22.90901	 3	 11363	 
 3.55263	 22.90901	 3	 11364	 
 4.73684	 22.90901	 1	 11365	 
 5.92105	 22.90901	 1	 11366	 
 7.10526	 22.90901	 3	 11367	 
 8.28947	 22.90901	 3	 11368	 
 9.47368	 22.90901	 1	 11369	 
10.65790	 22.90901	 2	 11370	 
11.84210	 22.90901	 2	 11371	 
13.02632	 22.90901	 2	 11372	 
14.21053	 22.90901	 2	 11373	 
15.39474	 22.90901	 2	 11374	 
16.57895	 22.90901	 2	 11375	 
17.76316	 22.90901	 2	 11376	 
18.94737	 22.90901	 2	 11377	 
20.13158	 22.90901	 2	 11378	 
21.31579	 22.90901	 2	 11379	 
22.50000	 22.90901	 2	 11380	 
23.68421	 22.90901	 2	 11381	 
24.86842	 22.90901	 1	 11382	 
26.05263	 22.90901	 2	 11383	 
27.23684	 22.90901	 2	 11384	 
28.42105	 22.90901	 2	 11385	 
29.60526	 22.90901	 2	 11386	 
30.78947	 22.90901	 2	 11387	 
31.97368	 22.90901	 2	 11388	 
33.15789	 22.90901	 3	 11389	 
34.34211	 22.90901	 3	 11390	 
35.52632	 22.90901	 1	 11391	 
39.07895	 22.90901	 2	 11394	 
40.26316	 22.90901	 2	 11395	 
41.44737	 22.90901	 2	 11396	 
42.63158	 22.90901	 2	 11397	 
43.81579	 22.90901	 2	 11398	 
45.00000	 22.90901	 2	 11399	 
46.18421	 22.90901	 3	 11400	 
47.36842	 22.90901	 1	 11401	 
48.55263	 22.90901	 1	 11402	 
49.73684	 22.90901	 1	 11403	 
50.92105	 22.90901	 1	 11404	 
52.10526	 22.90901	 1	 11405	 
53.28947	 22.90901	 1	 11406	 
54.47368	 22.90901	 7	 11407	 
55.65789	 22.90901	 1	 11408	 
56.84211	 22.90901	 2	 11409	 
58.02632	 22.90901	 2	 11410	 
69.86842	 22.90901	 2	 11420	 
71.05264	 22.90901	 4	 11421	 
72.23684	 22.90901	 2	 11422	 
73.42105	 22.90901	 4	 11423	 
74.60526	 22.90901	 4	 11424	 
75.78947	 22.90901	 4	 11425	 
76.97369	 22.90901	 4	 11426	 
78.15790	 22.90901	 4	 11427	 
79.34210	 22.90901	 4	 11428	 
80.52631	 22.90901	 4	 11429	 
81.71053	 22.90901	 2	 11430	 
82.89474	 22.90901	 2	 11431	 
84.07895	 22.90901	 2	 11432	 
85.26316	 22.90901	 3	 11433	 
86.44736	 22.90901	 2	 11434	 
87.63158	 22.90901	 2	 11435	 
88.81579	 22.90901	 7	 11436	 
90.00000	 22.90901	 7	 11437	 
91.18421	 22.90901	 2	 11438	 
92.36842	 22.90901	 3	 11439	 
93.55264	 22.90901	 3	 11440	 
94.73684	 22.90901	 4	 11441	 
95.92105	 22.90901	 4	 11442	 
97.10526	 22.90901	 4	 11443	 
98.28947	 22.90901	 4	 11444	 
99.47369	 22.90901	 4	 11445	 
100.65790	 22.90901	 4	 11446	 
101.84210	 22.90901	 4	 11447	 
103.02631	 22.90901	 4	 11448	 
104.21053	 22.90901	 4	 11449	 
105.39474	 22.90901	 4	 11450	 
106.57895	 22.90901	 3	 11451	 
107.76316	 22.90901	 3	 11452	 
108.94736	 22.90901	 4	 11453	 
110.13158	 22.90901	 4	 11454	 
111.31579	 22.90901	 3	 11455	 
112.50000	 22.90901	 3	 11456	 
113.68421	 22.90901	 3	 11457	 
114.86842	 22.90901	 4	 11458	 
120.78947	 22.90901	 3	 11463	 
-105.39473	 22.90901	 4	 11576	 
-104.21053	 22.90901	 2	 11577	 
-103.02631	 22.90901	 2	 11578	 
-101.84210	 22.90901	 2	 11579	 
-100.65790	 22.90901	 2	 11580	 
-99.47369	 22.90901	 2	 11581	 
-98.28946	 22.90901	 3	 11582	 
-81.71054	 22.90901	 4	 11596	 
-80.52631	 22.90901	 4	 11597	 
-15.39474	 22.90901	 2	 11652	 
-14.21054	 22.90901	 2	 11653	 
-13.02631	 22.90901	 2	 11654	 
-11.84210	 22.90901	 1	 11655	 
-10.65790	 22.90901	 3	 11656	 
-9.47369	 22.90901	 3	 11657	 
-8.28946	 22.90901	 3	 11658	 
-7.10526	 22.90901	 2	 11659	 
-5.92105	 22.90901	 2	 11660	 
-4.73685	 22.90901	 2	 11661	 
-3.55264	 22.90901	 2	 11662	 
-2.36841	 22.90901	 2	 11663	 
-1.18420	 22.90901	 3	 11664	 
 0.00000	 21.97395	 3	 11665	 
 1.16883	 21.97395	 2	 11666	 
 2.33766	 21.97395	 2	 11667	 
 3.50649	 21.97395	 1	 11668	 
 4.67532	 21.97395	 3	 11669	 
 5.84416	 21.97395	 3	 11670	 
 7.01299	 21.97395	 3	 11671	 
 8.18182	 21.97395	 3	 11672	 
 9.35065	 21.97395	 1	 11673	 
10.51948	 21.97395	 2	 11674	 
11.68831	 21.97395	 3	 11675	 
12.85714	 21.97395	 2	 11676	 
14.02597	 21.97395	 2	 11677	 
15.19481	 21.97395	 2	 11678	 
16.36364	 21.97395	 3	 11679	 
17.53247	 21.97395	 3	 11680	 
18.70130	 21.97395	 2	 11681	 
19.87013	 21.97395	 2	 11682	 
21.03896	 21.97395	 2	 11683	 
22.20779	 21.97395	 2	 11684	 
23.37662	 21.97395	 2	 11685	 
24.54545	 21.97395	 1	 11686	 
25.71428	 21.97395	 3	 11687	 
26.88312	 21.97395	 2	 11688	 
28.05195	 21.97395	 2	 11689	 
29.22078	 21.97395	 2	 11690	 
30.38961	 21.97395	 2	 11691	 
31.55844	 21.97395	 2	 11692	 
32.72727	 21.97395	 2	 11693	 
33.89610	 21.97395	 2	 11694	 
35.06493	 21.97395	 3	 11695	 
36.23376	 21.97395	 3	 11696	 
39.74026	 21.97395	 2	 11699	 
40.90909	 21.97395	 2	 11700	 
42.07792	 21.97395	 2	 11701	 
43.24675	 21.97395	 1	 11702	 
44.41558	 21.97395	 2	 11703	 
45.58442	 21.97395	 2	 11704	 
46.75325	 21.97395	 1	 11705	 
47.92208	 21.97395	 1	 11706	 
49.09091	 21.97395	 1	 11707	 
50.25974	 21.97395	 1	 11708	 
51.42857	 21.97395	 1	 11709	 
52.59740	 21.97395	 1	 11710	 
53.76624	 21.97395	 1	 11711	 
54.93507	 21.97395	 1	 11712	 
56.10390	 21.97395	 3	 11713	 
57.27273	 21.97395	 1	 11714	 
58.44156	 21.97395	 7	 11715	 
70.12987	 21.97395	 4	 11725	 
71.29870	 21.97395	 4	 11726	 
72.46753	 21.97395	 2	 11727	 
73.63636	 21.97395	 4	 11728	 
74.80519	 21.97395	 3	 11729	 
75.97403	 21.97395	 4	 11730	 
77.14286	 21.97395	 3	 11731	 
78.31169	 21.97395	 3	 11732	 
79.48052	 21.97395	 4	 11733	 
80.64935	 21.97395	 4	 11734	 
81.81818	 21.97395	 2	 11735	 
82.98701	 21.97395	 2	 11736	 
84.15585	 21.97395	 2	 11737	 
85.32468	 21.97395	 3	 11738	 
86.49351	 21.97395	 3	 11739	 
87.66234	 21.97395	 4	 11740	 
88.83117	 21.97395	 4	 11741	 
90.00000	 21.97395	 4	 11742	 
92.33766	 21.97395	 3	 11744	 
93.50649	 21.97395	 3	 11745	 
94.67532	 21.97395	 4	 11746	 
95.84415	 21.97395	 4	 11747	 
97.01299	 21.97395	 4	 11748	 
98.18182	 21.97395	 4	 11749	 
99.35065	 21.97395	 4	 11750	 
100.51948	 21.97395	 4	 11751	 
101.68831	 21.97395	 4	 11752	 
102.85714	 21.97395	 4	 11753	 
104.02597	 21.97395	 4	 11754	 
105.19481	 21.97395	 4	 11755	 
106.36364	 21.97395	 4	 11756	 
107.53247	 21.97395	 3	 11757	 
108.70130	 21.97395	 3	 11758	 
109.87013	 21.97395	 4	 11759	 
111.03896	 21.97395	 4	 11760	 
-105.19481	 21.97395	 2	 11883	 
-104.02597	 21.97395	 2	 11884	 
-102.85715	 21.97395	 2	 11885	 
-101.68832	 21.97395	 2	 11886	 
-100.51947	 21.97395	 2	 11887	 
-99.35065	 21.97395	 2	 11888	 
-98.18182	 21.97395	 3	 11889	 
-79.48053	 21.97395	 3	 11905	 
-16.36365	 21.97395	 2	 11959	 
-15.19479	 21.97395	 2	 11960	 
-14.02597	 21.97395	 2	 11961	 
-12.85715	 21.97395	 3	 11962	 
-11.68832	 21.97395	 1	 11963	 
-10.51947	 21.97395	 1	 11964	 
-9.35065	 21.97395	 1	 11965	 
-8.18182	 21.97395	 1	 11966	 
-7.01300	 21.97395	 2	 11967	 
-5.84415	 21.97395	 2	 11968	 
-4.67532	 21.97395	 3	 11969	 
-3.50650	 21.97395	 2	 11970	 
-2.33768	 21.97395	 3	 11971	 
-1.16882	 21.97395	 3	 11972	 
 0.00000	 21.03889	 3	 11973	 
 1.15385	 21.03889	 2	 11974	 
 2.30769	 21.03889	 3	 11975	 
 3.46154	 21.03889	 3	 11976	 
 4.61538	 21.03889	 3	 11977	 
 5.76923	 21.03889	 3	 11978	 
 6.92308	 21.03889	 2	 11979	 
 8.07692	 21.03889	 3	 11980	 
 9.23077	 21.03889	 2	 11981	 
10.38461	 21.03889	 2	 11982	 
11.53846	 21.03889	 2	 11983	 
12.69231	 21.03889	 2	 11984	 
13.84615	 21.03889	 2	 11985	 
15.00000	 21.03889	 2	 11986	 
16.15385	 21.03889	 2	 11987	 
17.30769	 21.03889	 1	 11988	 
18.46154	 21.03889	 1	 11989	 
19.61539	 21.03889	 2	 11990	 
20.76923	 21.03889	 2	 11991	 
21.92308	 21.03889	 2	 11992	 
23.07692	 21.03889	 2	 11993	 
24.23077	 21.03889	 2	 11994	 
25.38461	 21.03889	 2	 11995	 
26.53846	 21.03889	 2	 11996	 
27.69231	 21.03889	 1	 11997	 
28.84615	 21.03889	 2	 11998	 
30.00000	 21.03889	 2	 11999	 
31.15385	 21.03889	 2	 12000	 
32.30769	 21.03889	 2	 12001	 
33.46154	 21.03889	 2	 12002	 
34.61538	 21.03889	 2	 12003	 
35.76923	 21.03889	 2	 12004	 
36.92308	 21.03889	 3	 12005	 
40.38462	 21.03889	 2	 12008	 
41.53846	 21.03889	 2	 12009	 
42.69231	 21.03889	 2	 12010	 
43.84615	 21.03889	 2	 12011	 
45.00000	 21.03889	 1	 12012	 
46.15385	 21.03889	 1	 12013	 
47.30769	 21.03889	 1	 12014	 
48.46154	 21.03889	 1	 12015	 
49.61538	 21.03889	 1	 12016	 
50.76923	 21.03889	 1	 12017	 
51.92308	 21.03889	 1	 12018	 
53.07692	 21.03889	 1	 12019	 
54.23077	 21.03889	 1	 12020	 
55.38462	 21.03889	 1	 12021	 
56.53846	 21.03889	 3	 12022	 
57.69231	 21.03889	 3	 12023	 
73.84615	 21.03889	 4	 12037	 
75.00000	 21.03889	 4	 12038	 
76.15385	 21.03889	 4	 12039	 
77.30769	 21.03889	 4	 12040	 
78.46154	 21.03889	 4	 12041	 
79.61539	 21.03889	 4	 12042	 
80.76923	 21.03889	 3	 12043	 
81.92308	 21.03889	 2	 12044	 
83.07692	 21.03889	 3	 12045	 
84.23077	 21.03889	 3	 12046	 
85.38461	 21.03889	 2	 12047	 
86.53846	 21.03889	 3	 12048	 
92.30769	 21.03889	 3	 12053	 
93.46154	 21.03889	 3	 12054	 
94.61539	 21.03889	 4	 12055	 
95.76923	 21.03889	 4	 12056	 
96.92308	 21.03889	 4	 12057	 
98.07692	 21.03889	 4	 12058	 
99.23077	 21.03889	 4	 12059	 
100.38461	 21.03889	 4	 12060	 
101.53846	 21.03889	 4	 12061	 
102.69231	 21.03889	 4	 12062	 
103.84615	 21.03889	 4	 12063	 
105.00000	 21.03889	 4	 12064	 
106.15385	 21.03889	 3	 12065	 
-105.00000	 21.03889	 2	 12194	 
-103.84616	 21.03889	 2	 12195	 
-102.69232	 21.03889	 2	 12196	 
-101.53845	 21.03889	 2	 12197	 
-100.38461	 21.03889	 2	 12198	 
-99.23077	 21.03889	 2	 12199	 
-98.07693	 21.03889	 2	 12200	 
-88.84616	 21.03889	 3	 12208	 
-87.69232	 21.03889	 3	 12209	 
-77.30768	 21.03889	 3	 12218	 
-76.15384	 21.03889	 3	 12219	 
-16.15384	 21.03889	 2	 12271	 
-15.00000	 21.03889	 2	 12272	 
-13.84616	 21.03889	 1	 12273	 
-12.69232	 21.03889	 3	 12274	 
-11.53845	 21.03889	 3	 12275	 
-10.38461	 21.03889	 1	 12276	 
-9.23077	 21.03889	 1	 12277	 
-8.07693	 21.03889	 1	 12278	 
-6.92307	 21.03889	 1	 12279	 
-5.76923	 21.03889	 3	 12280	 
-4.61539	 21.03889	 3	 12281	 
-3.46155	 21.03889	 3	 12282	 
-2.30768	 21.03889	 3	 12283	 
-1.15384	 21.03889	 3	 12284	 
 0.00000	 20.10382	 2	 12285	 
 1.13924	 20.10382	 3	 12286	 
 2.27848	 20.10382	 3	 12287	 
 3.41772	 20.10382	 3	 12288	 
 4.55696	 20.10382	 3	 12289	 
 5.69620	 20.10382	 3	 12290	 
 6.83544	 20.10382	 2	 12291	 
 7.97468	 20.10382	 2	 12292	 
 9.11392	 20.10382	 2	 12293	 
10.25316	 20.10382	 2	 12294	 
11.39241	 20.10382	 2	 12295	 
12.53165	 20.10382	 2	 12296	 
13.67089	 20.10382	 2	 12297	 
14.81013	 20.10382	 1	 12298	 
15.94937	 20.10382	 1	 12299	 
17.08861	 20.10382	 2	 12300	 
18.22785	 20.10382	 2	 12301	 
19.36709	 20.10382	 2	 12302	 
20.50633	 20.10382	 1	 12303	 
21.64557	 20.10382	 2	 12304	 
22.78481	 20.10382	 2	 12305	 
23.92405	 20.10382	 2	 12306	 
25.06329	 20.10382	 2	 12307	 
26.20253	 20.10382	 2	 12308	 
27.34177	 20.10382	 2	 12309	 
28.48101	 20.10382	 2	 12310	 
29.62025	 20.10382	 2	 12311	 
30.75949	 20.10382	 2	 12312	 
31.89874	 20.10382	 2	 12313	 
33.03798	 20.10382	 2	 12314	 
34.17722	 20.10382	 2	 12315	 
35.31646	 20.10382	 2	 12316	 
36.45570	 20.10382	 2	 12317	 
41.01266	 20.10382	 2	 12321	 
42.15190	 20.10382	 2	 12322	 
43.29114	 20.10382	 2	 12323	 
44.43038	 20.10382	 1	 12324	 
45.56962	 20.10382	 1	 12325	 
46.70886	 20.10382	 1	 12326	 
47.84810	 20.10382	 1	 12327	 
48.98734	 20.10382	 1	 12328	 
50.12658	 20.10382	 1	 12329	 
51.26582	 20.10382	 1	 12330	 
52.40506	 20.10382	 1	 12331	 
53.54430	 20.10382	 1	 12332	 
54.68354	 20.10382	 1	 12333	 
55.82278	 20.10382	 3	 12334	 
56.96202	 20.10382	 3	 12335	 
74.05064	 20.10382	 4	 12350	 
75.18987	 20.10382	 4	 12351	 
76.32912	 20.10382	 4	 12352	 
77.46835	 20.10382	 4	 12353	 
78.60760	 20.10382	 4	 12354	 
79.74683	 20.10382	 4	 12355	 
80.88608	 20.10382	 2	 12356	 
82.02531	 20.10382	 2	 12357	 
83.16456	 20.10382	 3	 12358	 
84.30379	 20.10382	 3	 12359	 
85.44304	 20.10382	 3	 12360	 
94.55696	 20.10382	 4	 12368	 
95.69621	 20.10382	 4	 12369	 
96.83544	 20.10382	 4	 12370	 
97.97469	 20.10382	 4	 12371	 
99.11392	 20.10382	 4	 12372	 
100.25317	 20.10382	 4	 12373	 
101.39240	 20.10382	 4	 12374	 
102.53165	 20.10382	 4	 12375	 
103.67088	 20.10382	 4	 12376	 
104.81013	 20.10382	 4	 12377	 
105.94936	 20.10382	 3	 12378	 
-104.81012	 20.10382	 2	 12509	 
-103.67090	 20.10382	 2	 12510	 
-102.53165	 20.10382	 2	 12511	 
-101.39240	 20.10382	 2	 12512	 
-100.25317	 20.10382	 2	 12513	 
-99.11392	 20.10382	 2	 12514	 
-97.97467	 20.10382	 2	 12515	 
-90.00000	 20.10382	 4	 12522	 
-88.86075	 20.10382	 3	 12523	 
-87.72153	 20.10382	 3	 12524	 
-15.94937	 20.10382	 2	 12587	 
-14.81012	 20.10382	 1	 12588	 
-13.67090	 20.10382	 3	 12589	 
-12.53165	 20.10382	 3	 12590	 
-11.39240	 20.10382	 1	 12591	 
-10.25317	 20.10382	 1	 12592	 
-9.11392	 20.10382	 1	 12593	 
-7.97467	 20.10382	 1	 12594	 
-6.83545	 20.10382	 1	 12595	 
-5.69620	 20.10382	 1	 12596	 
-4.55698	 20.10382	 1	 12597	 
-3.41772	 20.10382	 1	 12598	 
-2.27847	 20.10382	 1	 12599	 
-1.13925	 20.10382	 2	 12600	 
 0.00000	 19.16876	 2	 12601	 
 1.12500	 19.16876	 2	 12602	 
 2.25000	 19.16876	 2	 12603	 
 3.37500	 19.16876	 2	 12604	 
 4.50000	 19.16876	 2	 12605	 
 5.62500	 19.16876	 3	 12606	 
 6.75000	 19.16876	 3	 12607	 
 7.87500	 19.16876	 2	 12608	 
 9.00000	 19.16876	 2	 12609	 
10.12500	 19.16876	 1	 12610	 
11.25000	 19.16876	 2	 12611	 
12.37500	 19.16876	 2	 12612	 
13.50000	 19.16876	 1	 12613	 
14.62500	 19.16876	 1	 12614	 
15.75000	 19.16876	 1	 12615	 
16.87500	 19.16876	 2	 12616	 
18.00000	 19.16876	 2	 12617	 
19.12500	 19.16876	 2	 12618	 
20.25000	 19.16876	 2	 12619	 
21.37500	 19.16876	 2	 12620	 
22.50000	 19.16876	 2	 12621	 
23.62500	 19.16876	 2	 12622	 
24.75000	 19.16876	 2	 12623	 
25.87500	 19.16876	 2	 12624	 
27.00000	 19.16876	 2	 12625	 
28.12500	 19.16876	 2	 12626	 
29.25000	 19.16876	 2	 12627	 
30.37500	 19.16876	 2	 12628	 
31.50000	 19.16876	 2	 12629	 
32.62500	 19.16876	 2	 12630	 
33.75000	 19.16876	 2	 12631	 
34.87500	 19.16876	 2	 12632	 
36.00000	 19.16876	 3	 12633	 
37.12500	 19.16876	 3	 12634	 
41.62500	 19.16876	 2	 12638	 
42.75000	 19.16876	 2	 12639	 
43.87500	 19.16876	 2	 12640	 
45.00000	 19.16876	 1	 12641	 
46.12500	 19.16876	 1	 12642	 
47.25000	 19.16876	 7	 12643	 
48.37500	 19.16876	 7	 12644	 
49.50000	 19.16876	 7	 12645	 
50.62500	 19.16876	 7	 12646	 
51.75000	 19.16876	 1	 12647	 
52.87500	 19.16876	 1	 12648	 
54.00000	 19.16876	 1	 12649	 
55.12500	 19.16876	 3	 12650	 
56.25000	 19.16876	 3	 12651	 
73.12500	 19.16876	 2	 12666	 
74.25000	 19.16876	 2	 12667	 
75.37500	 19.16876	 4	 12668	 
76.50000	 19.16876	 4	 12669	 
77.62500	 19.16876	 4	 12670	 
78.75000	 19.16876	 3	 12671	 
79.87500	 19.16876	 4	 12672	 
81.00000	 19.16876	 3	 12673	 
82.12500	 19.16876	 2	 12674	 
83.25000	 19.16876	 3	 12675	 
84.37500	 19.16876	 3	 12676	 
94.50000	 19.16876	 4	 12685	 
95.62500	 19.16876	 4	 12686	 
96.75000	 19.16876	 4	 12687	 
97.87500	 19.16876	 4	 12688	 
99.00000	 19.16876	 4	 12689	 
100.12500	 19.16876	 4	 12690	 
101.25000	 19.16876	 4	 12691	 
102.37500	 19.16876	 4	 12692	 
103.50000	 19.16876	 4	 12693	 
104.62500	 19.16876	 4	 12694	 
109.12500	 19.16876	 4	 12698	 
110.25000	 19.16876	 3	 12699	 
-103.50000	 19.16876	 4	 12829	 
-102.37500	 19.16876	 2	 12830	 
-101.25000	 19.16876	 2	 12831	 
-100.12500	 19.16876	 2	 12832	 
-99.00000	 19.16876	 2	 12833	 
-97.87500	 19.16876	 1	 12834	 
-96.75000	 19.16876	 4	 12835	 
-90.00000	 19.16876	 3	 12841	 
-88.87500	 19.16876	 3	 12842	 
-87.75000	 19.16876	 3	 12843	 
-72.00000	 19.16876	 3	 12857	 
-70.87500	 19.16876	 3	 12858	 
-69.75000	 19.16876	 3	 12859	 
-14.62500	 19.16876	 2	 12908	 
-13.50000	 19.16876	 2	 12909	 
-12.37500	 19.16876	 1	 12910	 
-11.25000	 19.16876	 1	 12911	 
-10.12500	 19.16876	 1	 12912	 
-9.00000	 19.16876	 1	 12913	 
-7.87500	 19.16876	 1	 12914	 
-6.75000	 19.16876	 1	 12915	 
-5.62500	 19.16876	 1	 12916	 
-4.50000	 19.16876	 1	 12917	 
-3.37500	 19.16876	 1	 12918	 
-2.25000	 19.16876	 1	 12919	 
-1.12500	 19.16876	 2	 12920	 
 0.00000	 18.23370	 2	 12921	 
 1.11111	 18.23370	 2	 12922	 
 2.22222	 18.23370	 2	 12923	 
 3.33333	 18.23370	 2	 12924	 
 4.44444	 18.23370	 2	 12925	 
 5.55556	 18.23370	 3	 12926	 
 6.66667	 18.23370	 3	 12927	 
 7.77778	 18.23370	 2	 12928	 
 8.88889	 18.23370	 2	 12929	 
10.00000	 18.23370	 1	 12930	 
11.11111	 18.23370	 1	 12931	 
12.22222	 18.23370	 1	 12932	 
13.33333	 18.23370	 1	 12933	 
14.44444	 18.23370	 1	 12934	 
15.55556	 18.23370	 1	 12935	 
16.66667	 18.23370	 3	 12936	 
17.77778	 18.23370	 3	 12937	 
18.88889	 18.23370	 2	 12938	 
20.00000	 18.23370	 2	 12939	 
21.11111	 18.23370	 2	 12940	 
22.22222	 18.23370	 2	 12941	 
23.33333	 18.23370	 2	 12942	 
24.44444	 18.23370	 2	 12943	 
25.55556	 18.23370	 2	 12944	 
26.66667	 18.23370	 2	 12945	 
27.77778	 18.23370	 2	 12946	 
28.88889	 18.23370	 2	 12947	 
30.00000	 18.23370	 2	 12948	 
31.11111	 18.23370	 2	 12949	 
32.22222	 18.23370	 2	 12950	 
33.33333	 18.23370	 2	 12951	 
34.44444	 18.23370	 2	 12952	 
35.55556	 18.23370	 2	 12953	 
36.66667	 18.23370	 2	 12954	 
37.77778	 18.23370	 2	 12955	 
42.22222	 18.23370	 2	 12959	 
43.33333	 18.23370	 2	 12960	 
44.44444	 18.23370	 2	 12961	 
45.55556	 18.23370	 1	 12962	 
46.66667	 18.23370	 1	 12963	 
47.77778	 18.23370	 7	 12964	 
48.88889	 18.23370	 7	 12965	 
50.00000	 18.23370	 1	 12966	 
51.11111	 18.23370	 2	 12967	 
52.22222	 18.23370	 2	 12968	 
53.33333	 18.23370	 3	 12969	 
54.44444	 18.23370	 3	 12970	 
55.55556	 18.23370	 3	 12971	 
73.33334	 18.23370	 4	 12987	 
74.44444	 18.23370	 4	 12988	 
75.55556	 18.23370	 4	 12989	 
76.66666	 18.23370	 4	 12990	 
77.77778	 18.23370	 4	 12991	 
78.88889	 18.23370	 3	 12992	 
80.00000	 18.23370	 3	 12993	 
81.11111	 18.23370	 3	 12994	 
82.22222	 18.23370	 3	 12995	 
83.33334	 18.23370	 3	 12996	 
95.55556	 18.23370	 3	 13007	 
96.66666	 18.23370	 4	 13008	 
97.77778	 18.23370	 4	 13009	 
98.88889	 18.23370	 4	 13010	 
100.00000	 18.23370	 4	 13011	 
101.11111	 18.23370	 4	 13012	 
102.22222	 18.23370	 4	 13013	 
103.33334	 18.23370	 4	 13014	 
104.44444	 18.23370	 4	 13015	 
105.55556	 18.23370	 4	 13016	 
-102.22223	 18.23370	 4	 13153	 
-101.11111	 18.23370	 2	 13154	 
-100.00000	 18.23370	 2	 13155	 
-98.88889	 18.23370	 2	 13156	 
-97.77777	 18.23370	 2	 13157	 
-96.66666	 18.23370	 2	 13158	 
-95.55554	 18.23370	 2	 13159	 
-93.33334	 18.23370	 3	 13161	 
-91.11111	 18.23370	 3	 13163	 
-90.00000	 18.23370	 3	 13164	 
-88.88889	 18.23370	 3	 13165	 
-15.55554	 18.23370	 2	 13231	 
-14.44446	 18.23370	 2	 13232	 
-13.33334	 18.23370	 1	 13233	 
-12.22223	 18.23370	 3	 13234	 
-11.11111	 18.23370	 3	 13235	 
-10.00000	 18.23370	 1	 13236	 
-8.88889	 18.23370	 1	 13237	 
-7.77777	 18.23370	 1	 13238	 
-6.66666	 18.23370	 1	 13239	 
-5.55554	 18.23370	 1	 13240	 
-4.44446	 18.23370	 1	 13241	 
-3.33334	 18.23370	 1	 13242	 
-2.22223	 18.23370	 1	 13243	 
-1.11111	 18.23370	 2	 13244	 
 0.00000	 17.29864	 2	 13245	 
 1.09756	 17.29864	 2	 13246	 
 2.19512	 17.29864	 1	 13247	 
 3.29268	 17.29864	 1	 13248	 
 4.39024	 17.29864	 1	 13249	 
 5.48780	 17.29864	 1	 13250	 
 6.58537	 17.29864	 3	 13251	 
 7.68293	 17.29864	 3	 13252	 
 8.78049	 17.29864	 2	 13253	 
 9.87805	 17.29864	 1	 13254	 
10.97561	 17.29864	 1	 13255	 
12.07317	 17.29864	 1	 13256	 
13.17073	 17.29864	 1	 13257	 
14.26829	 17.29864	 1	 13258	 
15.36585	 17.29864	 1	 13259	 
16.46342	 17.29864	 3	 13260	 
17.56098	 17.29864	 3	 13261	 
18.65854	 17.29864	 3	 13262	 
19.75610	 17.29864	 1	 13263	 
20.85366	 17.29864	 2	 13264	 
21.95122	 17.29864	 2	 13265	 
23.04878	 17.29864	 2	 13266	 
24.14634	 17.29864	 3	 13267	 
25.24390	 17.29864	 1	 13268	 
26.34146	 17.29864	 1	 13269	 
27.43902	 17.29864	 3	 13270	 
28.53658	 17.29864	 2	 13271	 
29.63415	 17.29864	 2	 13272	 
30.73171	 17.29864	 2	 13273	 
31.82927	 17.29864	 2	 13274	 
32.92683	 17.29864	 1	 13275	 
34.02439	 17.29864	 1	 13276	 
35.12195	 17.29864	 1	 13277	 
36.21951	 17.29864	 2	 13278	 
37.31707	 17.29864	 2	 13279	 
38.41463	 17.29864	 2	 13280	 
42.80488	 17.29864	 2	 13284	 
43.90244	 17.29864	 2	 13285	 
45.00000	 17.29864	 1	 13286	 
46.09756	 17.29864	 1	 13287	 
47.19512	 17.29864	 1	 13288	 
48.29268	 17.29864	 1	 13289	 
49.39024	 17.29864	 3	 13290	 
50.48780	 17.29864	 2	 13291	 
51.58537	 17.29864	 3	 13292	 
52.68293	 17.29864	 3	 13293	 
53.78049	 17.29864	 3	 13294	 
73.53658	 17.29864	 4	 13312	 
74.63415	 17.29864	 4	 13313	 
75.73170	 17.29864	 4	 13314	 
76.82927	 17.29864	 4	 13315	 
77.92683	 17.29864	 3	 13316	 
79.02439	 17.29864	 3	 13317	 
80.12195	 17.29864	 3	 13318	 
81.21951	 17.29864	 4	 13319	 
82.31707	 17.29864	 3	 13320	 
95.48781	 17.29864	 3	 13332	 
96.58537	 17.29864	 3	 13333	 
97.68293	 17.29864	 4	 13334	 
98.78049	 17.29864	 4	 13335	 
99.87805	 17.29864	 4	 13336	 
100.97561	 17.29864	 4	 13337	 
102.07317	 17.29864	 4	 13338	 
103.17073	 17.29864	 4	 13339	 
104.26830	 17.29864	 4	 13340	 
105.36585	 17.29864	 4	 13341	 
106.46342	 17.29864	 4	 13342	 
120.73170	 17.29864	 3	 13355	 
121.82927	 17.29864	 3	 13356	 
-99.87805	 17.29864	 3	 13482	 
-98.78049	 17.29864	 3	 13483	 
-97.68292	 17.29864	 2	 13484	 
-96.58536	 17.29864	 2	 13485	 
-95.48779	 17.29864	 4	 13486	 
-94.39026	 17.29864	 2	 13487	 
-93.29269	 17.29864	 2	 13488	 
-92.19513	 17.29864	 3	 13489	 
-91.09756	 17.29864	 3	 13490	 
-90.00000	 17.29864	 3	 13491	 
-88.90244	 17.29864	 3	 13492	 
-15.36584	 17.29864	 2	 13559	 
-14.26828	 17.29864	 2	 13560	 
-13.17075	 17.29864	 2	 13561	 
-12.07318	 17.29864	 3	 13562	 
-10.97562	 17.29864	 1	 13563	 
-9.87805	 17.29864	 1	 13564	 
-8.78049	 17.29864	 1	 13565	 
-7.68292	 17.29864	 1	 13566	 
-6.58536	 17.29864	 1	 13567	 
-5.48779	 17.29864	 1	 13568	 
-4.39026	 17.29864	 1	 13569	 
-3.29269	 17.29864	 1	 13570	 
-2.19513	 17.29864	 1	 13571	 
-1.09756	 17.29864	 2	 13572	 
 0.00000	 16.36358	 1	 13573	 
 1.08434	 16.36358	 1	 13574	 
 2.16867	 16.36358	 1	 13575	 
 3.25301	 16.36358	 1	 13576	 
 4.33735	 16.36358	 2	 13577	 
 5.42169	 16.36358	 1	 13578	 
 6.50602	 16.36358	 2	 13579	 
 7.59036	 16.36358	 2	 13580	 
 8.67470	 16.36358	 1	 13581	 
 9.75904	 16.36358	 1	 13582	 
10.84337	 16.36358	 1	 13583	 
11.92771	 16.36358	 1	 13584	 
13.01205	 16.36358	 1	 13585	 
14.09639	 16.36358	 1	 13586	 
15.18072	 16.36358	 1	 13587	 
16.26506	 16.36358	 1	 13588	 
17.34940	 16.36358	 1	 13589	 
18.43373	 16.36358	 1	 13590	 
19.51807	 16.36358	 1	 13591	 
20.60241	 16.36358	 1	 13592	 
21.68675	 16.36358	 2	 13593	 
22.77108	 16.36358	 2	 13594	 
23.85542	 16.36358	 3	 13595	 
24.93976	 16.36358	 1	 13596	 
26.02410	 16.36358	 1	 13597	 
27.10843	 16.36358	 1	 13598	 
28.19277	 16.36358	 3	 13599	 
29.27711	 16.36358	 3	 13600	 
30.36145	 16.36358	 3	 13601	 
31.44578	 16.36358	 1	 13602	 
32.53012	 16.36358	 1	 13603	 
33.61446	 16.36358	 1	 13604	 
34.69880	 16.36358	 4	 13605	 
35.78313	 16.36358	 4	 13606	 
36.86747	 16.36358	 2	 13607	 
37.95181	 16.36358	 2	 13608	 
43.37349	 16.36358	 2	 13613	 
44.45783	 16.36358	 3	 13614	 
45.54217	 16.36358	 1	 13615	 
46.62651	 16.36358	 1	 13616	 
47.71084	 16.36358	 3	 13617	 
48.79518	 16.36358	 3	 13618	 
49.87952	 16.36358	 3	 13619	 
50.96386	 16.36358	 2	 13620	 
52.04819	 16.36358	 3	 13621	 
73.73494	 16.36358	 4	 13641	 
74.81927	 16.36358	 4	 13642	 
75.90362	 16.36358	 4	 13643	 
76.98795	 16.36358	 4	 13644	 
78.07229	 16.36358	 3	 13645	 
79.15662	 16.36358	 3	 13646	 
80.24097	 16.36358	 4	 13647	 
95.42168	 16.36358	 3	 13661	 
98.67470	 16.36358	 4	 13664	 
99.75903	 16.36358	 3	 13665	 
100.84338	 16.36358	 4	 13666	 
101.92771	 16.36358	 4	 13667	 
103.01205	 16.36358	 3	 13668	 
104.09638	 16.36358	 4	 13669	 
105.18073	 16.36358	 4	 13670	 
106.26506	 16.36358	 4	 13671	 
107.34940	 16.36358	 4	 13672	 
121.44579	 16.36358	 4	 13685	 
-97.59036	 16.36358	 4	 13815	 
-96.50601	 16.36358	 3	 13816	 
-95.42169	 16.36358	 3	 13817	 
-94.33734	 16.36358	 2	 13818	 
-93.25302	 16.36358	 2	 13819	 
-92.16867	 16.36358	 4	 13820	 
-91.08435	 16.36358	 3	 13821	 
-90.00000	 16.36358	 3	 13822	 
-88.91565	 16.36358	 3	 13823	 
-16.26505	 16.36358	 2	 13890	 
-15.18073	 16.36358	 2	 13891	 
-14.09637	 16.36358	 2	 13892	 
-13.01205	 16.36358	 2	 13893	 
-11.92770	 16.36358	 2	 13894	 
-10.84338	 16.36358	 3	 13895	 
-9.75903	 16.36358	 3	 13896	 
-8.67471	 16.36358	 1	 13897	 
-7.59036	 16.36358	 3	 13898	 
-6.50601	 16.36358	 1	 13899	 
-5.42169	 16.36358	 1	 13900	 
-4.33734	 16.36358	 1	 13901	 
-3.25302	 16.36358	 4	 13902	 
-2.16867	 16.36358	 1	 13903	 
-1.08435	 16.36358	 1	 13904	 
 0.00000	 15.42852	 2	 13905	 
 1.07143	 15.42852	 1	 13906	 
 2.14286	 15.42852	 1	 13907	 
 3.21429	 15.42852	 1	 13908	 
 4.28571	 15.42852	 1	 13909	 
 5.35714	 15.42852	 1	 13910	 
 6.42857	 15.42852	 1	 13911	 
 7.50000	 15.42852	 1	 13912	 
 8.57143	 15.42852	 1	 13913	 
 9.64286	 15.42852	 1	 13914	 
10.71429	 15.42852	 1	 13915	 
11.78571	 15.42852	 1	 13916	 
12.85714	 15.42852	 1	 13917	 
13.92857	 15.42852	 2	 13918	 
15.00000	 15.42852	 2	 13919	 
16.07143	 15.42852	 2	 13920	 
17.14286	 15.42852	 1	 13921	 
18.21428	 15.42852	 2	 13922	 
19.28572	 15.42852	 4	 13923	 
20.35714	 15.42852	 4	 13924	 
21.42857	 15.42852	 2	 13925	 
22.50000	 15.42852	 2	 13926	 
23.57143	 15.42852	 1	 13927	 
24.64286	 15.42852	 1	 13928	 
25.71428	 15.42852	 1	 13929	 
26.78572	 15.42852	 1	 13930	 
27.85714	 15.42852	 1	 13931	 
28.92857	 15.42852	 1	 13932	 
30.00000	 15.42852	 1	 13933	 
31.07143	 15.42852	 1	 13934	 
32.14286	 15.42852	 1	 13935	 
33.21429	 15.42852	 4	 13936	 
34.28571	 15.42852	 4	 13937	 
35.35714	 15.42852	 4	 13938	 
36.42857	 15.42852	 3	 13939	 
37.50000	 15.42852	 3	 13940	 
38.57143	 15.42852	 2	 13941	 
39.64286	 15.42852	 2	 13942	 
43.92857	 15.42852	 2	 13946	 
45.00000	 15.42852	 2	 13947	 
46.07143	 15.42852	 1	 13948	 
47.14286	 15.42852	 1	 13949	 
48.21429	 15.42852	 3	 13950	 
49.28571	 15.42852	 3	 13951	 
50.35714	 15.42852	 3	 13952	 
75.00000	 15.42852	 4	 13975	 
76.07143	 15.42852	 3	 13976	 
77.14286	 15.42852	 4	 13977	 
78.21429	 15.42852	 4	 13978	 
79.28571	 15.42852	 3	 13979	 
98.57143	 15.42852	 4	 13997	 
99.64286	 15.42852	 4	 13998	 
100.71429	 15.42852	 3	 13999	 
101.78571	 15.42852	 4	 14000	 
102.85714	 15.42852	 3	 14001	 
103.92857	 15.42852	 3	 14002	 
105.00000	 15.42852	 3	 14003	 
106.07143	 15.42852	 3	 14004	 
107.14286	 15.42852	 4	 14005	 
108.21429	 15.42852	 4	 14006	 
121.07143	 15.42852	 3	 14018	 
-92.14285	 15.42852	 2	 14155	 
-91.07144	 15.42852	 3	 14156	 
-90.00000	 15.42852	 3	 14157	 
-88.92856	 15.42852	 3	 14158	 
-87.85715	 15.42852	 4	 14159	 
-86.78571	 15.42852	 2	 14160	 
-85.71429	 15.42852	 4	 14161	 
-84.64285	 15.42852	 4	 14162	 
-16.07144	 15.42852	 1	 14226	 
-15.00000	 15.42852	 2	 14227	 
-13.92856	 15.42852	 1	 14228	 
-12.85715	 15.42852	 2	 14229	 
-11.78571	 15.42852	 2	 14230	 
-10.71429	 15.42852	 3	 14231	 
-9.64285	 15.42852	 1	 14232	 
-8.57144	 15.42852	 1	 14233	 
-7.50000	 15.42852	 1	 14234	 
-6.42856	 15.42852	 1	 14235	 
-5.35715	 15.42852	 4	 14236	 
-4.28571	 15.42852	 4	 14237	 
-3.21429	 15.42852	 2	 14238	 
-2.14285	 15.42852	 1	 14239	 
-1.07144	 15.42852	 1	 14240	 
 0.00000	 14.49346	 4	 14241	 
 1.05882	 14.49346	 1	 14242	 
 2.11765	 14.49346	 1	 14243	 
 3.17647	 14.49346	 1	 14244	 
 4.23529	 14.49346	 1	 14245	 
 5.29412	 14.49346	 1	 14246	 
 6.35294	 14.49346	 1	 14247	 
 7.41176	 14.49346	 1	 14248	 
 8.47059	 14.49346	 1	 14249	 
 9.52941	 14.49346	 1	 14250	 
10.58823	 14.49346	 2	 14251	 
11.64706	 14.49346	 4	 14252	 
12.70588	 14.49346	 4	 14253	 
13.76471	 14.49346	 4	 14254	 
14.82353	 14.49346	 2	 14255	 
15.88235	 14.49346	 2	 14256	 
16.94118	 14.49346	 2	 14257	 
18.00000	 14.49346	 2	 14258	 
19.05882	 14.49346	 4	 14259	 
20.11765	 14.49346	 4	 14260	 
21.17647	 14.49346	 2	 14261	 
22.23529	 14.49346	 2	 14262	 
23.29412	 14.49346	 1	 14263	 
24.35294	 14.49346	 2	 14264	 
25.41176	 14.49346	 1	 14265	 
26.47059	 14.49346	 2	 14266	 
27.52941	 14.49346	 1	 14267	 
28.58824	 14.49346	 1	 14268	 
29.64706	 14.49346	 1	 14269	 
30.70588	 14.49346	 2	 14270	 
31.76471	 14.49346	 2	 14271	 
32.82353	 14.49346	 4	 14272	 
33.88235	 14.49346	 4	 14273	 
34.94118	 14.49346	 4	 14274	 
36.00000	 14.49346	 3	 14275	 
37.05882	 14.49346	 3	 14276	 
38.11765	 14.49346	 4	 14277	 
39.17647	 14.49346	 4	 14278	 
43.41177	 14.49346	 1	 14282	 
44.47059	 14.49346	 2	 14283	 
45.52941	 14.49346	 2	 14284	 
46.58823	 14.49346	 2	 14285	 
47.64706	 14.49346	 3	 14286	 
48.70588	 14.49346	 3	 14287	 
75.17647	 14.49346	 4	 14312	 
76.23529	 14.49346	 3	 14313	 
77.29412	 14.49346	 3	 14314	 
78.35294	 14.49346	 3	 14315	 
79.41177	 14.49346	 3	 14316	 
98.47059	 14.49346	 4	 14334	 
99.52941	 14.49346	 4	 14335	 
100.58823	 14.49346	 4	 14336	 
101.64706	 14.49346	 4	 14337	 
102.70588	 14.49346	 4	 14338	 
103.76471	 14.49346	 4	 14339	 
104.82353	 14.49346	 4	 14340	 
105.88235	 14.49346	 4	 14341	 
106.94118	 14.49346	 4	 14342	 
108.00000	 14.49346	 4	 14343	 
120.70588	 14.49346	 4	 14355	 
-91.05884	 14.49346	 2	 14495	 
-90.00000	 14.49346	 4	 14496	 
-88.94116	 14.49346	 2	 14497	 
-87.88235	 14.49346	 2	 14498	 
-86.82352	 14.49346	 2	 14499	 
-85.76471	 14.49346	 2	 14500	 
-84.70587	 14.49346	 3	 14501	 
-83.64706	 14.49346	 4	 14502	 
-15.88235	 14.49346	 2	 14566	 
-14.82352	 14.49346	 1	 14567	 
-13.76471	 14.49346	 2	 14568	 
-12.70587	 14.49346	 2	 14569	 
-11.64706	 14.49346	 2	 14570	 
-10.58823	 14.49346	 2	 14571	 
-9.52942	 14.49346	 2	 14572	 
-8.47058	 14.49346	 1	 14573	 
-7.41177	 14.49346	 2	 14574	 
-6.35294	 14.49346	 2	 14575	 
-5.29413	 14.49346	 4	 14576	 
-4.23529	 14.49346	 4	 14577	 
-3.17648	 14.49346	 1	 14578	 
-2.11765	 14.49346	 1	 14579	 
-1.05884	 14.49346	 1	 14580	 
 0.00000	 13.55840	 1	 14581	 
 1.04651	 13.55840	 2	 14582	 
 2.09302	 13.55840	 1	 14583	 
 3.13953	 13.55840	 1	 14584	 
 4.18605	 13.55840	 1	 14585	 
 5.23256	 13.55840	 1	 14586	 
 6.27907	 13.55840	 1	 14587	 
 7.32558	 13.55840	 1	 14588	 
 8.37209	 13.55840	 1	 14589	 
 9.41860	 13.55840	 4	 14590	 
10.46512	 13.55840	 4	 14591	 
11.51163	 13.55840	 4	 14592	 
12.55814	 13.55840	 4	 14593	 
13.60465	 13.55840	 1	 14594	 
14.65116	 13.55840	 1	 14595	 
15.69767	 13.55840	 2	 14596	 
16.74419	 13.55840	 2	 14597	 
17.79070	 13.55840	 2	 14598	 
18.83721	 13.55840	 2	 14599	 
19.88372	 13.55840	 4	 14600	 
20.93023	 13.55840	 2	 14601	 
21.97674	 13.55840	 2	 14602	 
23.02326	 13.55840	 2	 14603	 
24.06977	 13.55840	 2	 14604	 
25.11628	 13.55840	 2	 14605	 
26.16279	 13.55840	 2	 14606	 
27.20930	 13.55840	 2	 14607	 
28.25581	 13.55840	 2	 14608	 
29.30233	 13.55840	 2	 14609	 
30.34884	 13.55840	 2	 14610	 
31.39535	 13.55840	 2	 14611	 
32.44186	 13.55840	 1	 14612	 
33.48837	 13.55840	 4	 14613	 
34.53489	 13.55840	 4	 14614	 
35.58139	 13.55840	 3	 14615	 
36.62791	 13.55840	 3	 14616	 
37.67442	 13.55840	 4	 14617	 
38.72093	 13.55840	 2	 14618	 
39.76744	 13.55840	 4	 14619	 
40.81395	 13.55840	 2	 14620	 
41.86047	 13.55840	 2	 14621	 
43.95349	 13.55840	 2	 14623	 
45.00000	 13.55840	 2	 14624	 
46.04651	 13.55840	 2	 14625	 
75.34884	 13.55840	 4	 14653	 
76.39535	 13.55840	 3	 14654	 
77.44186	 13.55840	 3	 14655	 
78.48837	 13.55840	 3	 14656	 
79.53488	 13.55840	 3	 14657	 
99.41860	 13.55840	 4	 14676	 
100.46512	 13.55840	 4	 14677	 
101.51163	 13.55840	 4	 14678	 
102.55814	 13.55840	 3	 14679	 
103.60465	 13.55840	 4	 14680	 
104.65116	 13.55840	 4	 14681	 
105.69768	 13.55840	 4	 14682	 
106.74419	 13.55840	 4	 14683	 
107.79070	 13.55840	 4	 14684	 
108.83721	 13.55840	 4	 14685	 
121.39535	 13.55840	 4	 14697	 
-86.86047	 13.55840	 2	 14842	 
-85.81396	 13.55840	 2	 14843	 
-84.76746	 13.55840	 4	 14844	 
-83.72092	 13.55840	 4	 14845	 
-15.69766	 13.55840	 4	 14910	 
-14.65115	 13.55840	 2	 14911	 
-13.60464	 13.55840	 2	 14912	 
-12.55814	 13.55840	 2	 14913	 
-11.51163	 13.55840	 2	 14914	 
-10.46512	 13.55840	 2	 14915	 
-9.41861	 13.55840	 2	 14916	 
-8.37210	 13.55840	 2	 14917	 
-7.32559	 13.55840	 2	 14918	 
-6.27908	 13.55840	 2	 14919	 
-5.23254	 13.55840	 2	 14920	 
-4.18604	 13.55840	 2	 14921	 
-3.13953	 13.55840	 1	 14922	 
-2.09302	 13.55840	 1	 14923	 
-1.04651	 13.55840	 1	 14924	 
 0.00000	 12.62333	 2	 14925	 
 1.03448	 12.62333	 2	 14926	 
 2.06897	 12.62333	 2	 14927	 
 3.10345	 12.62333	 1	 14928	 
 4.13793	 12.62333	 2	 14929	 
 5.17241	 12.62333	 2	 14930	 
 6.20690	 12.62333	 2	 14931	 
 7.24138	 12.62333	 1	 14932	 
 8.27586	 12.62333	 1	 14933	 
 9.31034	 12.62333	 1	 14934	 
10.34483	 12.62333	 1	 14935	 
11.37931	 12.62333	 2	 14936	 
12.41379	 12.62333	 4	 14937	 
13.44828	 12.62333	 4	 14938	 
14.48276	 12.62333	 4	 14939	 
15.51724	 12.62333	 2	 14940	 
16.55172	 12.62333	 3	 14941	 
17.58621	 12.62333	 4	 14942	 
18.62069	 12.62333	 3	 14943	 
19.65517	 12.62333	 4	 14944	 
20.68966	 12.62333	 4	 14945	 
21.72414	 12.62333	 2	 14946	 
22.75862	 12.62333	 2	 14947	 
23.79310	 12.62333	 2	 14948	 
24.82759	 12.62333	 2	 14949	 
25.86207	 12.62333	 2	 14950	 
26.89655	 12.62333	 2	 14951	 
27.93103	 12.62333	 2	 14952	 
28.96552	 12.62333	 2	 14953	 
30.00000	 12.62333	 3	 14954	 
31.03448	 12.62333	 4	 14955	 
32.06897	 12.62333	 4	 14956	 
33.10345	 12.62333	 4	 14957	 
34.13793	 12.62333	 4	 14958	 
35.17241	 12.62333	 4	 14959	 
36.20690	 12.62333	 4	 14960	 
37.24138	 12.62333	 4	 14961	 
38.27586	 12.62333	 4	 14962	 
39.31034	 12.62333	 4	 14963	 
40.34483	 12.62333	 2	 14964	 
41.37931	 12.62333	 2	 14965	 
42.41379	 12.62333	 2	 14966	 
75.51724	 12.62333	 4	 14998	 
76.55173	 12.62333	 3	 14999	 
77.58620	 12.62333	 3	 15000	 
78.62069	 12.62333	 3	 15001	 
79.65517	 12.62333	 3	 15002	 
99.31035	 12.62333	 4	 15021	 
102.41380	 12.62333	 4	 15024	 
103.44827	 12.62333	 3	 15025	 
104.48276	 12.62333	 4	 15026	 
105.51724	 12.62333	 3	 15027	 
106.55173	 12.62333	 4	 15028	 
107.58620	 12.62333	 4	 15029	 
108.62069	 12.62333	 4	 15030	 
-86.89655	 12.62333	 4	 15189	 
-85.86206	 12.62333	 4	 15190	 
-84.82758	 12.62333	 3	 15191	 
-15.51724	 12.62333	 2	 15258	 
-14.48276	 12.62333	 2	 15259	 
-13.44827	 12.62333	 2	 15260	 
-12.41379	 12.62333	 2	 15261	 
-11.37930	 12.62333	 2	 15262	 
-10.34482	 12.62333	 2	 15263	 
-9.31033	 12.62333	 1	 15264	 
-8.27585	 12.62333	 1	 15265	 
-7.24139	 12.62333	 2	 15266	 
-6.20691	 12.62333	 2	 15267	 
-5.17242	 12.62333	 2	 15268	 
-4.13794	 12.62333	 2	 15269	 
-3.10345	 12.62333	 1	 15270	 
-2.06897	 12.62333	 1	 15271	 
-1.03448	 12.62333	 2	 15272	 
 0.00000	 11.68827	 4	 15273	 
 1.02273	 11.68827	 2	 15274	 
 2.04545	 11.68827	 2	 15275	 
 3.06818	 11.68827	 3	 15276	 
 4.09091	 11.68827	 2	 15277	 
 5.11364	 11.68827	 2	 15278	 
 6.13636	 11.68827	 2	 15279	 
 7.15909	 11.68827	 2	 15280	 
 8.18182	 11.68827	 2	 15281	 
 9.20455	 11.68827	 1	 15282	 
10.22727	 11.68827	 1	 15283	 
11.25000	 11.68827	 1	 15284	 
12.27273	 11.68827	 1	 15285	 
13.29545	 11.68827	 3	 15286	 
14.31818	 11.68827	 4	 15287	 
15.34091	 11.68827	 3	 15288	 
16.36364	 11.68827	 1	 15289	 
17.38636	 11.68827	 3	 15290	 
18.40909	 11.68827	 3	 15291	 
19.43182	 11.68827	 3	 15292	 
20.45455	 11.68827	 3	 15293	 
21.47727	 11.68827	 2	 15294	 
22.50000	 11.68827	 2	 15295	 
23.52273	 11.68827	 2	 15296	 
24.54545	 11.68827	 2	 15297	 
25.56818	 11.68827	 2	 15298	 
26.59091	 11.68827	 2	 15299	 
27.61364	 11.68827	 2	 15300	 
28.63636	 11.68827	 2	 15301	 
29.65909	 11.68827	 2	 15302	 
30.68182	 11.68827	 2	 15303	 
31.70455	 11.68827	 4	 15304	 
32.72727	 11.68827	 4	 15305	 
33.75000	 11.68827	 4	 15306	 
34.77273	 11.68827	 4	 15307	 
35.79546	 11.68827	 4	 15308	 
36.81818	 11.68827	 4	 15309	 
37.84091	 11.68827	 4	 15310	 
38.86364	 11.68827	 4	 15311	 
39.88636	 11.68827	 4	 15312	 
40.90909	 11.68827	 2	 15313	 
41.93182	 11.68827	 2	 15314	 
42.95454	 11.68827	 2	 15315	 
76.70454	 11.68827	 3	 15348	 
77.72727	 11.68827	 3	 15349	 
78.75000	 11.68827	 3	 15350	 
99.20454	 11.68827	 4	 15370	 
103.29546	 11.68827	 4	 15374	 
104.31818	 11.68827	 4	 15375	 
105.34091	 11.68827	 4	 15376	 
106.36364	 11.68827	 4	 15377	 
107.38636	 11.68827	 4	 15378	 
108.40909	 11.68827	 4	 15379	 
-84.88635	 11.68827	 3	 15542	 
-72.61365	 11.68827	 1	 15554	 
-15.34091	 11.68827	 2	 15610	 
-14.31818	 11.68827	 3	 15611	 
-13.29544	 11.68827	 2	 15612	 
-12.27274	 11.68827	 2	 15613	 
-11.25000	 11.68827	 2	 15614	 
-10.22726	 11.68827	 3	 15615	 
-9.20456	 11.68827	 3	 15616	 
-8.18182	 11.68827	 2	 15617	 
-7.15909	 11.68827	 2	 15618	 
-6.13635	 11.68827	 2	 15619	 
-5.11365	 11.68827	 2	 15620	 
-4.09091	 11.68827	 2	 15621	 
-3.06818	 11.68827	 4	 15622	 
-2.04544	 11.68827	 2	 15623	 
-1.02274	 11.68827	 2	 15624	 
 0.00000	 10.75321	 4	 15625	 
 1.01124	 10.75321	 3	 15626	 
 2.02247	 10.75321	 3	 15627	 
 3.03371	 10.75321	 3	 15628	 
 4.04494	 10.75321	 3	 15629	 
 5.05618	 10.75321	 2	 15630	 
 6.06742	 10.75321	 2	 15631	 
 7.07865	 10.75321	 2	 15632	 
 8.08989	 10.75321	 3	 15633	 
 9.10112	 10.75321	 2	 15634	 
10.11236	 10.75321	 1	 15635	 
11.12360	 10.75321	 1	 15636	 
12.13483	 10.75321	 2	 15637	 
13.14607	 10.75321	 4	 15638	 
14.15730	 10.75321	 4	 15639	 
15.16854	 10.75321	 3	 15640	 
16.17978	 10.75321	 3	 15641	 
17.19101	 10.75321	 3	 15642	 
18.20225	 10.75321	 2	 15643	 
19.21348	 10.75321	 3	 15644	 
20.22472	 10.75321	 4	 15645	 
21.23595	 10.75321	 2	 15646	 
22.24719	 10.75321	 2	 15647	 
23.25843	 10.75321	 1	 15648	 
24.26966	 10.75321	 1	 15649	 
25.28090	 10.75321	 1	 15650	 
26.29214	 10.75321	 1	 15651	 
27.30337	 10.75321	 2	 15652	 
28.31461	 10.75321	 2	 15653	 
29.32584	 10.75321	 2	 15654	 
30.33708	 10.75321	 2	 15655	 
31.34831	 10.75321	 4	 15656	 
32.35955	 10.75321	 4	 15657	 
33.37078	 10.75321	 4	 15658	 
34.38202	 10.75321	 2	 15659	 
35.39326	 10.75321	 2	 15660	 
36.40450	 10.75321	 4	 15661	 
37.41573	 10.75321	 4	 15662	 
38.42697	 10.75321	 4	 15663	 
39.43820	 10.75321	 4	 15664	 
40.44944	 10.75321	 2	 15665	 
41.46067	 10.75321	 2	 15666	 
42.47191	 10.75321	 2	 15667	 
43.48315	 10.75321	 2	 15668	 
48.53933	 10.75321	 2	 15673	 
49.55056	 10.75321	 2	 15674	 
50.56180	 10.75321	 2	 15675	 
76.85394	 10.75321	 4	 15701	 
77.86517	 10.75321	 3	 15702	 
78.87640	 10.75321	 3	 15703	 
99.10112	 10.75321	 4	 15723	 
104.15730	 10.75321	 4	 15728	 
105.16854	 10.75321	 3	 15729	 
106.17978	 10.75321	 4	 15730	 
107.19101	 10.75321	 4	 15731	 
122.35955	 10.75321	 4	 15746	 
-84.94382	 10.75321	 2	 15897	 
-83.93259	 10.75321	 3	 15898	 
-74.83145	 10.75321	 4	 15907	 
-73.82022	 10.75321	 4	 15908	 
-72.80899	 10.75321	 4	 15909	 
-70.78653	 10.75321	 4	 15911	 
-69.77527	 10.75321	 4	 15912	 
-68.76404	 10.75321	 4	 15913	 
-14.15732	 10.75321	 3	 15967	 
-13.14606	 10.75321	 2	 15968	 
-12.13483	 10.75321	 2	 15969	 
-11.12360	 10.75321	 2	 15970	 
-10.11237	 10.75321	 4	 15971	 
-9.10114	 10.75321	 3	 15972	 
-8.08987	 10.75321	 4	 15973	 
-7.07864	 10.75321	 4	 15974	 
-6.06741	 10.75321	 4	 15975	 
-5.05618	 10.75321	 2	 15976	 
-4.04495	 10.75321	 4	 15977	 
-3.03372	 10.75321	 2	 15978	 
-2.02246	 10.75321	 2	 15979	 
-1.01123	 10.75321	 2	 15980	 
 0.00000	  9.81815	 3	 15981	 
 1.00000	  9.81815	 3	 15982	 
 2.00000	  9.81815	 3	 15983	 
 3.00000	  9.81815	 3	 15984	 
 4.00000	  9.81815	 3	 15985	 
 5.00000	  9.81815	 1	 15986	 
 6.00000	  9.81815	 2	 15987	 
 7.00000	  9.81815	 3	 15988	 
 8.00000	  9.81815	 3	 15989	 
 9.00000	  9.81815	 2	 15990	 
10.00000	  9.81815	 2	 15991	 
11.00000	  9.81815	 1	 15992	 
12.00000	  9.81815	 2	 15993	 
13.00000	  9.81815	 3	 15994	 
14.00000	  9.81815	 2	 15995	 
15.00000	  9.81815	 2	 15996	 
16.00000	  9.81815	 4	 15997	 
17.00000	  9.81815	 3	 15998	 
18.00000	  9.81815	 2	 15999	 
19.00000	  9.81815	 3	 16000	 
20.00000	  9.81815	 3	 16001	 
21.00000	  9.81815	 2	 16002	 
22.00000	  9.81815	 2	 16003	 
23.00000	  9.81815	 2	 16004	 
24.00000	  9.81815	 2	 16005	 
25.00000	  9.81815	 2	 16006	 
26.00000	  9.81815	 2	 16007	 
27.00000	  9.81815	 2	 16008	 
28.00000	  9.81815	 4	 16009	 
29.00000	  9.81815	 4	 16010	 
30.00000	  9.81815	 4	 16011	 
31.00000	  9.81815	 4	 16012	 
32.00000	  9.81815	 4	 16013	 
33.00000	  9.81815	 4	 16014	 
34.00000	  9.81815	 4	 16015	 
35.00000	  9.81815	 4	 16016	 
36.00000	  9.81815	 4	 16017	 
37.00000	  9.81815	 4	 16018	 
38.00000	  9.81815	 4	 16019	 
39.00000	  9.81815	 4	 16020	 
40.00000	  9.81815	 4	 16021	 
41.00000	  9.81815	 2	 16022	 
42.00000	  9.81815	 2	 16023	 
43.00000	  9.81815	 2	 16024	 
44.00000	  9.81815	 2	 16025	 
45.00000	  9.81815	 2	 16026	 
46.00000	  9.81815	 2	 16027	 
47.00000	  9.81815	 2	 16028	 
48.00000	  9.81815	 2	 16029	 
49.00000	  9.81815	 2	 16030	 
50.00000	  9.81815	 2	 16031	 
77.00000	  9.81815	 4	 16058	 
78.00000	  9.81815	 3	 16059	 
99.00000	  9.81815	 4	 16080	 
106.00000	  9.81815	 3	 16087	 
123.00000	  9.81815	 3	 16104	 
-84.00000	  9.81815	 4	 16257	 
-75.00000	  9.81815	 4	 16266	 
-74.00000	  9.81815	 4	 16267	 
-73.00000	  9.81815	 4	 16268	 
-72.00000	  9.81815	 1	 16269	 
-70.00000	  9.81815	 4	 16271	 
-69.00000	  9.81815	 4	 16272	 
-68.00000	  9.81815	 4	 16273	 
-67.00000	  9.81815	 4	 16274	 
-66.00000	  9.81815	 4	 16275	 
-65.00000	  9.81815	 4	 16276	 
-64.00000	  9.81815	 4	 16277	 
-63.00000	  9.81815	 4	 16278	 
-62.00000	  9.81815	 4	 16279	 
-13.00000	  9.81815	 3	 16328	 
-12.00000	  9.81815	 2	 16329	 
-11.00000	  9.81815	 2	 16330	 
-10.00000	  9.81815	 4	 16331	 
-9.00000	  9.81815	 4	 16332	 
-8.00000	  9.81815	 4	 16333	 
-7.00000	  9.81815	 4	 16334	 
-6.00000	  9.81815	 3	 16335	 
-5.00000	  9.81815	 2	 16336	 
-4.00000	  9.81815	 4	 16337	 
-3.00000	  9.81815	 3	 16338	 
-2.00000	  9.81815	 2	 16339	 
-1.00000	  9.81815	 4	 16340	 
 0.00000	  8.88309	 3	 16341	 
 0.98901	  8.88309	 2	 16342	 
 1.97802	  8.88309	 3	 16343	 
 2.96703	  8.88309	 3	 16344	 
 3.95604	  8.88309	 3	 16345	 
 4.94506	  8.88309	 3	 16346	 
 5.93407	  8.88309	 3	 16347	 
 6.92308	  8.88309	 1	 16348	 
 7.91209	  8.88309	 4	 16349	 
 8.90110	  8.88309	 2	 16350	 
 9.89011	  8.88309	 4	 16351	 
10.87912	  8.88309	 2	 16352	 
11.86813	  8.88309	 2	 16353	 
12.85714	  8.88309	 2	 16354	 
13.84615	  8.88309	 2	 16355	 
14.83517	  8.88309	 2	 16356	 
15.82418	  8.88309	 4	 16357	 
16.81319	  8.88309	 4	 16358	 
17.80220	  8.88309	 4	 16359	 
18.79121	  8.88309	 3	 16360	 
19.78022	  8.88309	 3	 16361	 
20.76923	  8.88309	 3	 16362	 
21.75824	  8.88309	 2	 16363	 
22.74725	  8.88309	 3	 16364	 
23.73626	  8.88309	 2	 16365	 
24.72528	  8.88309	 2	 16366	 
25.71428	  8.88309	 2	 16367	 
26.70330	  8.88309	 2	 16368	 
27.69231	  8.88309	 2	 16369	 
28.68132	  8.88309	 4	 16370	 
29.67033	  8.88309	 4	 16371	 
30.65934	  8.88309	 4	 16372	 
31.64835	  8.88309	 4	 16373	 
32.63736	  8.88309	 4	 16374	 
33.62637	  8.88309	 4	 16375	 
34.61538	  8.88309	 4	 16376	 
35.60440	  8.88309	 4	 16377	 
36.59341	  8.88309	 4	 16378	 
37.58242	  8.88309	 4	 16379	 
38.57143	  8.88309	 4	 16380	 
39.56044	  8.88309	 4	 16381	 
40.54945	  8.88309	 4	 16382	 
41.53846	  8.88309	 4	 16383	 
42.52747	  8.88309	 4	 16384	 
43.51648	  8.88309	 2	 16385	 
44.50549	  8.88309	 2	 16386	 
45.49451	  8.88309	 2	 16387	 
46.48352	  8.88309	 2	 16388	 
47.47253	  8.88309	 2	 16389	 
48.46154	  8.88309	 2	 16390	 
49.45055	  8.88309	 2	 16391	 
77.14286	  8.88309	 4	 16419	 
98.90110	  8.88309	 4	 16441	 
125.60439	  8.88309	 3	 16468	 
-83.07693	  8.88309	 4	 16621	 
-82.08792	  8.88309	 3	 16622	 
-81.09891	  8.88309	 3	 16623	 
-80.10989	  8.88309	 3	 16624	 
-78.13187	  8.88309	 3	 16626	 
-76.15384	  8.88309	 4	 16628	 
-75.16483	  8.88309	 4	 16629	 
-74.17581	  8.88309	 4	 16630	 
-73.18680	  8.88309	 4	 16631	 
-72.19781	  8.88309	 4	 16632	 
-71.20880	  8.88309	 2	 16633	 
-70.21979	  8.88309	 2	 16634	 
-69.23077	  8.88309	 4	 16635	 
-68.24176	  8.88309	 4	 16636	 
-67.25275	  8.88309	 4	 16637	 
-66.26373	  8.88309	 4	 16638	 
-65.27472	  8.88309	 4	 16639	 
-64.28571	  8.88309	 2	 16640	 
-63.29669	  8.88309	 2	 16641	 
-62.30768	  8.88309	 4	 16642	 
-61.31870	  8.88309	 4	 16643	 
-12.85715	  8.88309	 3	 16692	 
-11.86813	  8.88309	 2	 16693	 
-10.87912	  8.88309	 2	 16694	 
-9.89011	  8.88309	 2	 16695	 
-8.90109	  8.88309	 3	 16696	 
-7.91208	  8.88309	 4	 16697	 
-6.92307	  8.88309	 4	 16698	 
-5.93405	  8.88309	 3	 16699	 
-4.94507	  8.88309	 2	 16700	 
-3.95605	  8.88309	 4	 16701	 
-2.96704	  8.88309	 4	 16702	 
-1.97803	  8.88309	 2	 16703	 
-0.98901	  8.88309	 4	 16704	 
 0.00000	  7.94803	 3	 16705	 
 0.97826	  7.94803	 2	 16706	 
 1.95652	  7.94803	 3	 16707	 
 2.93478	  7.94803	 3	 16708	 
 3.91304	  7.94803	 3	 16709	 
 4.89130	  7.94803	 3	 16710	 
 5.86957	  7.94803	 3	 16711	 
 6.84783	  7.94803	 1	 16712	 
 7.82609	  7.94803	 4	 16713	 
 8.80435	  7.94803	 4	 16714	 
 9.78261	  7.94803	 2	 16715	 
10.76087	  7.94803	 2	 16716	 
11.73913	  7.94803	 2	 16717	 
12.71739	  7.94803	 3	 16718	 
13.69565	  7.94803	 4	 16719	 
14.67391	  7.94803	 4	 16720	 
15.65217	  7.94803	 1	 16721	 
16.63043	  7.94803	 2	 16722	 
17.60870	  7.94803	 2	 16723	 
18.58696	  7.94803	 3	 16724	 
19.56522	  7.94803	 3	 16725	 
20.54348	  7.94803	 3	 16726	 
21.52174	  7.94803	 1	 16727	 
22.50000	  7.94803	 1	 16728	 
23.47826	  7.94803	 2	 16729	 
24.45652	  7.94803	 2	 16730	 
25.43478	  7.94803	 2	 16731	 
26.41304	  7.94803	 2	 16732	 
27.39130	  7.94803	 2	 16733	 
28.36957	  7.94803	 2	 16734	 
29.34783	  7.94803	 4	 16735	 
30.32609	  7.94803	 4	 16736	 
31.30435	  7.94803	 4	 16737	 
32.28261	  7.94803	 4	 16738	 
33.26087	  7.94803	 4	 16739	 
34.23913	  7.94803	 4	 16740	 
35.21739	  7.94803	 4	 16741	 
36.19565	  7.94803	 4	 16742	 
37.17391	  7.94803	 4	 16743	 
38.15217	  7.94803	 4	 16744	 
39.13044	  7.94803	 2	 16745	 
40.10870	  7.94803	 4	 16746	 
41.08696	  7.94803	 4	 16747	 
42.06522	  7.94803	 2	 16748	 
43.04348	  7.94803	 2	 16749	 
44.02174	  7.94803	 2	 16750	 
45.00000	  7.94803	 2	 16751	 
45.97826	  7.94803	 2	 16752	 
46.95652	  7.94803	 2	 16753	 
47.93478	  7.94803	 2	 16754	 
48.91304	  7.94803	 2	 16755	 
80.21739	  7.94803	 2	 16787	 
81.19566	  7.94803	 2	 16788	 
99.78261	  7.94803	 4	 16807	 
124.23913	  7.94803	 4	 16832	 
125.21739	  7.94803	 4	 16833	 
-81.19565	  7.94803	 3	 16990	 
-77.28262	  7.94803	 4	 16994	 
-76.30435	  7.94803	 4	 16995	 
-75.32608	  7.94803	 4	 16996	 
-74.34784	  7.94803	 4	 16997	 
-73.36957	  7.94803	 4	 16998	 
-72.39130	  7.94803	 4	 16999	 
-71.41306	  7.94803	 2	 17000	 
-70.43478	  7.94803	 4	 17001	 
-69.45651	  7.94803	 4	 17002	 
-68.47827	  7.94803	 4	 17003	 
-67.50000	  7.94803	 4	 17004	 
-66.52173	  7.94803	 4	 17005	 
-65.54349	  7.94803	 4	 17006	 
-64.56522	  7.94803	 2	 17007	 
-63.58694	  7.94803	 3	 17008	 
-62.60870	  7.94803	 4	 17009	 
-61.63043	  7.94803	 4	 17010	 
-60.65216	  7.94803	 4	 17011	 
-59.67392	  7.94803	 4	 17012	 
-11.73914	  7.94803	 2	 17061	 
-10.76086	  7.94803	 2	 17062	 
-9.78262	  7.94803	 4	 17063	 
-8.80435	  7.94803	 2	 17064	 
-7.82608	  7.94803	 4	 17065	 
-6.84784	  7.94803	 1	 17066	 
-5.86957	  7.94803	 4	 17067	 
-4.89130	  7.94803	 1	 17068	 
-3.91306	  7.94803	 4	 17069	 
-2.93478	  7.94803	 2	 17070	 
-1.95651	  7.94803	 2	 17071	 
-0.97827	  7.94803	 3	 17072	 
 0.00000	  7.01296	 3	 17073	 
 0.96774	  7.01296	 2	 17074	 
 1.93548	  7.01296	 4	 17075	 
 2.90323	  7.01296	 1	 17076	 
 3.87097	  7.01296	 4	 17077	 
 4.83871	  7.01296	 3	 17078	 
 5.80645	  7.01296	 1	 17079	 
 6.77419	  7.01296	 4	 17080	 
 7.74194	  7.01296	 1	 17081	 
 8.70968	  7.01296	 4	 17082	 
 9.67742	  7.01296	 4	 17083	 
10.64516	  7.01296	 4	 17084	 
11.61290	  7.01296	 4	 17085	 
12.58065	  7.01296	 2	 17086	 
13.54839	  7.01296	 4	 17087	 
14.51613	  7.01296	 4	 17088	 
15.48387	  7.01296	 4	 17089	 
16.45161	  7.01296	 2	 17090	 
17.41936	  7.01296	 2	 17091	 
18.38710	  7.01296	 2	 17092	 
19.35484	  7.01296	 2	 17093	 
20.32258	  7.01296	 2	 17094	 
21.29032	  7.01296	 2	 17095	 
22.25806	  7.01296	 1	 17096	 
23.22581	  7.01296	 2	 17097	 
24.19355	  7.01296	 2	 17098	 
25.16129	  7.01296	 2	 17099	 
26.12903	  7.01296	 2	 17100	 
27.09678	  7.01296	 2	 17101	 
28.06452	  7.01296	 2	 17102	 
29.03226	  7.01296	 2	 17103	 
30.00000	  7.01296	 4	 17104	 
30.96774	  7.01296	 2	 17105	 
31.93548	  7.01296	 4	 17106	 
32.90322	  7.01296	 4	 17107	 
33.87097	  7.01296	 4	 17108	 
34.83871	  7.01296	 4	 17109	 
35.80645	  7.01296	 4	 17110	 
36.77419	  7.01296	 4	 17111	 
37.74194	  7.01296	 4	 17112	 
38.70968	  7.01296	 4	 17113	 
39.67742	  7.01296	 4	 17114	 
40.64516	  7.01296	 4	 17115	 
41.61290	  7.01296	 4	 17116	 
42.58065	  7.01296	 2	 17117	 
43.54839	  7.01296	 2	 17118	 
44.51613	  7.01296	 2	 17119	 
45.48387	  7.01296	 2	 17120	 
46.45161	  7.01296	 2	 17121	 
47.41935	  7.01296	 2	 17122	 
48.38710	  7.01296	 2	 17123	 
80.32258	  7.01296	 4	 17156	 
81.29032	  7.01296	 2	 17157	 
100.64516	  7.01296	 4	 17177	 
124.83871	  7.01296	 3	 17202	 
-77.41934	  7.01296	 4	 17365	 
-76.45160	  7.01296	 4	 17366	 
-75.48386	  7.01296	 4	 17367	 
-74.51614	  7.01296	 4	 17368	 
-73.54840	  7.01296	 4	 17369	 
-72.58066	  7.01296	 4	 17370	 
-71.61292	  7.01296	 4	 17371	 
-70.64517	  7.01296	 4	 17372	 
-69.67743	  7.01296	 4	 17373	 
-68.70969	  7.01296	 4	 17374	 
-67.74194	  7.01296	 4	 17375	 
-66.77420	  7.01296	 4	 17376	 
-65.80646	  7.01296	 4	 17377	 
-64.83871	  7.01296	 3	 17378	 
-63.87097	  7.01296	 3	 17379	 
-62.90323	  7.01296	 4	 17380	 
-61.93549	  7.01296	 4	 17381	 
-60.96774	  7.01296	 3	 17382	 
-60.00000	  7.01296	 4	 17383	 
-59.03226	  7.01296	 4	 17384	 
-11.61292	  7.01296	 2	 17433	 
-10.64517	  7.01296	 2	 17434	 
-9.67743	  7.01296	 2	 17435	 
-8.70969	  7.01296	 4	 17436	 
-7.74194	  7.01296	 4	 17437	 
-6.77420	  7.01296	 4	 17438	 
-5.80646	  7.01296	 1	 17439	 
-4.83871	  7.01296	 4	 17440	 
-3.87097	  7.01296	 4	 17441	 
-2.90323	  7.01296	 4	 17442	 
-1.93549	  7.01296	 4	 17443	 
-0.96774	  7.01296	 2	 17444	 
 0.00000	  6.07790	 4	 17445	 
 5.74468	  6.07790	 4	 17451	 
 6.70213	  6.07790	 1	 17452	 
 7.65957	  6.07790	 4	 17453	 
 8.61702	  6.07790	 4	 17454	 
 9.57447	  6.07790	 4	 17455	 
10.53191	  6.07790	 4	 17456	 
11.48936	  6.07790	 2	 17457	 
12.44681	  6.07790	 2	 17458	 
13.40425	  6.07790	 4	 17459	 
14.36170	  6.07790	 4	 17460	 
15.31915	  6.07790	 2	 17461	 
16.27660	  6.07790	 1	 17462	 
17.23404	  6.07790	 2	 17463	 
18.19149	  6.07790	 2	 17464	 
19.14894	  6.07790	 2	 17465	 
20.10638	  6.07790	 2	 17466	 
21.06383	  6.07790	 2	 17467	 
22.02128	  6.07790	 2	 17468	 
22.97872	  6.07790	 2	 17469	 
23.93617	  6.07790	 2	 17470	 
24.89362	  6.07790	 2	 17471	 
25.85106	  6.07790	 2	 17472	 
26.80851	  6.07790	 2	 17473	 
27.76596	  6.07790	 2	 17474	 
28.72340	  6.07790	 2	 17475	 
29.68085	  6.07790	 2	 17476	 
30.63830	  6.07790	 2	 17477	 
31.59575	  6.07790	 4	 17478	 
32.55319	  6.07790	 3	 17479	 
33.51064	  6.07790	 4	 17480	 
34.46809	  6.07790	 4	 17481	 
35.42553	  6.07790	 4	 17482	 
36.38298	  6.07790	 4	 17483	 
37.34043	  6.07790	 2	 17484	 
38.29787	  6.07790	 4	 17485	 
39.25532	  6.07790	 2	 17486	 
40.21276	  6.07790	 2	 17487	 
41.17021	  6.07790	 2	 17488	 
42.12766	  6.07790	 2	 17489	 
43.08511	  6.07790	 2	 17490	 
44.04255	  6.07790	 2	 17491	 
45.00000	  6.07790	 2	 17492	 
45.95745	  6.07790	 2	 17493	 
46.91489	  6.07790	 2	 17494	 
47.87234	  6.07790	 2	 17495	 
100.53191	  6.07790	 4	 17550	 
101.48936	  6.07790	 4	 17551	 
116.80851	  6.07790	 3	 17567	 
-76.59573	  6.07790	 4	 17741	 
-75.63831	  6.07790	 2	 17742	 
-74.68085	  6.07790	 4	 17743	 
-73.72342	  6.07790	 4	 17744	 
-72.76596	  6.07790	 4	 17745	 
-71.80850	  6.07790	 4	 17746	 
-70.85107	  6.07790	 3	 17747	 
-69.89362	  6.07790	 4	 17748	 
-68.93616	  6.07790	 4	 17749	 
-67.97873	  6.07790	 4	 17750	 
-67.02127	  6.07790	 4	 17751	 
-66.06384	  6.07790	 4	 17752	 
-65.10638	  6.07790	 4	 17753	 
-64.14893	  6.07790	 3	 17754	 
-63.19150	  6.07790	 2	 17755	 
-62.23404	  6.07790	 3	 17756	 
-61.27658	  6.07790	 3	 17757	 
-60.31915	  6.07790	 4	 17758	 
-59.36169	  6.07790	 4	 17759	 
-58.40427	  6.07790	 1	 17760	 
-57.44681	  6.07790	 4	 17761	 
-9.57446	  6.07790	 2	 17811	 
-8.61703	  6.07790	 2	 17812	 
-7.65958	  6.07790	 4	 17813	 
-6.70212	  6.07790	 4	 17814	 
-5.74469	  6.07790	 4	 17815	 
-4.78723	  6.07790	 4	 17816	 
-3.82977	  6.07790	 4	 17817	 
-2.87234	  6.07790	 4	 17818	 
-1.91489	  6.07790	 4	 17819	 
-0.95746	  6.07790	 4	 17820	 
 6.63158	  5.14284	 4	 17828	 
 7.57895	  5.14284	 4	 17829	 
 8.52632	  5.14284	 4	 17830	 
 9.47368	  5.14284	 4	 17831	 
10.42105	  5.14284	 2	 17832	 
11.36842	  5.14284	 2	 17833	 
12.31579	  5.14284	 2	 17834	 
13.26316	  5.14284	 3	 17835	 
14.21053	  5.14284	 2	 17836	 
15.15790	  5.14284	 4	 17837	 
16.10526	  5.14284	 1	 17838	 
17.05263	  5.14284	 2	 17839	 
18.00000	  5.14284	 2	 17840	 
18.94737	  5.14284	 2	 17841	 
19.89474	  5.14284	 2	 17842	 
20.84211	  5.14284	 4	 17843	 
21.78947	  5.14284	 1	 17844	 
22.73684	  5.14284	 3	 17845	 
23.68421	  5.14284	 3	 17846	 
24.63158	  5.14284	 3	 17847	 
25.57895	  5.14284	 4	 17848	 
26.52632	  5.14284	 4	 17849	 
27.47368	  5.14284	 2	 17850	 
28.42105	  5.14284	 2	 17851	 
29.36842	  5.14284	 2	 17852	 
30.31579	  5.14284	 2	 17853	 
31.26316	  5.14284	 2	 17854	 
32.21053	  5.14284	 3	 17855	 
33.15789	  5.14284	 3	 17856	 
34.10526	  5.14284	 3	 17857	 
35.05263	  5.14284	 4	 17858	 
36.00000	  5.14284	 4	 17859	 
36.94737	  5.14284	 2	 17860	 
37.89474	  5.14284	 4	 17861	 
38.84211	  5.14284	 2	 17862	 
39.78947	  5.14284	 2	 17863	 
40.73684	  5.14284	 2	 17864	 
41.68421	  5.14284	 2	 17865	 
42.63158	  5.14284	 2	 17866	 
43.57895	  5.14284	 2	 17867	 
44.52632	  5.14284	 2	 17868	 
45.47368	  5.14284	 2	 17869	 
46.42105	  5.14284	 2	 17870	 
47.36842	  5.14284	 2	 17871	 
95.68421	  5.14284	 3	 17922	 
101.36842	  5.14284	 4	 17928	 
102.31579	  5.14284	 4	 17929	 
115.57895	  5.14284	 3	 17943	 
116.52631	  5.14284	 3	 17944	 
117.47369	  5.14284	 3	 17945	 
118.42105	  5.14284	 3	 17946	 
-76.73685	  5.14284	 4	 18120	 
-75.78946	  5.14284	 2	 18121	 
-74.84210	  5.14284	 4	 18122	 
-73.89474	  5.14284	 4	 18123	 
-72.94736	  5.14284	 4	 18124	 
-72.00000	  5.14284	 4	 18125	 
-71.05264	  5.14284	 4	 18126	 
-70.10526	  5.14284	 4	 18127	 
-69.15790	  5.14284	 4	 18128	 
-68.21054	  5.14284	 4	 18129	 
-67.26315	  5.14284	 4	 18130	 
-66.31580	  5.14284	 3	 18131	 
-65.36841	  5.14284	 4	 18132	 
-64.42105	  5.14284	 4	 18133	 
-63.47369	  5.14284	 3	 18134	 
-62.52631	  5.14284	 3	 18135	 
-61.57895	  5.14284	 3	 18136	 
-60.63159	  5.14284	 1	 18137	 
-59.68420	  5.14284	 3	 18138	 
-58.73685	  5.14284	 4	 18139	 
-57.78946	  5.14284	 2	 18140	 
-56.84210	  5.14284	 5	 18141	 
-55.89474	  5.14284	 5	 18142	 
-54.94736	  5.14284	 4	 18143	 
-54.00000	  5.14284	 4	 18144	 
-53.05264	  5.14284	 4	 18145	 
-8.52631	  5.14284	 2	 18192	 
-7.57895	  5.14284	 4	 18193	 
-6.63159	  5.14284	 4	 18194	 
-5.68420	  5.14284	 4	 18195	 
-1.89474	  5.14284	 2	 18199	 
 9.37500	  4.20778	 2	 18211	 
10.31250	  4.20778	 2	 18212	 
11.25000	  4.20778	 3	 18213	 
12.18750	  4.20778	 2	 18214	 
13.12500	  4.20778	 2	 18215	 
14.06250	  4.20778	 2	 18216	 
15.00000	  4.20778	 4	 18217	 
15.93750	  4.20778	 2	 18218	 
16.87500	  4.20778	 1	 18219	 
17.81250	  4.20778	 2	 18220	 
18.75000	  4.20778	 4	 18221	 
19.68750	  4.20778	 4	 18222	 
20.62500	  4.20778	 4	 18223	 
21.56250	  4.20778	 4	 18224	 
22.50000	  4.20778	 4	 18225	 
23.43750	  4.20778	 4	 18226	 
24.37500	  4.20778	 4	 18227	 
25.31250	  4.20778	 4	 18228	 
26.25000	  4.20778	 4	 18229	 
27.18750	  4.20778	 4	 18230	 
28.12500	  4.20778	 4	 18231	 
29.06250	  4.20778	 4	 18232	 
30.00000	  4.20778	 4	 18233	 
30.93750	  4.20778	 2	 18234	 
31.87500	  4.20778	 2	 18235	 
32.81250	  4.20778	 2	 18236	 
33.75000	  4.20778	 2	 18237	 
34.68750	  4.20778	 3	 18238	 
35.62500	  4.20778	 1	 18239	 
36.56250	  4.20778	 2	 18240	 
37.50000	  4.20778	 2	 18241	 
38.43750	  4.20778	 4	 18242	 
39.37500	  4.20778	 4	 18243	 
40.31250	  4.20778	 2	 18244	 
41.25000	  4.20778	 2	 18245	 
42.18750	  4.20778	 2	 18246	 
43.12500	  4.20778	 2	 18247	 
44.06250	  4.20778	 2	 18248	 
45.00000	  4.20778	 2	 18249	 
45.93750	  4.20778	 2	 18250	 
46.87500	  4.20778	 2	 18251	 
96.56250	  4.20778	 3	 18304	 
97.50000	  4.20778	 3	 18305	 
101.25000	  4.20778	 4	 18309	 
102.18750	  4.20778	 4	 18310	 
103.12500	  4.20778	 4	 18311	 
114.37500	  4.20778	 4	 18323	 
115.31250	  4.20778	 3	 18324	 
116.25000	  4.20778	 3	 18325	 
117.18750	  4.20778	 3	 18326	 
-76.87500	  4.20778	 4	 18503	 
-75.93750	  4.20778	 2	 18504	 
-75.00000	  4.20778	 2	 18505	 
-74.06250	  4.20778	 2	 18506	 
-73.12500	  4.20778	 4	 18507	 
-72.18750	  4.20778	 4	 18508	 
-71.25000	  4.20778	 4	 18509	 
-70.31250	  4.20778	 4	 18510	 
-69.37500	  4.20778	 4	 18511	 
-68.43750	  4.20778	 4	 18512	 
-67.50000	  4.20778	 4	 18513	 
-66.56250	  4.20778	 3	 18514	 
-65.62500	  4.20778	 4	 18515	 
-64.68750	  4.20778	 4	 18516	 
-63.75000	  4.20778	 4	 18517	 
-62.81250	  4.20778	 3	 18518	 
-61.87500	  4.20778	 3	 18519	 
-60.93750	  4.20778	 4	 18520	 
-60.00000	  4.20778	 4	 18521	 
-59.06250	  4.20778	 3	 18522	 
-58.12500	  4.20778	 4	 18523	 
-57.18750	  4.20778	 4	 18524	 
-56.25000	  4.20778	 4	 18525	 
-55.31250	  4.20778	 4	 18526	 
-54.37500	  4.20778	 4	 18527	 
-53.43750	  4.20778	 4	 18528	 
-52.50000	  4.20778	 4	 18529	 
10.20619	  3.27272	 2	 18596	 
11.13402	  3.27272	 3	 18597	 
12.06186	  3.27272	 3	 18598	 
12.98969	  3.27272	 2	 18599	 
13.91753	  3.27272	 2	 18600	 
14.84536	  3.27272	 2	 18601	 
15.77320	  3.27272	 4	 18602	 
16.70103	  3.27272	 1	 18603	 
17.62887	  3.27272	 1	 18604	 
18.55670	  3.27272	 2	 18605	 
19.48454	  3.27272	 4	 18606	 
20.41237	  3.27272	 4	 18607	 
21.34021	  3.27272	 2	 18608	 
22.26804	  3.27272	 2	 18609	 
23.19588	  3.27272	 2	 18610	 
24.12371	  3.27272	 4	 18611	 
25.05155	  3.27272	 4	 18612	 
25.97938	  3.27272	 4	 18613	 
26.90722	  3.27272	 4	 18614	 
27.83505	  3.27272	 4	 18615	 
28.76289	  3.27272	 4	 18616	 
29.69072	  3.27272	 4	 18617	 
30.61856	  3.27272	 4	 18618	 
31.54639	  3.27272	 1	 18619	 
32.47423	  3.27272	 1	 18620	 
33.40206	  3.27272	 2	 18621	 
34.32990	  3.27272	 1	 18622	 
35.25773	  3.27272	 1	 18623	 
36.18557	  3.27272	 2	 18624	 
37.11340	  3.27272	 2	 18625	 
38.04124	  3.27272	 2	 18626	 
38.96907	  3.27272	 2	 18627	 
39.89691	  3.27272	 2	 18628	 
40.82474	  3.27272	 2	 18629	 
41.75258	  3.27272	 2	 18630	 
42.68041	  3.27272	 2	 18631	 
43.60825	  3.27272	 2	 18632	 
44.53608	  3.27272	 2	 18633	 
45.46392	  3.27272	 3	 18634	 
46.39175	  3.27272	 2	 18635	 
97.42268	  3.27272	 3	 18690	 
98.35052	  3.27272	 3	 18691	 
99.27835	  3.27272	 4	 18692	 
102.06186	  3.27272	 4	 18695	 
102.98969	  3.27272	 4	 18696	 
113.19588	  3.27272	 4	 18707	 
114.12371	  3.27272	 3	 18708	 
115.05154	  3.27272	 3	 18709	 
115.97938	  3.27272	 3	 18710	 
116.90722	  3.27272	 3	 18711	 
-77.01031	  3.27272	 4	 18890	 
-76.08249	  3.27272	 2	 18891	 
-75.15463	  3.27272	 4	 18892	 
-74.22681	  3.27272	 4	 18893	 
-73.29898	  3.27272	 4	 18894	 
-72.37112	  3.27272	 4	 18895	 
-71.44330	  3.27272	 4	 18896	 
-70.51547	  3.27272	 4	 18897	 
-69.58762	  3.27272	 4	 18898	 
-68.65979	  3.27272	 4	 18899	 
-67.73196	  3.27272	 4	 18900	 
-66.80414	  3.27272	 4	 18901	 
-65.87628	  3.27272	 4	 18902	 
-64.94846	  3.27272	 4	 18903	 
-64.02063	  3.27272	 4	 18904	 
-63.09277	  3.27272	 4	 18905	 
-62.16495	  3.27272	 4	 18906	 
-61.23712	  3.27272	 3	 18907	 
-60.30927	  3.27272	 3	 18908	 
-59.38144	  3.27272	 2	 18909	 
-58.45361	  3.27272	 4	 18910	 
-57.52579	  3.27272	 4	 18911	 
-56.59793	  3.27272	 4	 18912	 
-55.67010	  3.27272	 4	 18913	 
-54.74228	  3.27272	 4	 18914	 
-53.81442	  3.27272	 4	 18915	 
-52.88660	  3.27272	 4	 18916	 
-51.95877	  3.27272	 4	 18917	 
10.10204	  2.33765	 2	 18984	 
11.02041	  2.33765	 2	 18985	 
11.93878	  2.33765	 2	 18986	 
12.85714	  2.33765	 3	 18987	 
13.77551	  2.33765	 3	 18988	 
14.69388	  2.33765	 4	 18989	 
15.61224	  2.33765	 4	 18990	 
16.53061	  2.33765	 1	 18991	 
17.44898	  2.33765	 2	 18992	 
18.36735	  2.33765	 2	 18993	 
19.28572	  2.33765	 2	 18994	 
20.20408	  2.33765	 2	 18995	 
21.12245	  2.33765	 2	 18996	 
22.04082	  2.33765	 2	 18997	 
22.95918	  2.33765	 2	 18998	 
23.87755	  2.33765	 2	 18999	 
24.79592	  2.33765	 4	 19000	 
25.71428	  2.33765	 4	 19001	 
26.63265	  2.33765	 4	 19002	 
27.55102	  2.33765	 4	 19003	 
28.46939	  2.33765	 4	 19004	 
29.38775	  2.33765	 4	 19005	 
30.30612	  2.33765	 4	 19006	 
31.22449	  2.33765	 4	 19007	 
32.14286	  2.33765	 2	 19008	 
33.06123	  2.33765	 2	 19009	 
33.97959	  2.33765	 2	 19010	 
34.89796	  2.33765	 2	 19011	 
35.81633	  2.33765	 1	 19012	 
36.73470	  2.33765	 2	 19013	 
37.65306	  2.33765	 2	 19014	 
38.57143	  2.33765	 2	 19015	 
39.48980	  2.33765	 2	 19016	 
40.40816	  2.33765	 4	 19017	 
41.32653	  2.33765	 2	 19018	 
42.24490	  2.33765	 2	 19019	 
43.16327	  2.33765	 4	 19020	 
44.08163	  2.33765	 2	 19021	 
45.00000	  2.33765	 3	 19022	 
98.26530	  2.33765	 3	 19080	 
99.18367	  2.33765	 4	 19081	 
100.10204	  2.33765	 3	 19082	 
102.85714	  2.33765	 4	 19085	 
103.77551	  2.33765	 4	 19086	 
112.04082	  2.33765	 7	 19095	 
112.95918	  2.33765	 3	 19096	 
113.87755	  2.33765	 3	 19097	 
114.79592	  2.33765	 3	 19098	 
115.71429	  2.33765	 3	 19099	 
116.63265	  2.33765	 3	 19100	 
117.55102	  2.33765	 3	 19101	 
-78.06122	  2.33765	 4	 19280	 
-77.14285	  2.33765	 4	 19281	 
-76.22449	  2.33765	 2	 19282	 
-75.30612	  2.33765	 4	 19283	 
-74.38776	  2.33765	 4	 19284	 
-73.46939	  2.33765	 4	 19285	 
-72.55103	  2.33765	 4	 19286	 
-71.63266	  2.33765	 4	 19287	 
-70.71429	  2.33765	 4	 19288	 
-69.79593	  2.33765	 4	 19289	 
-68.87756	  2.33765	 4	 19290	 
-67.95920	  2.33765	 4	 19291	 
-67.04080	  2.33765	 4	 19292	 
-66.12244	  2.33765	 4	 19293	 
-65.20407	  2.33765	 4	 19294	 
-64.28571	  2.33765	 4	 19295	 
-63.36734	  2.33765	 3	 19296	 
-62.44897	  2.33765	 4	 19297	 
-61.53061	  2.33765	 4	 19298	 
-60.61224	  2.33765	 3	 19299	 
-59.69388	  2.33765	 2	 19300	 
-58.77551	  2.33765	 2	 19301	 
-57.85715	  2.33765	 4	 19302	 
-56.93878	  2.33765	 4	 19303	 
-56.02042	  2.33765	 4	 19304	 
-55.10205	  2.33765	 4	 19305	 
-54.18369	  2.33765	 4	 19306	 
-53.26532	  2.33765	 4	 19307	 
-52.34692	  2.33765	 4	 19308	 
-51.42856	  2.33765	 4	 19309	 
10.00000	  1.40259	 4	 19376	 
10.90909	  1.40259	 2	 19377	 
11.81818	  1.40259	 4	 19378	 
12.72727	  1.40259	 4	 19379	 
13.63636	  1.40259	 4	 19380	 
14.54545	  1.40259	 3	 19381	 
15.45455	  1.40259	 3	 19382	 
16.36364	  1.40259	 2	 19383	 
17.27273	  1.40259	 2	 19384	 
18.18182	  1.40259	 2	 19385	 
19.09091	  1.40259	 2	 19386	 
20.00000	  1.40259	 2	 19387	 
20.90909	  1.40259	 2	 19388	 
21.81818	  1.40259	 2	 19389	 
22.72727	  1.40259	 2	 19390	 
23.63636	  1.40259	 2	 19391	 
24.54545	  1.40259	 2	 19392	 
25.45455	  1.40259	 4	 19393	 
26.36364	  1.40259	 4	 19394	 
27.27273	  1.40259	 4	 19395	 
28.18182	  1.40259	 4	 19396	 
29.09091	  1.40259	 4	 19397	 
30.00000	  1.40259	 4	 19398	 
30.90909	  1.40259	 1	 19399	 
31.81818	  1.40259	 2	 19400	 
32.72727	  1.40259	 2	 19401	 
33.63636	  1.40259	 2	 19402	 
34.54546	  1.40259	 2	 19403	 
35.45454	  1.40259	 1	 19404	 
36.36364	  1.40259	 2	 19405	 
37.27273	  1.40259	 2	 19406	 
38.18182	  1.40259	 2	 19407	 
39.09091	  1.40259	 3	 19408	 
40.00000	  1.40259	 2	 19409	 
40.90909	  1.40259	 2	 19410	 
41.81818	  1.40259	 2	 19411	 
42.72727	  1.40259	 4	 19412	 
43.63636	  1.40259	 2	 19413	 
99.09091	  1.40259	 3	 19474	 
100.00000	  1.40259	 4	 19475	 
100.90909	  1.40259	 7	 19476	 
101.81818	  1.40259	 7	 19477	 
110.00000	  1.40259	 1	 19486	 
110.90909	  1.40259	 7	 19487	 
111.81818	  1.40259	 3	 19488	 
112.72727	  1.40259	 3	 19489	 
113.63636	  1.40259	 3	 19490	 
114.54546	  1.40259	 3	 19491	 
115.45454	  1.40259	 3	 19492	 
116.36364	  1.40259	 3	 19493	 
117.27273	  1.40259	 3	 19494	 
118.18182	  1.40259	 3	 19495	 
128.18182	  1.40259	 2	 19506	 
-78.18182	  1.40259	 2	 19675	 
-77.27274	  1.40259	 4	 19676	 
-76.36365	  1.40259	 4	 19677	 
-75.45456	  1.40259	 4	 19678	 
-74.54544	  1.40259	 4	 19679	 
-73.63635	  1.40259	 4	 19680	 
-72.72726	  1.40259	 4	 19681	 
-71.81818	  1.40259	 3	 19682	 
-70.90909	  1.40259	 4	 19683	 
-70.00000	  1.40259	 3	 19684	 
-69.09091	  1.40259	 3	 19685	 
-68.18182	  1.40259	 3	 19686	 
-67.27274	  1.40259	 3	 19687	 
-66.36365	  1.40259	 4	 19688	 
-65.45456	  1.40259	 4	 19689	 
-64.54544	  1.40259	 4	 19690	 
-63.63635	  1.40259	 4	 19691	 
-62.72726	  1.40259	 3	 19692	 
-61.81818	  1.40259	 3	 19693	 
-60.90909	  1.40259	 3	 19694	 
-60.00000	  1.40259	 4	 19695	 
-59.09091	  1.40259	 4	 19696	 
-58.18182	  1.40259	 3	 19697	 
-57.27274	  1.40259	 4	 19698	 
-56.36365	  1.40259	 4	 19699	 
-55.45456	  1.40259	 4	 19700	 
-54.54544	  1.40259	 4	 19701	 
-53.63635	  1.40259	 4	 19702	 
-52.72726	  1.40259	 4	 19703	 
-51.81818	  1.40259	 4	 19704	 
-50.90909	  1.40259	 3	 19705	 
 9.90000	  0.46753	 4	 19772	 
10.80000	  0.46753	 3	 19773	 
11.70000	  0.46753	 4	 19774	 
12.60000	  0.46753	 4	 19775	 
13.50000	  0.46753	 4	 19776	 
14.40000	  0.46753	 4	 19777	 
15.30000	  0.46753	 2	 19778	 
16.20000	  0.46753	 2	 19779	 
17.10000	  0.46753	 2	 19780	 
18.00000	  0.46753	 2	 19781	 
18.90000	  0.46753	 2	 19782	 
19.80000	  0.46753	 2	 19783	 
20.70000	  0.46753	 2	 19784	 
21.60000	  0.46753	 2	 19785	 
22.50000	  0.46753	 2	 19786	 
23.40000	  0.46753	 2	 19787	 
24.30000	  0.46753	 2	 19788	 
25.20000	  0.46753	 2	 19789	 
26.10000	  0.46753	 4	 19790	 
27.00000	  0.46753	 4	 19791	 
27.90000	  0.46753	 4	 19792	 
28.80000	  0.46753	 4	 19793	 
29.70000	  0.46753	 4	 19794	 
30.60000	  0.46753	 4	 19795	 
31.50000	  0.46753	 4	 19796	 
32.40000	  0.46753	 3	 19797	 
33.30000	  0.46753	 3	 19798	 
34.20000	  0.46753	 2	 19799	 
35.10000	  0.46753	 4	 19800	 
36.00000	  0.46753	 1	 19801	 
36.90000	  0.46753	 2	 19802	 
37.80000	  0.46753	 2	 19803	 
38.70000	  0.46753	 2	 19804	 
39.60000	  0.46753	 2	 19805	 
40.50000	  0.46753	 2	 19806	 
41.40000	  0.46753	 2	 19807	 
42.30000	  0.46753	 2	 19808	 
43.20000	  0.46753	 2	 19809	 
99.90000	  0.46753	 3	 19872	 
100.80000	  0.46753	 4	 19873	 
101.70000	  0.46753	 5	 19874	 
102.60000	  0.46753	 7	 19875	 
109.80000	  0.46753	 2	 19883	 
110.70000	  0.46753	 2	 19884	 
111.60000	  0.46753	 2	 19885	 
112.50000	  0.46753	 3	 19886	 
113.40000	  0.46753	 3	 19887	 
114.30000	  0.46753	 3	 19888	 
115.20000	  0.46753	 3	 19889	 
116.10000	  0.46753	 3	 19890	 
117.00000	  0.46753	 3	 19891	 
123.30000	  0.46753	 3	 19898	 
-79.20001	  0.46753	 2	 20073	 
-78.29999	  0.46753	 2	 20074	 
-77.39999	  0.46753	 2	 20075	 
-76.50000	  0.46753	 4	 20076	 
-75.60001	  0.46753	 3	 20077	 
-74.70001	  0.46753	 3	 20078	 
-73.79999	  0.46753	 4	 20079	 
-72.89999	  0.46753	 3	 20080	 
-72.00000	  0.46753	 3	 20081	 
-71.10001	  0.46753	 3	 20082	 
-70.20001	  0.46753	 3	 20083	 
-69.29999	  0.46753	 3	 20084	 
-68.39999	  0.46753	 3	 20085	 
-67.50000	  0.46753	 3	 20086	 
-66.60001	  0.46753	 3	 20087	 
-65.70001	  0.46753	 3	 20088	 
-64.79999	  0.46753	 3	 20089	 
-63.89999	  0.46753	 3	 20090	 
-63.00000	  0.46753	 3	 20091	 
-62.10001	  0.46753	 3	 20092	 
-61.20001	  0.46753	 3	 20093	 
-60.29999	  0.46753	 4	 20094	 
-59.39999	  0.46753	 4	 20095	 
-58.50000	  0.46753	 4	 20096	 
-57.60001	  0.46753	 4	 20097	 
-56.70001	  0.46753	 4	 20098	 
-55.79999	  0.46753	 4	 20099	 
-54.89999	  0.46753	 4	 20100	 
-54.00000	  0.46753	 4	 20101	 
-53.10001	  0.46753	 4	 20102	 
-52.20001	  0.46753	 4	 20103	 
-51.29999	  0.46753	 3	 20104	 
-50.39999	  0.46753	 1	 20105	 
 9.90000	 -0.46753	 4	 20172	 
10.80000	 -0.46753	 3	 20173	 
11.70000	 -0.46753	 4	 20174	 
12.60000	 -0.46753	 4	 20175	 
13.50000	 -0.46753	 4	 20176	 
14.40000	 -0.46753	 4	 20177	 
15.30000	 -0.46753	 2	 20178	 
16.20000	 -0.46753	 2	 20179	 
17.10000	 -0.46753	 2	 20180	 
18.00000	 -0.46753	 2	 20181	 
18.90000	 -0.46753	 2	 20182	 
19.80000	 -0.46753	 2	 20183	 
20.70000	 -0.46753	 2	 20184	 
21.60000	 -0.46753	 2	 20185	 
22.50000	 -0.46753	 2	 20186	 
23.40000	 -0.46753	 2	 20187	 
24.30000	 -0.46753	 2	 20188	 
25.20000	 -0.46753	 2	 20189	 
26.10000	 -0.46753	 4	 20190	 
27.00000	 -0.46753	 4	 20191	 
27.90000	 -0.46753	 4	 20192	 
28.80000	 -0.46753	 4	 20193	 
29.70000	 -0.46753	 4	 20194	 
30.60000	 -0.46753	 3	 20195	 
31.50000	 -0.46753	 3	 20196	 
32.40000	 -0.46753	 3	 20197	 
33.30000	 -0.46753	 3	 20198	 
34.20000	 -0.46753	 4	 20199	 
35.10000	 -0.46753	 4	 20200	 
36.00000	 -0.46753	 3	 20201	 
36.90000	 -0.46753	 2	 20202	 
37.80000	 -0.46753	 2	 20203	 
38.70000	 -0.46753	 2	 20204	 
39.60000	 -0.46753	 2	 20205	 
40.50000	 -0.46753	 2	 20206	 
41.40000	 -0.46753	 2	 20207	 
42.30000	 -0.46753	 3	 20208	 
100.80000	 -0.46753	 3	 20273	 
101.70000	 -0.46753	 4	 20274	 
102.60000	 -0.46753	 7	 20275	 
103.50000	 -0.46753	 4	 20276	 
109.80000	 -0.46753	 7	 20283	 
110.70000	 -0.46753	 3	 20284	 
111.60000	 -0.46753	 2	 20285	 
112.50000	 -0.46753	 4	 20286	 
113.40000	 -0.46753	 3	 20287	 
114.30000	 -0.46753	 3	 20288	 
115.20000	 -0.46753	 3	 20289	 
116.10000	 -0.46753	 3	 20290	 
117.00000	 -0.46753	 3	 20291	 
-80.10001	 -0.46753	 4	 20472	 
-79.20001	 -0.46753	 2	 20473	 
-78.29999	 -0.46753	 2	 20474	 
-77.39999	 -0.46753	 4	 20475	 
-76.50000	 -0.46753	 4	 20476	 
-75.60001	 -0.46753	 4	 20477	 
-74.70001	 -0.46753	 3	 20478	 
-73.79999	 -0.46753	 3	 20479	 
-72.89999	 -0.46753	 3	 20480	 
-72.00000	 -0.46753	 3	 20481	 
-71.10001	 -0.46753	 3	 20482	 
-70.20001	 -0.46753	 3	 20483	 
-69.29999	 -0.46753	 3	 20484	 
-68.39999	 -0.46753	 3	 20485	 
-67.50000	 -0.46753	 3	 20486	 
-66.60001	 -0.46753	 3	 20487	 
-65.70001	 -0.46753	 3	 20488	 
-64.79999	 -0.46753	 3	 20489	 
-63.89999	 -0.46753	 3	 20490	 
-63.00000	 -0.46753	 3	 20491	 
-62.10001	 -0.46753	 3	 20492	 
-61.20001	 -0.46753	 3	 20493	 
-60.29999	 -0.46753	 4	 20494	 
-59.39999	 -0.46753	 4	 20495	 
-58.50000	 -0.46753	 4	 20496	 
-57.60001	 -0.46753	 4	 20497	 
-56.70001	 -0.46753	 4	 20498	 
-55.79999	 -0.46753	 4	 20499	 
-54.89999	 -0.46753	 4	 20500	 
-54.00000	 -0.46753	 4	 20501	 
-53.10001	 -0.46753	 4	 20502	 
-52.20001	 -0.46753	 4	 20503	 
-51.29999	 -0.46753	 3	 20504	 
-50.39999	 -0.46753	 3	 20505	 
-49.50000	 -0.46753	 3	 20506	 
10.00000	 -1.40259	 1	 20572	 
10.90909	 -1.40259	 3	 20573	 
11.81818	 -1.40259	 3	 20574	 
12.72727	 -1.40259	 2	 20575	 
13.63636	 -1.40259	 4	 20576	 
14.54545	 -1.40259	 1	 20577	 
15.45455	 -1.40259	 2	 20578	 
16.36364	 -1.40259	 2	 20579	 
17.27273	 -1.40259	 2	 20580	 
18.18182	 -1.40259	 2	 20581	 
19.09091	 -1.40259	 2	 20582	 
20.00000	 -1.40259	 2	 20583	 
20.90909	 -1.40259	 2	 20584	 
21.81818	 -1.40259	 2	 20585	 
22.72727	 -1.40259	 2	 20586	 
23.63636	 -1.40259	 2	 20587	 
24.54545	 -1.40259	 2	 20588	 
25.45455	 -1.40259	 2	 20589	 
26.36364	 -1.40259	 4	 20590	 
27.27273	 -1.40259	 4	 20591	 
28.18182	 -1.40259	 4	 20592	 
29.09091	 -1.40259	 4	 20593	 
30.00000	 -1.40259	 4	 20594	 
30.90909	 -1.40259	 2	 20595	 
31.81818	 -1.40259	 2	 20596	 
32.72727	 -1.40259	 3	 20597	 
33.63636	 -1.40259	 4	 20598	 
34.54546	 -1.40259	 4	 20599	 
35.45454	 -1.40259	 2	 20600	 
36.36364	 -1.40259	 2	 20601	 
37.27273	 -1.40259	 2	 20602	 
38.18182	 -1.40259	 2	 20603	 
39.09091	 -1.40259	 2	 20604	 
40.00000	 -1.40259	 2	 20605	 
40.90909	 -1.40259	 2	 20606	 
100.90909	 -1.40259	 3	 20672	 
101.81818	 -1.40259	 2	 20673	 
102.72727	 -1.40259	 4	 20674	 
103.63636	 -1.40259	 4	 20675	 
110.90909	 -1.40259	 4	 20683	 
111.81818	 -1.40259	 4	 20684	 
112.72727	 -1.40259	 3	 20685	 
113.63636	 -1.40259	 1	 20686	 
114.54546	 -1.40259	 1	 20687	 
115.45454	 -1.40259	 3	 20688	 
116.36364	 -1.40259	 3	 20689	 
120.00000	 -1.40259	 2	 20693	 
121.81818	 -1.40259	 3	 20695	 
131.81818	 -1.40259	 3	 20706	 
132.72728	 -1.40259	 3	 20707	 
133.63637	 -1.40259	 4	 20708	 
-80.00000	 -1.40259	 4	 20869	 
-79.09091	 -1.40259	 2	 20870	 
-78.18182	 -1.40259	 2	 20871	 
-77.27274	 -1.40259	 4	 20872	 
-76.36365	 -1.40259	 4	 20873	 
-75.45456	 -1.40259	 4	 20874	 
-74.54544	 -1.40259	 3	 20875	 
-73.63635	 -1.40259	 3	 20876	 
-72.72726	 -1.40259	 4	 20877	 
-71.81818	 -1.40259	 4	 20878	 
-70.90909	 -1.40259	 3	 20879	 
-70.00000	 -1.40259	 3	 20880	 
-69.09091	 -1.40259	 3	 20881	 
-68.18182	 -1.40259	 3	 20882	 
-67.27274	 -1.40259	 3	 20883	 
-66.36365	 -1.40259	 3	 20884	 
-65.45456	 -1.40259	 3	 20885	 
-64.54544	 -1.40259	 3	 20886	 
-63.63635	 -1.40259	 3	 20887	 
-62.72726	 -1.40259	 3	 20888	 
-61.81818	 -1.40259	 3	 20889	 
-60.90909	 -1.40259	 4	 20890	 
-60.00000	 -1.40259	 4	 20891	 
-59.09091	 -1.40259	 4	 20892	 
-58.18182	 -1.40259	 4	 20893	 
-57.27274	 -1.40259	 4	 20894	 
-56.36365	 -1.40259	 4	 20895	 
-55.45456	 -1.40259	 4	 20896	 
-54.54544	 -1.40259	 4	 20897	 
-53.63635	 -1.40259	 4	 20898	 
-52.72726	 -1.40259	 3	 20899	 
-51.81818	 -1.40259	 3	 20900	 
-50.90909	 -1.40259	 3	 20901	 
-50.00000	 -1.40259	 3	 20902	 
-49.09091	 -1.40259	 3	 20903	 
-48.18182	 -1.40259	 3	 20904	 
-47.27274	 -1.40259	 3	 20905	 
-46.36365	 -1.40259	 3	 20906	 
10.10204	 -2.33765	 1	 20968	 
11.02041	 -2.33765	 4	 20969	 
11.93878	 -2.33765	 2	 20970	 
12.85714	 -2.33765	 2	 20971	 
13.77551	 -2.33765	 1	 20972	 
14.69388	 -2.33765	 1	 20973	 
15.61224	 -2.33765	 1	 20974	 
16.53061	 -2.33765	 1	 20975	 
17.44898	 -2.33765	 2	 20976	 
18.36735	 -2.33765	 2	 20977	 
19.28572	 -2.33765	 2	 20978	 
20.20408	 -2.33765	 2	 20979	 
21.12245	 -2.33765	 2	 20980	 
22.04082	 -2.33765	 2	 20981	 
22.95918	 -2.33765	 2	 20982	 
23.87755	 -2.33765	 2	 20983	 
24.79592	 -2.33765	 4	 20984	 
25.71428	 -2.33765	 3	 20985	 
26.63265	 -2.33765	 4	 20986	 
27.55102	 -2.33765	 4	 20987	 
28.46939	 -2.33765	 4	 20988	 
29.38775	 -2.33765	 4	 20989	 
30.30612	 -2.33765	 4	 20990	 
31.22449	 -2.33765	 3	 20991	 
32.14286	 -2.33765	 3	 20992	 
33.06123	 -2.33765	 4	 20993	 
33.97959	 -2.33765	 4	 20994	 
34.89796	 -2.33765	 2	 20995	 
35.81633	 -2.33765	 2	 20996	 
36.73470	 -2.33765	 4	 20997	 
37.65306	 -2.33765	 2	 20998	 
38.57143	 -2.33765	 2	 20999	 
39.48980	 -2.33765	 3	 21000	 
101.02041	 -2.33765	 3	 21067	 
101.93877	 -2.33765	 3	 21068	 
102.85714	 -2.33765	 4	 21069	 
103.77551	 -2.33765	 4	 21070	 
104.69388	 -2.33765	 7	 21071	 
111.12245	 -2.33765	 1	 21078	 
112.04082	 -2.33765	 3	 21079	 
112.95918	 -2.33765	 1	 21080	 
113.87755	 -2.33765	 1	 21081	 
114.79592	 -2.33765	 4	 21082	 
115.71429	 -2.33765	 3	 21083	 
119.38776	 -2.33765	 2	 21087	 
120.30612	 -2.33765	 3	 21088	 
121.22449	 -2.33765	 3	 21089	 
133.16327	 -2.33765	 7	 21102	 
137.75510	 -2.33765	 2	 21107	 
138.67346	 -2.33765	 4	 21108	 
139.59184	 -2.33765	 2	 21109	 
-79.89795	 -2.33765	 4	 21262	 
-78.97958	 -2.33765	 4	 21263	 
-78.06122	 -2.33765	 3	 21264	 
-77.14285	 -2.33765	 4	 21265	 
-76.22449	 -2.33765	 4	 21266	 
-75.30612	 -2.33765	 4	 21267	 
-74.38776	 -2.33765	 3	 21268	 
-73.46939	 -2.33765	 3	 21269	 
-72.55103	 -2.33765	 3	 21270	 
-71.63266	 -2.33765	 3	 21271	 
-70.71429	 -2.33765	 3	 21272	 
-69.79593	 -2.33765	 4	 21273	 
-68.87756	 -2.33765	 3	 21274	 
-67.95920	 -2.33765	 3	 21275	 
-67.04080	 -2.33765	 3	 21276	 
-66.12244	 -2.33765	 3	 21277	 
-65.20407	 -2.33765	 3	 21278	 
-64.28571	 -2.33765	 3	 21279	 
-63.36734	 -2.33765	 3	 21280	 
-62.44897	 -2.33765	 3	 21281	 
-61.53061	 -2.33765	 3	 21282	 
-60.61224	 -2.33765	 4	 21283	 
-59.69388	 -2.33765	 4	 21284	 
-58.77551	 -2.33765	 4	 21285	 
-57.85715	 -2.33765	 3	 21286	 
-56.93878	 -2.33765	 3	 21287	 
-56.02042	 -2.33765	 3	 21288	 
-55.10205	 -2.33765	 3	 21289	 
-54.18369	 -2.33765	 3	 21290	 
-53.26532	 -2.33765	 3	 21291	 
-52.34692	 -2.33765	 3	 21292	 
-51.42856	 -2.33765	 3	 21293	 
-50.51019	 -2.33765	 3	 21294	 
-49.59183	 -2.33765	 4	 21295	 
-48.67346	 -2.33765	 3	 21296	 
-47.75510	 -2.33765	 3	 21297	 
-46.83673	 -2.33765	 3	 21298	 
-45.91837	 -2.33765	 2	 21299	 
-45.00000	 -2.33765	 3	 21300	 
11.13402	 -3.27272	 3	 21361	 
12.06186	 -3.27272	 4	 21362	 
12.98969	 -3.27272	 2	 21363	 
13.91753	 -3.27272	 2	 21364	 
14.84536	 -3.27272	 1	 21365	 
15.77320	 -3.27272	 1	 21366	 
16.70103	 -3.27272	 1	 21367	 
17.62887	 -3.27272	 2	 21368	 
18.55670	 -3.27272	 2	 21369	 
19.48454	 -3.27272	 2	 21370	 
20.41237	 -3.27272	 2	 21371	 
21.34021	 -3.27272	 2	 21372	 
22.26804	 -3.27272	 2	 21373	 
23.19588	 -3.27272	 2	 21374	 
24.12371	 -3.27272	 2	 21375	 
25.05155	 -3.27272	 3	 21376	 
25.97938	 -3.27272	 4	 21377	 
26.90722	 -3.27272	 4	 21378	 
27.83505	 -3.27272	 4	 21379	 
28.76289	 -3.27272	 4	 21380	 
29.69072	 -3.27272	 4	 21381	 
30.61856	 -3.27272	 4	 21382	 
31.54639	 -3.27272	 4	 21383	 
32.47423	 -3.27272	 4	 21384	 
33.40206	 -3.27272	 4	 21385	 
34.32990	 -3.27272	 3	 21386	 
35.25773	 -3.27272	 4	 21387	 
36.18557	 -3.27272	 4	 21388	 
37.11340	 -3.27272	 2	 21389	 
38.04124	 -3.27272	 2	 21390	 
38.96907	 -3.27272	 2	 21391	 
102.06186	 -3.27272	 3	 21459	 
102.98969	 -3.27272	 2	 21460	 
103.91753	 -3.27272	 4	 21461	 
104.84536	 -3.27272	 3	 21462	 
105.77319	 -3.27272	 7	 21463	 
114.12371	 -3.27272	 7	 21472	 
115.05154	 -3.27272	 4	 21473	 
115.97938	 -3.27272	 4	 21474	 
119.69072	 -3.27272	 3	 21478	 
121.54639	 -3.27272	 3	 21480	 
133.60825	 -3.27272	 3	 21493	 
134.53609	 -3.27272	 3	 21494	 
135.46391	 -3.27272	 3	 21495	 
136.39175	 -3.27272	 3	 21496	 
137.31958	 -3.27272	 3	 21497	 
138.24742	 -3.27272	 3	 21498	 
139.17526	 -3.27272	 7	 21499	 
140.10309	 -3.27272	 3	 21500	 
141.03093	 -3.27272	 3	 21501	 
141.95876	 -3.27272	 3	 21502	 
-79.79382	 -3.27272	 2	 21651	 
-78.86597	 -3.27272	 2	 21652	 
-77.93814	 -3.27272	 4	 21653	 
-77.01031	 -3.27272	 4	 21654	 
-76.08249	 -3.27272	 3	 21655	 
-75.15463	 -3.27272	 3	 21656	 
-74.22681	 -3.27272	 3	 21657	 
-73.29898	 -3.27272	 3	 21658	 
-72.37112	 -3.27272	 3	 21659	 
-71.44330	 -3.27272	 4	 21660	 
-70.51547	 -3.27272	 4	 21661	 
-69.58762	 -3.27272	 3	 21662	 
-68.65979	 -3.27272	 3	 21663	 
-67.73196	 -3.27272	 3	 21664	 
-66.80414	 -3.27272	 3	 21665	 
-65.87628	 -3.27272	 3	 21666	 
-64.94846	 -3.27272	 3	 21667	 
-64.02063	 -3.27272	 3	 21668	 
-63.09277	 -3.27272	 3	 21669	 
-62.16495	 -3.27272	 3	 21670	 
-61.23712	 -3.27272	 3	 21671	 
-60.30927	 -3.27272	 3	 21672	 
-59.38144	 -3.27272	 3	 21673	 
-58.45361	 -3.27272	 3	 21674	 
-57.52579	 -3.27272	 3	 21675	 
-56.59793	 -3.27272	 3	 21676	 
-55.67010	 -3.27272	 4	 21677	 
-54.74228	 -3.27272	 4	 21678	 
-53.81442	 -3.27272	 4	 21679	 
-52.88660	 -3.27272	 4	 21680	 
-51.95877	 -3.27272	 4	 21681	 
-51.03091	 -3.27272	 3	 21682	 
-50.10309	 -3.27272	 3	 21683	 
-49.17526	 -3.27272	 3	 21684	 
-48.24744	 -3.27272	 3	 21685	 
-47.31958	 -3.27272	 3	 21686	 
-46.39175	 -3.27272	 3	 21687	 
-45.46393	 -3.27272	 2	 21688	 
-44.53607	 -3.27272	 4	 21689	 
-43.60825	 -3.27272	 2	 21690	 
-42.68042	 -3.27272	 2	 21691	 
-41.75256	 -3.27272	 4	 21692	 
-40.82474	 -3.27272	 4	 21693	 
-39.89691	 -3.27272	 4	 21694	 
12.18750	 -4.20778	 4	 21750	 
13.12500	 -4.20778	 4	 21751	 
14.06250	 -4.20778	 4	 21752	 
15.00000	 -4.20778	 1	 21753	 
15.93750	 -4.20778	 1	 21754	 
16.87500	 -4.20778	 1	 21755	 
17.81250	 -4.20778	 1	 21756	 
18.75000	 -4.20778	 1	 21757	 
19.68750	 -4.20778	 2	 21758	 
20.62500	 -4.20778	 2	 21759	 
21.56250	 -4.20778	 2	 21760	 
22.50000	 -4.20778	 2	 21761	 
23.43750	 -4.20778	 2	 21762	 
24.37500	 -4.20778	 2	 21763	 
25.31250	 -4.20778	 4	 21764	 
26.25000	 -4.20778	 4	 21765	 
27.18750	 -4.20778	 4	 21766	 
28.12500	 -4.20778	 4	 21767	 
29.06250	 -4.20778	 4	 21768	 
30.00000	 -4.20778	 4	 21769	 
30.93750	 -4.20778	 2	 21770	 
31.87500	 -4.20778	 3	 21771	 
32.81250	 -4.20778	 4	 21772	 
33.75000	 -4.20778	 4	 21773	 
34.68750	 -4.20778	 4	 21774	 
35.62500	 -4.20778	 4	 21775	 
36.56250	 -4.20778	 3	 21776	 
37.50000	 -4.20778	 3	 21777	 
38.43750	 -4.20778	 4	 21778	 
39.37500	 -4.20778	 3	 21779	 
103.12500	 -4.20778	 2	 21847	 
104.06250	 -4.20778	 4	 21848	 
105.00000	 -4.20778	 2	 21849	 
120.00000	 -4.20778	 3	 21865	 
121.87500	 -4.20778	 3	 21867	 
135.93750	 -4.20778	 2	 21882	 
136.87500	 -4.20778	 2	 21883	 
137.81250	 -4.20778	 3	 21884	 
138.75000	 -4.20778	 3	 21885	 
139.68750	 -4.20778	 3	 21886	 
140.62500	 -4.20778	 3	 21887	 
141.56250	 -4.20778	 3	 21888	 
142.50000	 -4.20778	 5	 21889	 
143.43750	 -4.20778	 5	 21890	 
144.37500	 -4.20778	 5	 21891	 
-80.62500	 -4.20778	 2	 22035	 
-79.68750	 -4.20778	 2	 22036	 
-78.75000	 -4.20778	 2	 22037	 
-77.81250	 -4.20778	 4	 22038	 
-76.87500	 -4.20778	 3	 22039	 
-75.93750	 -4.20778	 3	 22040	 
-75.00000	 -4.20778	 3	 22041	 
-74.06250	 -4.20778	 3	 22042	 
-73.12500	 -4.20778	 3	 22043	 
-72.18750	 -4.20778	 4	 22044	 
-71.25000	 -4.20778	 3	 22045	 
-70.31250	 -4.20778	 3	 22046	 
-69.37500	 -4.20778	 3	 22047	 
-68.43750	 -4.20778	 4	 22048	 
-67.50000	 -4.20778	 3	 22049	 
-66.56250	 -4.20778	 3	 22050	 
-65.62500	 -4.20778	 4	 22051	 
-64.68750	 -4.20778	 3	 22052	 
-63.75000	 -4.20778	 3	 22053	 
-62.81250	 -4.20778	 3	 22054	 
-61.87500	 -4.20778	 3	 22055	 
-60.93750	 -4.20778	 3	 22056	 
-60.00000	 -4.20778	 3	 22057	 
-59.06250	 -4.20778	 3	 22058	 
-58.12500	 -4.20778	 3	 22059	 
-57.18750	 -4.20778	 3	 22060	 
-56.25000	 -4.20778	 4	 22061	 
-55.31250	 -4.20778	 4	 22062	 
-54.37500	 -4.20778	 4	 22063	 
-53.43750	 -4.20778	 4	 22064	 
-52.50000	 -4.20778	 4	 22065	 
-51.56250	 -4.20778	 4	 22066	 
-50.62500	 -4.20778	 4	 22067	 
-49.68750	 -4.20778	 4	 22068	 
-48.75000	 -4.20778	 4	 22069	 
-47.81250	 -4.20778	 4	 22070	 
-46.87500	 -4.20778	 3	 22071	 
-45.93750	 -4.20778	 2	 22072	 
-45.00000	 -4.20778	 4	 22073	 
-44.06250	 -4.20778	 4	 22074	 
-43.12500	 -4.20778	 4	 22075	 
-42.18750	 -4.20778	 4	 22076	 
-41.25000	 -4.20778	 4	 22077	 
-40.31250	 -4.20778	 4	 22078	 
-39.37500	 -4.20778	 4	 22079	 
-38.43750	 -4.20778	 4	 22080	 
12.31579	 -5.14284	 1	 22134	 
13.26316	 -5.14284	 4	 22135	 
14.21053	 -5.14284	 4	 22136	 
15.15790	 -5.14284	 4	 22137	 
16.10526	 -5.14284	 1	 22138	 
17.05263	 -5.14284	 4	 22139	 
18.00000	 -5.14284	 1	 22140	 
18.94737	 -5.14284	 1	 22141	 
19.89474	 -5.14284	 4	 22142	 
20.84211	 -5.14284	 4	 22143	 
21.78947	 -5.14284	 4	 22144	 
22.73684	 -5.14284	 2	 22145	 
23.68421	 -5.14284	 2	 22146	 
24.63158	 -5.14284	 2	 22147	 
25.57895	 -5.14284	 4	 22148	 
26.52632	 -5.14284	 4	 22149	 
27.47368	 -5.14284	 4	 22150	 
28.42105	 -5.14284	 4	 22151	 
29.36842	 -5.14284	 4	 22152	 
30.31579	 -5.14284	 2	 22153	 
31.26316	 -5.14284	 3	 22154	 
32.21053	 -5.14284	 4	 22155	 
33.15789	 -5.14284	 4	 22156	 
34.10526	 -5.14284	 4	 22157	 
35.05263	 -5.14284	 4	 22158	 
36.00000	 -5.14284	 1	 22159	 
36.94737	 -5.14284	 3	 22160	 
37.89474	 -5.14284	 4	 22161	 
38.84211	 -5.14284	 4	 22162	 
104.21053	 -5.14284	 2	 22231	 
105.15790	 -5.14284	 4	 22232	 
138.31580	 -5.14284	 7	 22267	 
139.26315	 -5.14284	 7	 22268	 
140.21053	 -5.14284	 4	 22269	 
141.15790	 -5.14284	 3	 22270	 
142.10527	 -5.14284	 3	 22271	 
143.05263	 -5.14284	 3	 22272	 
144.00000	 -5.14284	 3	 22273	 
144.94737	 -5.14284	 3	 22274	 
-80.52631	 -5.14284	 1	 22416	 
-79.57895	 -5.14284	 4	 22417	 
-78.63159	 -5.14284	 4	 22418	 
-77.68420	 -5.14284	 4	 22419	 
-76.73685	 -5.14284	 3	 22420	 
-75.78946	 -5.14284	 3	 22421	 
-74.84210	 -5.14284	 3	 22422	 
-73.89474	 -5.14284	 3	 22423	 
-72.94736	 -5.14284	 4	 22424	 
-72.00000	 -5.14284	 4	 22425	 
-71.05264	 -5.14284	 4	 22426	 
-70.10526	 -5.14284	 4	 22427	 
-69.15790	 -5.14284	 3	 22428	 
-68.21054	 -5.14284	 3	 22429	 
-67.26315	 -5.14284	 3	 22430	 
-66.31580	 -5.14284	 3	 22431	 
-65.36841	 -5.14284	 3	 22432	 
-64.42105	 -5.14284	 3	 22433	 
-63.47369	 -5.14284	 3	 22434	 
-62.52631	 -5.14284	 3	 22435	 
-61.57895	 -5.14284	 3	 22436	 
-60.63159	 -5.14284	 3	 22437	 
-59.68420	 -5.14284	 3	 22438	 
-58.73685	 -5.14284	 3	 22439	 
-57.78946	 -5.14284	 3	 22440	 
-56.84210	 -5.14284	 4	 22441	 
-55.89474	 -5.14284	 4	 22442	 
-54.94736	 -5.14284	 4	 22443	 
-54.00000	 -5.14284	 4	 22444	 
-53.05264	 -5.14284	 4	 22445	 
-52.10526	 -5.14284	 4	 22446	 
-51.15790	 -5.14284	 4	 22447	 
-50.21054	 -5.14284	 4	 22448	 
-49.26315	 -5.14284	 4	 22449	 
-48.31580	 -5.14284	 4	 22450	 
-47.36841	 -5.14284	 2	 22451	 
-46.42105	 -5.14284	 2	 22452	 
-45.47369	 -5.14284	 2	 22453	 
-44.52631	 -5.14284	 4	 22454	 
-43.57895	 -5.14284	 1	 22455	 
-42.63159	 -5.14284	 4	 22456	 
-41.68420	 -5.14284	 4	 22457	 
-40.73685	 -5.14284	 4	 22458	 
-39.78946	 -5.14284	 4	 22459	 
-38.84210	 -5.14284	 4	 22460	 
-37.89474	 -5.14284	 1	 22461	 
-36.94736	 -5.14284	 2	 22462	 
13.40425	 -6.07790	 4	 22515	 
14.36170	 -6.07790	 4	 22516	 
15.31915	 -6.07790	 1	 22517	 
16.27660	 -6.07790	 1	 22518	 
17.23404	 -6.07790	 1	 22519	 
18.19149	 -6.07790	 1	 22520	 
19.14894	 -6.07790	 1	 22521	 
20.10638	 -6.07790	 1	 22522	 
21.06383	 -6.07790	 4	 22523	 
22.02128	 -6.07790	 2	 22524	 
22.97872	 -6.07790	 2	 22525	 
23.93617	 -6.07790	 2	 22526	 
24.89362	 -6.07790	 2	 22527	 
25.85106	 -6.07790	 4	 22528	 
26.80851	 -6.07790	 4	 22529	 
27.76596	 -6.07790	 4	 22530	 
28.72340	 -6.07790	 4	 22531	 
29.68085	 -6.07790	 4	 22532	 
30.63830	 -6.07790	 2	 22533	 
31.59575	 -6.07790	 4	 22534	 
32.55319	 -6.07790	 4	 22535	 
33.51064	 -6.07790	 4	 22536	 
34.46809	 -6.07790	 4	 22537	 
35.42553	 -6.07790	 4	 22538	 
36.38298	 -6.07790	 4	 22539	 
37.34043	 -6.07790	 2	 22540	 
38.29787	 -6.07790	 4	 22541	 
138.82979	 -6.07790	 7	 22646	 
139.78723	 -6.07790	 5	 22647	 
140.74467	 -6.07790	 4	 22648	 
141.70213	 -6.07790	 4	 22649	 
142.65958	 -6.07790	 4	 22650	 
143.61702	 -6.07790	 4	 22651	 
144.57446	 -6.07790	 3	 22652	 
145.53192	 -6.07790	 3	 22653	 
146.48936	 -6.07790	 3	 22654	 
-80.42554	 -6.07790	 1	 22793	 
-79.46808	 -6.07790	 2	 22794	 
-78.51065	 -6.07790	 4	 22795	 
-77.55319	 -6.07790	 4	 22796	 
-76.59573	 -6.07790	 4	 22797	 
-75.63831	 -6.07790	 4	 22798	 
-74.68085	 -6.07790	 3	 22799	 
-73.72342	 -6.07790	 3	 22800	 
-72.76596	 -6.07790	 4	 22801	 
-71.80850	 -6.07790	 4	 22802	 
-70.85107	 -6.07790	 4	 22803	 
-69.89362	 -6.07790	 3	 22804	 
-68.93616	 -6.07790	 4	 22805	 
-67.97873	 -6.07790	 3	 22806	 
-67.02127	 -6.07790	 4	 22807	 
-66.06384	 -6.07790	 4	 22808	 
-65.10638	 -6.07790	 3	 22809	 
-64.14893	 -6.07790	 3	 22810	 
-63.19150	 -6.07790	 3	 22811	 
-62.23404	 -6.07790	 3	 22812	 
-61.27658	 -6.07790	 3	 22813	 
-60.31915	 -6.07790	 3	 22814	 
-59.36169	 -6.07790	 4	 22815	 
-58.40427	 -6.07790	 1	 22816	 
-57.44681	 -6.07790	 4	 22817	 
-56.48935	 -6.07790	 4	 22818	 
-55.53192	 -6.07790	 4	 22819	 
-54.57446	 -6.07790	 4	 22820	 
-53.61703	 -6.07790	 4	 22821	 
-52.65958	 -6.07790	 4	 22822	 
-51.70212	 -6.07790	 4	 22823	 
-50.74469	 -6.07790	 4	 22824	 
-49.78723	 -6.07790	 4	 22825	 
-48.82977	 -6.07790	 4	 22826	 
-47.87234	 -6.07790	 1	 22827	 
-46.91489	 -6.07790	 1	 22828	 
-45.95746	 -6.07790	 4	 22829	 
-45.00000	 -6.07790	 4	 22830	 
-44.04254	 -6.07790	 1	 22831	 
-43.08511	 -6.07790	 4	 22832	 
-42.12766	 -6.07790	 4	 22833	 
-41.17023	 -6.07790	 2	 22834	 
-40.21277	 -6.07790	 4	 22835	 
-39.25531	 -6.07790	 4	 22836	 
-38.29788	 -6.07790	 4	 22837	 
-37.34042	 -6.07790	 4	 22838	 
-36.38297	 -6.07790	 4	 22839	 
13.54839	 -7.01296	 4	 22891	 
14.51613	 -7.01296	 4	 22892	 
15.48387	 -7.01296	 1	 22893	 
16.45161	 -7.01296	 1	 22894	 
17.41936	 -7.01296	 4	 22895	 
18.38710	 -7.01296	 1	 22896	 
19.35484	 -7.01296	 1	 22897	 
20.32258	 -7.01296	 1	 22898	 
21.29032	 -7.01296	 1	 22899	 
22.25806	 -7.01296	 2	 22900	 
23.22581	 -7.01296	 4	 22901	 
24.19355	 -7.01296	 4	 22902	 
25.16129	 -7.01296	 2	 22903	 
26.12903	 -7.01296	 4	 22904	 
27.09678	 -7.01296	 4	 22905	 
28.06452	 -7.01296	 4	 22906	 
29.03226	 -7.01296	 4	 22907	 
30.00000	 -7.01296	 4	 22908	 
30.96774	 -7.01296	 4	 22909	 
31.93548	 -7.01296	 4	 22910	 
32.90322	 -7.01296	 4	 22911	 
33.87097	 -7.01296	 4	 22912	 
34.83871	 -7.01296	 4	 22913	 
35.80645	 -7.01296	 4	 22914	 
36.77419	 -7.01296	 2	 22915	 
37.74194	 -7.01296	 2	 22916	 
38.70968	 -7.01296	 4	 22917	 
107.41936	 -7.01296	 2	 22988	 
108.38710	 -7.01296	 4	 22989	 
110.32258	 -7.01296	 4	 22991	 
111.29032	 -7.01296	 4	 22992	 
139.35484	 -7.01296	 5	 23021	 
140.32259	 -7.01296	 4	 23022	 
141.29033	 -7.01296	 4	 23023	 
142.25807	 -7.01296	 4	 23024	 
143.22580	 -7.01296	 4	 23025	 
144.19354	 -7.01296	 2	 23026	 
145.16129	 -7.01296	 3	 23027	 
146.12903	 -7.01296	 3	 23028	 
147.09677	 -7.01296	 3	 23029	 
-79.35483	 -7.01296	 2	 23167	 
-78.38708	 -7.01296	 2	 23168	 
-77.41934	 -7.01296	 2	 23169	 
-76.45160	 -7.01296	 4	 23170	 
-75.48386	 -7.01296	 4	 23171	 
-74.51614	 -7.01296	 4	 23172	 
-73.54840	 -7.01296	 4	 23173	 
-72.58066	 -7.01296	 4	 23174	 
-71.61292	 -7.01296	 4	 23175	 
-70.64517	 -7.01296	 4	 23176	 
-69.67743	 -7.01296	 4	 23177	 
-68.70969	 -7.01296	 4	 23178	 
-67.74194	 -7.01296	 4	 23179	 
-66.77420	 -7.01296	 3	 23180	 
-65.80646	 -7.01296	 3	 23181	 
-64.83871	 -7.01296	 3	 23182	 
-63.87097	 -7.01296	 3	 23183	 
-62.90323	 -7.01296	 3	 23184	 
-61.93549	 -7.01296	 3	 23185	 
-60.96774	 -7.01296	 3	 23186	 
-60.00000	 -7.01296	 3	 23187	 
-59.03226	 -7.01296	 1	 23188	 
-58.06451	 -7.01296	 4	 23189	 
-57.09677	 -7.01296	 4	 23190	 
-56.12903	 -7.01296	 4	 23191	 
-55.16129	 -7.01296	 4	 23192	 
-54.19354	 -7.01296	 4	 23193	 
-53.22580	 -7.01296	 4	 23194	 
-52.25806	 -7.01296	 4	 23195	 
-51.29031	 -7.01296	 4	 23196	 
-50.32257	 -7.01296	 4	 23197	 
-49.35483	 -7.01296	 4	 23198	 
-48.38708	 -7.01296	 4	 23199	 
-47.41934	 -7.01296	 1	 23200	 
-46.45160	 -7.01296	 4	 23201	 
-45.48386	 -7.01296	 4	 23202	 
-44.51614	 -7.01296	 1	 23203	 
-43.54840	 -7.01296	 1	 23204	 
-42.58066	 -7.01296	 2	 23205	 
-41.61292	 -7.01296	 4	 23206	 
-40.64517	 -7.01296	 2	 23207	 
-39.67743	 -7.01296	 4	 23208	 
-38.70969	 -7.01296	 4	 23209	 
-37.74194	 -7.01296	 4	 23210	 
-36.77420	 -7.01296	 4	 23211	 
-35.80646	 -7.01296	 3	 23212	 
13.69565	 -7.94803	 2	 23263	 
14.67391	 -7.94803	 4	 23264	 
15.65217	 -7.94803	 1	 23265	 
16.63043	 -7.94803	 1	 23266	 
17.60870	 -7.94803	 1	 23267	 
18.58696	 -7.94803	 1	 23268	 
19.56522	 -7.94803	 1	 23269	 
20.54348	 -7.94803	 1	 23270	 
21.52174	 -7.94803	 4	 23271	 
22.50000	 -7.94803	 4	 23272	 
23.47826	 -7.94803	 4	 23273	 
24.45652	 -7.94803	 4	 23274	 
25.43478	 -7.94803	 2	 23275	 
26.41304	 -7.94803	 4	 23276	 
27.39130	 -7.94803	 1	 23277	 
28.36957	 -7.94803	 4	 23278	 
29.34783	 -7.94803	 4	 23279	 
30.32609	 -7.94803	 4	 23280	 
31.30435	 -7.94803	 4	 23281	 
32.28261	 -7.94803	 4	 23282	 
33.26087	 -7.94803	 4	 23283	 
34.23913	 -7.94803	 4	 23284	 
35.21739	 -7.94803	 4	 23285	 
36.19565	 -7.94803	 2	 23286	 
37.17391	 -7.94803	 4	 23287	 
38.15217	 -7.94803	 4	 23288	 
39.13044	 -7.94803	 3	 23289	 
110.54348	 -7.94803	 4	 23362	 
111.52174	 -7.94803	 3	 23363	 
112.50000	 -7.94803	 2	 23364	 
113.47826	 -7.94803	 3	 23365	 
138.91304	 -7.94803	 7	 23391	 
140.86957	 -7.94803	 4	 23393	 
141.84782	 -7.94803	 4	 23394	 
142.82608	 -7.94803	 5	 23395	 
145.76086	 -7.94803	 3	 23398	 
146.73914	 -7.94803	 3	 23399	 
-78.26086	 -7.94803	 2	 23537	 
-77.28262	 -7.94803	 2	 23538	 
-76.30435	 -7.94803	 4	 23539	 
-75.32608	 -7.94803	 4	 23540	 
-74.34784	 -7.94803	 3	 23541	 
-73.36957	 -7.94803	 4	 23542	 
-72.39130	 -7.94803	 4	 23543	 
-71.41306	 -7.94803	 4	 23544	 
-70.43478	 -7.94803	 4	 23545	 
-69.45651	 -7.94803	 4	 23546	 
-68.47827	 -7.94803	 3	 23547	 
-67.50000	 -7.94803	 3	 23548	 
-66.52173	 -7.94803	 3	 23549	 
-65.54349	 -7.94803	 3	 23550	 
-64.56522	 -7.94803	 3	 23551	 
-63.58694	 -7.94803	 3	 23552	 
-62.60870	 -7.94803	 3	 23553	 
-61.63043	 -7.94803	 4	 23554	 
-60.65216	 -7.94803	 3	 23555	 
-59.67392	 -7.94803	 3	 23556	 
-58.69565	 -7.94803	 1	 23557	 
-57.71738	 -7.94803	 1	 23558	 
-56.73914	 -7.94803	 4	 23559	 
-55.76086	 -7.94803	 4	 23560	 
-54.78262	 -7.94803	 4	 23561	 
-53.80435	 -7.94803	 4	 23562	 
-52.82608	 -7.94803	 4	 23563	 
-51.84784	 -7.94803	 4	 23564	 
-50.86957	 -7.94803	 4	 23565	 
-49.89130	 -7.94803	 4	 23566	 
-48.91306	 -7.94803	 4	 23567	 
-47.93478	 -7.94803	 1	 23568	 
-46.95651	 -7.94803	 1	 23569	 
-45.97827	 -7.94803	 4	 23570	 
-45.00000	 -7.94803	 4	 23571	 
-44.02173	 -7.94803	 2	 23572	 
-43.04349	 -7.94803	 2	 23573	 
-42.06522	 -7.94803	 4	 23574	 
-41.08694	 -7.94803	 4	 23575	 
-40.10870	 -7.94803	 3	 23576	 
-39.13043	 -7.94803	 4	 23577	 
-38.15216	 -7.94803	 4	 23578	 
-37.17392	 -7.94803	 4	 23579	 
-36.19565	 -7.94803	 3	 23580	 
-35.21738	 -7.94803	 4	 23581	 
13.84615	 -8.88309	 2	 23631	 
14.83517	 -8.88309	 4	 23632	 
15.82418	 -8.88309	 2	 23633	 
16.81319	 -8.88309	 2	 23634	 
17.80220	 -8.88309	 2	 23635	 
18.79121	 -8.88309	 1	 23636	 
19.78022	 -8.88309	 1	 23637	 
20.76923	 -8.88309	 4	 23638	 
21.75824	 -8.88309	 4	 23639	 
22.74725	 -8.88309	 2	 23640	 
23.73626	 -8.88309	 4	 23641	 
24.72528	 -8.88309	 2	 23642	 
25.71428	 -8.88309	 4	 23643	 
26.70330	 -8.88309	 4	 23644	 
27.69231	 -8.88309	 1	 23645	 
28.68132	 -8.88309	 1	 23646	 
29.67033	 -8.88309	 3	 23647	 
30.65934	 -8.88309	 3	 23648	 
31.64835	 -8.88309	 4	 23649	 
32.63736	 -8.88309	 4	 23650	 
33.62637	 -8.88309	 4	 23651	 
34.61538	 -8.88309	 2	 23652	 
35.60440	 -8.88309	 2	 23653	 
36.59341	 -8.88309	 2	 23654	 
37.58242	 -8.88309	 1	 23655	 
38.57143	 -8.88309	 4	 23656	 
125.60439	 -8.88309	 2	 23744	 
142.41759	 -8.88309	 4	 23761	 
147.36264	 -8.88309	 3	 23766	 
148.35165	 -8.88309	 3	 23767	 
-78.13187	 -8.88309	 2	 23902	 
-77.14285	 -8.88309	 2	 23903	 
-76.15384	 -8.88309	 4	 23904	 
-75.16483	 -8.88309	 4	 23905	 
-74.17581	 -8.88309	 3	 23906	 
-73.18680	 -8.88309	 4	 23907	 
-72.19781	 -8.88309	 3	 23908	 
-71.20880	 -8.88309	 4	 23909	 
-70.21979	 -8.88309	 4	 23910	 
-69.23077	 -8.88309	 4	 23911	 
-68.24176	 -8.88309	 3	 23912	 
-67.25275	 -8.88309	 3	 23913	 
-66.26373	 -8.88309	 4	 23914	 
-65.27472	 -8.88309	 3	 23915	 
-64.28571	 -8.88309	 3	 23916	 
-63.29669	 -8.88309	 4	 23917	 
-62.30768	 -8.88309	 4	 23918	 
-61.31870	 -8.88309	 4	 23919	 
-60.32968	 -8.88309	 4	 23920	 
-59.34067	 -8.88309	 4	 23921	 
-58.35165	 -8.88309	 1	 23922	 
-57.36264	 -8.88309	 3	 23923	 
-56.37363	 -8.88309	 1	 23924	 
-55.38461	 -8.88309	 1	 23925	 
-54.39560	 -8.88309	 4	 23926	 
-53.40659	 -8.88309	 4	 23927	 
-52.41757	 -8.88309	 4	 23928	 
-51.42856	 -8.88309	 4	 23929	 
-50.43958	 -8.88309	 4	 23930	 
-49.45056	 -8.88309	 4	 23931	 
-48.46155	 -8.88309	 1	 23932	 
-47.47253	 -8.88309	 1	 23933	 
-46.48352	 -8.88309	 4	 23934	 
-45.49451	 -8.88309	 4	 23935	 
-44.50549	 -8.88309	 2	 23936	 
-43.51648	 -8.88309	 2	 23937	 
-42.52747	 -8.88309	 2	 23938	 
-41.53845	 -8.88309	 4	 23939	 
-40.54944	 -8.88309	 3	 23940	 
-39.56042	 -8.88309	 4	 23941	 
-38.57144	 -8.88309	 4	 23942	 
-37.58243	 -8.88309	 1	 23943	 
-36.59341	 -8.88309	 4	 23944	 
-35.60440	 -8.88309	 4	 23945	 
14.00000	 -9.81815	 2	 23995	 
15.00000	 -9.81815	 2	 23996	 
16.00000	 -9.81815	 1	 23997	 
17.00000	 -9.81815	 3	 23998	 
18.00000	 -9.81815	 2	 23999	 
19.00000	 -9.81815	 1	 24000	 
20.00000	 -9.81815	 1	 24001	 
21.00000	 -9.81815	 2	 24002	 
22.00000	 -9.81815	 2	 24003	 
23.00000	 -9.81815	 4	 24004	 
24.00000	 -9.81815	 4	 24005	 
25.00000	 -9.81815	 2	 24006	 
26.00000	 -9.81815	 4	 24007	 
27.00000	 -9.81815	 4	 24008	 
28.00000	 -9.81815	 1	 24009	 
29.00000	 -9.81815	 3	 24010	 
30.00000	 -9.81815	 3	 24011	 
31.00000	 -9.81815	 3	 24012	 
32.00000	 -9.81815	 3	 24013	 
33.00000	 -9.81815	 3	 24014	 
34.00000	 -9.81815	 3	 24015	 
35.00000	 -9.81815	 2	 24016	 
36.00000	 -9.81815	 2	 24017	 
37.00000	 -9.81815	 1	 24018	 
38.00000	 -9.81815	 1	 24019	 
39.00000	 -9.81815	 2	 24020	 
120.00000	 -9.81815	 4	 24101	 
124.00000	 -9.81815	 2	 24105	 
148.00000	 -9.81815	 3	 24129	 
149.00000	 -9.81815	 3	 24130	 
-77.00000	 -9.81815	 2	 24264	 
-76.00000	 -9.81815	 2	 24265	 
-75.00000	 -9.81815	 4	 24266	 
-74.00000	 -9.81815	 3	 24267	 
-73.00000	 -9.81815	 3	 24268	 
-72.00000	 -9.81815	 4	 24269	 
-71.00000	 -9.81815	 3	 24270	 
-70.00000	 -9.81815	 4	 24271	 
-69.00000	 -9.81815	 4	 24272	 
-68.00000	 -9.81815	 4	 24273	 
-67.00000	 -9.81815	 4	 24274	 
-66.00000	 -9.81815	 4	 24275	 
-65.00000	 -9.81815	 3	 24276	 
-64.00000	 -9.81815	 4	 24277	 
-63.00000	 -9.81815	 4	 24278	 
-62.00000	 -9.81815	 4	 24279	 
-61.00000	 -9.81815	 4	 24280	 
-60.00000	 -9.81815	 4	 24281	 
-59.00000	 -9.81815	 4	 24282	 
-58.00000	 -9.81815	 4	 24283	 
-57.00000	 -9.81815	 4	 24284	 
-56.00000	 -9.81815	 4	 24285	 
-55.00000	 -9.81815	 4	 24286	 
-54.00000	 -9.81815	 4	 24287	 
-53.00000	 -9.81815	 4	 24288	 
-52.00000	 -9.81815	 4	 24289	 
-51.00000	 -9.81815	 4	 24290	 
-50.00000	 -9.81815	 4	 24291	 
-49.00000	 -9.81815	 4	 24292	 
-48.00000	 -9.81815	 4	 24293	 
-47.00000	 -9.81815	 1	 24294	 
-46.00000	 -9.81815	 1	 24295	 
-45.00000	 -9.81815	 2	 24296	 
-44.00000	 -9.81815	 2	 24297	 
-43.00000	 -9.81815	 2	 24298	 
-42.00000	 -9.81815	 3	 24299	 
-41.00000	 -9.81815	 3	 24300	 
-40.00000	 -9.81815	 4	 24301	 
-39.00000	 -9.81815	 1	 24302	 
-38.00000	 -9.81815	 3	 24303	 
-37.00000	 -9.81815	 4	 24304	 
14.15730	 -10.75321	 4	 24355	 
15.16854	 -10.75321	 3	 24356	 
16.17978	 -10.75321	 3	 24357	 
17.19101	 -10.75321	 3	 24358	 
18.20225	 -10.75321	 2	 24359	 
19.21348	 -10.75321	 1	 24360	 
20.22472	 -10.75321	 2	 24361	 
21.23595	 -10.75321	 2	 24362	 
22.24719	 -10.75321	 2	 24363	 
23.25843	 -10.75321	 4	 24364	 
24.26966	 -10.75321	 4	 24365	 
25.28090	 -10.75321	 4	 24366	 
26.29214	 -10.75321	 4	 24367	 
27.30337	 -10.75321	 4	 24368	 
28.31461	 -10.75321	 1	 24369	 
29.32584	 -10.75321	 3	 24370	 
30.33708	 -10.75321	 3	 24371	 
31.34831	 -10.75321	 3	 24372	 
32.35955	 -10.75321	 2	 24373	 
33.37078	 -10.75321	 3	 24374	 
34.38202	 -10.75321	 2	 24375	 
35.39326	 -10.75321	 2	 24376	 
36.40450	 -10.75321	 1	 24377	 
37.41573	 -10.75321	 3	 24378	 
38.42697	 -10.75321	 3	 24379	 
39.43820	 -10.75321	 1	 24380	 
-76.85394	 -10.75321	 2	 24621	 
-75.84268	 -10.75321	 2	 24622	 
-74.83145	 -10.75321	 4	 24623	 
-73.82022	 -10.75321	 4	 24624	 
-72.80899	 -10.75321	 3	 24625	 
-71.79776	 -10.75321	 4	 24626	 
-70.78653	 -10.75321	 3	 24627	 
-69.77527	 -10.75321	 4	 24628	 
-68.76404	 -10.75321	 4	 24629	 
-67.75281	 -10.75321	 4	 24630	 
-66.74158	 -10.75321	 4	 24631	 
-65.73035	 -10.75321	 4	 24632	 
-64.71912	 -10.75321	 4	 24633	 
-63.70786	 -10.75321	 4	 24634	 
-62.69662	 -10.75321	 4	 24635	 
-61.68539	 -10.75321	 4	 24636	 
-60.67416	 -10.75321	 4	 24637	 
-59.66293	 -10.75321	 1	 24638	 
-58.65167	 -10.75321	 4	 24639	 
-57.64044	 -10.75321	 4	 24640	 
-56.62921	 -10.75321	 4	 24641	 
-55.61798	 -10.75321	 4	 24642	 
-54.60675	 -10.75321	 4	 24643	 
-53.59552	 -10.75321	 4	 24644	 
-52.58426	 -10.75321	 4	 24645	 
-51.57303	 -10.75321	 4	 24646	 
-50.56180	 -10.75321	 4	 24647	 
-49.55057	 -10.75321	 4	 24648	 
-48.53934	 -10.75321	 4	 24649	 
-47.52808	 -10.75321	 4	 24650	 
-46.51685	 -10.75321	 4	 24651	 
-45.50562	 -10.75321	 2	 24652	 
-44.49438	 -10.75321	 2	 24653	 
-43.48315	 -10.75321	 2	 24654	 
-42.47192	 -10.75321	 3	 24655	 
-41.46066	 -10.75321	 3	 24656	 
-40.44943	 -10.75321	 4	 24657	 
-39.43820	 -10.75321	 4	 24658	 
-38.42697	 -10.75321	 1	 24659	 
-37.41574	 -10.75321	 3	 24660	 
14.31818	 -11.68827	 4	 24711	 
15.34091	 -11.68827	 3	 24712	 
16.36364	 -11.68827	 3	 24713	 
17.38636	 -11.68827	 3	 24714	 
18.40909	 -11.68827	 1	 24715	 
19.43182	 -11.68827	 1	 24716	 
20.45455	 -11.68827	 1	 24717	 
21.47727	 -11.68827	 1	 24718	 
22.50000	 -11.68827	 1	 24719	 
23.52273	 -11.68827	 3	 24720	 
24.54545	 -11.68827	 3	 24721	 
25.56818	 -11.68827	 4	 24722	 
26.59091	 -11.68827	 4	 24723	 
27.61364	 -11.68827	 4	 24724	 
28.63636	 -11.68827	 3	 24725	 
29.65909	 -11.68827	 3	 24726	 
30.68182	 -11.68827	 3	 24727	 
31.70455	 -11.68827	 2	 24728	 
32.72727	 -11.68827	 3	 24729	 
33.75000	 -11.68827	 3	 24730	 
34.77273	 -11.68827	 3	 24731	 
35.79546	 -11.68827	 3	 24732	 
36.81818	 -11.68827	 3	 24733	 
37.84091	 -11.68827	 3	 24734	 
38.86364	 -11.68827	 3	 24735	 
39.88636	 -11.68827	 1	 24736	 
132.95454	 -11.68827	 2	 24827	 
-76.70456	 -11.68827	 2	 24974	 
-75.68182	 -11.68827	 2	 24975	 
-74.65909	 -11.68827	 2	 24976	 
-73.63635	 -11.68827	 4	 24977	 
-72.61365	 -11.68827	 4	 24978	 
-71.59091	 -11.68827	 4	 24979	 
-70.56818	 -11.68827	 4	 24980	 
-69.54544	 -11.68827	 4	 24981	 
-68.52274	 -11.68827	 4	 24982	 
-67.50000	 -11.68827	 4	 24983	 
-66.47726	 -11.68827	 4	 24984	 
-65.45456	 -11.68827	 4	 24985	 
-64.43182	 -11.68827	 4	 24986	 
-63.40909	 -11.68827	 4	 24987	 
-62.38635	 -11.68827	 4	 24988	 
-61.36365	 -11.68827	 4	 24989	 
-60.34091	 -11.68827	 4	 24990	 
-59.31818	 -11.68827	 1	 24991	 
-58.29544	 -11.68827	 4	 24992	 
-57.27274	 -11.68827	 4	 24993	 
-56.25000	 -11.68827	 4	 24994	 
-55.22726	 -11.68827	 4	 24995	 
-54.20456	 -11.68827	 4	 24996	 
-53.18182	 -11.68827	 4	 24997	 
-52.15909	 -11.68827	 4	 24998	 
-51.13635	 -11.68827	 4	 24999	 
-50.11365	 -11.68827	 4	 25000	 
-49.09091	 -11.68827	 4	 25001	 
-48.06818	 -11.68827	 4	 25002	 
-47.04544	 -11.68827	 4	 25003	 
-46.02274	 -11.68827	 1	 25004	 
-45.00000	 -11.68827	 3	 25005	 
-43.97726	 -11.68827	 3	 25006	 
-42.95456	 -11.68827	 3	 25007	 
-41.93182	 -11.68827	 4	 25008	 
-40.90909	 -11.68827	 2	 25009	 
-39.88635	 -11.68827	 4	 25010	 
-38.86365	 -11.68827	 3	 25011	 
-37.84091	 -11.68827	 3	 25012	 
13.44828	 -12.62333	 2	 25062	 
14.48276	 -12.62333	 2	 25063	 
15.51724	 -12.62333	 3	 25064	 
16.55172	 -12.62333	 3	 25065	 
17.58621	 -12.62333	 1	 25066	 
18.62069	 -12.62333	 1	 25067	 
19.65517	 -12.62333	 1	 25068	 
20.68966	 -12.62333	 1	 25069	 
21.72414	 -12.62333	 1	 25070	 
22.75862	 -12.62333	 1	 25071	 
23.79310	 -12.62333	 2	 25072	 
24.82759	 -12.62333	 3	 25073	 
25.86207	 -12.62333	 4	 25074	 
26.89655	 -12.62333	 4	 25075	 
27.93103	 -12.62333	 4	 25076	 
28.96552	 -12.62333	 4	 25077	 
30.00000	 -12.62333	 3	 25078	 
31.03448	 -12.62333	 3	 25079	 
32.06897	 -12.62333	 3	 25080	 
33.10345	 -12.62333	 3	 25081	 
34.13793	 -12.62333	 1	 25082	 
35.17241	 -12.62333	 3	 25083	 
36.20690	 -12.62333	 4	 25084	 
37.24138	 -12.62333	 3	 25085	 
38.27586	 -12.62333	 4	 25086	 
39.31034	 -12.62333	 3	 25087	 
40.34483	 -12.62333	 1	 25088	 
131.37930	 -12.62333	 2	 25176	 
132.41379	 -12.62333	 1	 25177	 
133.44827	 -12.62333	 1	 25178	 
134.48276	 -12.62333	 1	 25179	 
135.51724	 -12.62333	 1	 25180	 
142.75862	 -12.62333	 3	 25187	 
-75.51724	 -12.62333	 2	 25324	 
-74.48276	 -12.62333	 2	 25325	 
-73.44827	 -12.62333	 2	 25326	 
-72.41379	 -12.62333	 2	 25327	 
-71.37930	 -12.62333	 2	 25328	 
-70.34482	 -12.62333	 4	 25329	 
-69.31033	 -12.62333	 4	 25330	 
-68.27585	 -12.62333	 4	 25331	 
-67.24139	 -12.62333	 4	 25332	 
-66.20691	 -12.62333	 4	 25333	 
-65.17242	 -12.62333	 4	 25334	 
-64.13794	 -12.62333	 4	 25335	 
-63.10345	 -12.62333	 4	 25336	 
-62.06897	 -12.62333	 4	 25337	 
-61.03448	 -12.62333	 4	 25338	 
-60.00000	 -12.62333	 1	 25339	 
-58.96552	 -12.62333	 4	 25340	 
-57.93103	 -12.62333	 4	 25341	 
-56.89655	 -12.62333	 4	 25342	 
-55.86206	 -12.62333	 4	 25343	 
-54.82758	 -12.62333	 4	 25344	 
-53.79309	 -12.62333	 4	 25345	 
-52.75861	 -12.62333	 4	 25346	 
-51.72415	 -12.62333	 4	 25347	 
-50.68967	 -12.62333	 4	 25348	 
-49.65518	 -12.62333	 4	 25349	 
-48.62070	 -12.62333	 4	 25350	 
-47.58621	 -12.62333	 4	 25351	 
-46.55173	 -12.62333	 4	 25352	 
-45.51724	 -12.62333	 1	 25353	 
-44.48276	 -12.62333	 1	 25354	 
-43.44827	 -12.62333	 3	 25355	 
-42.41379	 -12.62333	 3	 25356	 
-41.37930	 -12.62333	 3	 25357	 
-40.34482	 -12.62333	 4	 25358	 
-39.31033	 -12.62333	 4	 25359	 
-38.27585	 -12.62333	 4	 25360	 
13.60465	 -13.55840	 2	 25410	 
14.65116	 -13.55840	 3	 25411	 
15.69767	 -13.55840	 2	 25412	 
16.74419	 -13.55840	 1	 25413	 
17.79070	 -13.55840	 1	 25414	 
18.83721	 -13.55840	 1	 25415	 
19.88372	 -13.55840	 1	 25416	 
20.93023	 -13.55840	 1	 25417	 
21.97674	 -13.55840	 1	 25418	 
23.02326	 -13.55840	 1	 25419	 
24.06977	 -13.55840	 2	 25420	 
25.11628	 -13.55840	 2	 25421	 
26.16279	 -13.55840	 3	 25422	 
27.20930	 -13.55840	 3	 25423	 
28.25581	 -13.55840	 3	 25424	 
29.30233	 -13.55840	 3	 25425	 
30.34884	 -13.55840	 3	 25426	 
31.39535	 -13.55840	 3	 25427	 
32.44186	 -13.55840	 4	 25428	 
33.48837	 -13.55840	 4	 25429	 
34.53489	 -13.55840	 1	 25430	 
35.58139	 -13.55840	 4	 25431	 
36.62791	 -13.55840	 4	 25432	 
37.67442	 -13.55840	 4	 25433	 
38.72093	 -13.55840	 4	 25434	 
39.76744	 -13.55840	 3	 25435	 
49.18605	 -13.55840	 4	 25444	 
130.81395	 -13.55840	 2	 25522	 
131.86046	 -13.55840	 1	 25523	 
132.90698	 -13.55840	 1	 25524	 
133.95349	 -13.55840	 1	 25525	 
135.00000	 -13.55840	 1	 25526	 
142.32558	 -13.55840	 3	 25533	 
143.37209	 -13.55840	 3	 25534	 
-75.34885	 -13.55840	 2	 25669	 
-74.30234	 -13.55840	 2	 25670	 
-73.25583	 -13.55840	 2	 25671	 
-72.20929	 -13.55840	 2	 25672	 
-71.16278	 -13.55840	 2	 25673	 
-70.11627	 -13.55840	 2	 25674	 
-69.06976	 -13.55840	 2	 25675	 
-68.02325	 -13.55840	 4	 25676	 
-66.97675	 -13.55840	 4	 25677	 
-65.93024	 -13.55840	 4	 25678	 
-64.88373	 -13.55840	 4	 25679	 
-63.83722	 -13.55840	 4	 25680	 
-62.79071	 -13.55840	 4	 25681	 
-61.74417	 -13.55840	 4	 25682	 
-60.69766	 -13.55840	 4	 25683	 
-59.65115	 -13.55840	 4	 25684	 
-58.60464	 -13.55840	 4	 25685	 
-57.55814	 -13.55840	 4	 25686	 
-56.51163	 -13.55840	 4	 25687	 
-55.46512	 -13.55840	 4	 25688	 
-54.41861	 -13.55840	 4	 25689	 
-53.37210	 -13.55840	 4	 25690	 
-52.32559	 -13.55840	 4	 25691	 
-51.27908	 -13.55840	 4	 25692	 
-50.23254	 -13.55840	 4	 25693	 
-49.18604	 -13.55840	 4	 25694	 
-48.13953	 -13.55840	 4	 25695	 
-47.09302	 -13.55840	 4	 25696	 
-46.04651	 -13.55840	 1	 25697	 
-45.00000	 -13.55840	 1	 25698	 
-43.95349	 -13.55840	 3	 25699	 
-42.90698	 -13.55840	 3	 25700	 
-41.86047	 -13.55840	 3	 25701	 
-40.81396	 -13.55840	 4	 25702	 
-39.76746	 -13.55840	 4	 25703	 
12.70588	 -14.49346	 2	 25753	 
13.76471	 -14.49346	 2	 25754	 
14.82353	 -14.49346	 3	 25755	 
15.88235	 -14.49346	 2	 25756	 
16.94118	 -14.49346	 1	 25757	 
18.00000	 -14.49346	 1	 25758	 
19.05882	 -14.49346	 1	 25759	 
20.11765	 -14.49346	 1	 25760	 
21.17647	 -14.49346	 1	 25761	 
22.23529	 -14.49346	 1	 25762	 
23.29412	 -14.49346	 1	 25763	 
24.35294	 -14.49346	 2	 25764	 
25.41176	 -14.49346	 2	 25765	 
26.47059	 -14.49346	 3	 25766	 
27.52941	 -14.49346	 3	 25767	 
28.58824	 -14.49346	 3	 25768	 
29.64706	 -14.49346	 3	 25769	 
30.70588	 -14.49346	 2	 25770	 
31.76471	 -14.49346	 4	 25771	 
32.82353	 -14.49346	 2	 25772	 
33.88235	 -14.49346	 4	 25773	 
34.94118	 -14.49346	 4	 25774	 
36.00000	 -14.49346	 4	 25775	 
37.05882	 -14.49346	 3	 25776	 
38.11765	 -14.49346	 3	 25777	 
39.17647	 -14.49346	 3	 25778	 
40.23529	 -14.49346	 1	 25779	 
48.70588	 -14.49346	 3	 25787	 
49.76471	 -14.49346	 4	 25788	 
127.05882	 -14.49346	 1	 25861	 
130.23529	 -14.49346	 1	 25864	 
131.29411	 -14.49346	 2	 25865	 
132.35294	 -14.49346	 2	 25866	 
133.41176	 -14.49346	 1	 25867	 
134.47058	 -14.49346	 1	 25868	 
135.52942	 -14.49346	 1	 25869	 
141.88235	 -14.49346	 3	 25875	 
142.94118	 -14.49346	 3	 25876	 
-75.17648	 -14.49346	 2	 26010	 
-74.11765	 -14.49346	 2	 26011	 
-73.05884	 -14.49346	 2	 26012	 
-72.00000	 -14.49346	 2	 26013	 
-70.94116	 -14.49346	 2	 26014	 
-69.88235	 -14.49346	 2	 26015	 
-68.82352	 -14.49346	 2	 26016	 
-67.76471	 -14.49346	 2	 26017	 
-66.70587	 -14.49346	 4	 26018	 
-65.64706	 -14.49346	 4	 26019	 
-64.58823	 -14.49346	 4	 26020	 
-63.52942	 -14.49346	 4	 26021	 
-62.47058	 -14.49346	 4	 26022	 
-61.41177	 -14.49346	 4	 26023	 
-60.35294	 -14.49346	 4	 26024	 
-59.29413	 -14.49346	 4	 26025	 
-58.23529	 -14.49346	 4	 26026	 
-57.17648	 -14.49346	 4	 26027	 
-56.11765	 -14.49346	 1	 26028	 
-55.05884	 -14.49346	 4	 26029	 
-54.00000	 -14.49346	 4	 26030	 
-52.94116	 -14.49346	 4	 26031	 
-51.88235	 -14.49346	 4	 26032	 
-50.82352	 -14.49346	 4	 26033	 
-49.76471	 -14.49346	 4	 26034	 
-48.70587	 -14.49346	 4	 26035	 
-47.64706	 -14.49346	 2	 26036	 
-46.58823	 -14.49346	 4	 26037	 
-45.52942	 -14.49346	 1	 26038	 
-44.47058	 -14.49346	 3	 26039	 
-43.41177	 -14.49346	 3	 26040	 
-42.35294	 -14.49346	 2	 26041	 
-41.29413	 -14.49346	 3	 26042	 
-40.23529	 -14.49346	 4	 26043	 
12.85714	 -15.42852	 2	 26093	 
13.92857	 -15.42852	 2	 26094	 
15.00000	 -15.42852	 1	 26095	 
16.07143	 -15.42852	 3	 26096	 
17.14286	 -15.42852	 1	 26097	 
18.21428	 -15.42852	 1	 26098	 
19.28572	 -15.42852	 1	 26099	 
20.35714	 -15.42852	 1	 26100	 
21.42857	 -15.42852	 1	 26101	 
22.50000	 -15.42852	 1	 26102	 
23.57143	 -15.42852	 1	 26103	 
24.64286	 -15.42852	 2	 26104	 
25.71428	 -15.42852	 2	 26105	 
26.78572	 -15.42852	 4	 26106	 
27.85714	 -15.42852	 4	 26107	 
28.92857	 -15.42852	 2	 26108	 
30.00000	 -15.42852	 2	 26109	 
31.07143	 -15.42852	 2	 26110	 
32.14286	 -15.42852	 2	 26111	 
33.21429	 -15.42852	 2	 26112	 
34.28571	 -15.42852	 4	 26113	 
35.35714	 -15.42852	 4	 26114	 
36.42857	 -15.42852	 3	 26115	 
37.50000	 -15.42852	 3	 26116	 
38.57143	 -15.42852	 3	 26117	 
39.64286	 -15.42852	 3	 26118	 
47.14286	 -15.42852	 2	 26125	 
48.21429	 -15.42852	 3	 26126	 
49.28571	 -15.42852	 4	 26127	 
125.35714	 -15.42852	 1	 26198	 
126.42857	 -15.42852	 2	 26199	 
127.50000	 -15.42852	 1	 26200	 
128.57143	 -15.42852	 1	 26201	 
129.64285	 -15.42852	 1	 26202	 
130.71428	 -15.42852	 1	 26203	 
131.78572	 -15.42852	 2	 26204	 
132.85715	 -15.42852	 2	 26205	 
133.92857	 -15.42852	 1	 26206	 
135.00000	 -15.42852	 1	 26207	 
142.50000	 -15.42852	 3	 26214	 
143.57143	 -15.42852	 2	 26215	 
144.64285	 -15.42852	 1	 26216	 
-73.92856	 -15.42852	 2	 26348	 
-72.85715	 -15.42852	 2	 26349	 
-71.78571	 -15.42852	 2	 26350	 
-70.71429	 -15.42852	 2	 26351	 
-69.64285	 -15.42852	 2	 26352	 
-68.57144	 -15.42852	 2	 26353	 
-67.50000	 -15.42852	 2	 26354	 
-66.42856	 -15.42852	 4	 26355	 
-65.35715	 -15.42852	 4	 26356	 
-64.28571	 -15.42852	 4	 26357	 
-63.21429	 -15.42852	 4	 26358	 
-62.14285	 -15.42852	 4	 26359	 
-61.07144	 -15.42852	 4	 26360	 
-60.00000	 -15.42852	 3	 26361	 
-58.92856	 -15.42852	 4	 26362	 
-57.85715	 -15.42852	 3	 26363	 
-56.78571	 -15.42852	 4	 26364	 
-55.71429	 -15.42852	 4	 26365	 
-54.64285	 -15.42852	 4	 26366	 
-53.57144	 -15.42852	 4	 26367	 
-52.50000	 -15.42852	 1	 26368	 
-51.42856	 -15.42852	 4	 26369	 
-50.35715	 -15.42852	 4	 26370	 
-49.28571	 -15.42852	 4	 26371	 
-48.21429	 -15.42852	 2	 26372	 
-47.14285	 -15.42852	 4	 26373	 
-46.07144	 -15.42852	 1	 26374	 
-45.00000	 -15.42852	 1	 26375	 
-43.92856	 -15.42852	 2	 26376	 
-42.85715	 -15.42852	 4	 26377	 
-41.78571	 -15.42852	 4	 26378	 
-40.71429	 -15.42852	 2	 26379	 
-39.64285	 -15.42852	 2	 26380	 
13.01205	 -16.36358	 3	 26429	 
14.09639	 -16.36358	 4	 26430	 
15.18072	 -16.36358	 2	 26431	 
16.26506	 -16.36358	 1	 26432	 
17.34940	 -16.36358	 1	 26433	 
18.43373	 -16.36358	 2	 26434	 
19.51807	 -16.36358	 2	 26435	 
20.60241	 -16.36358	 1	 26436	 
21.68675	 -16.36358	 1	 26437	 
22.77108	 -16.36358	 1	 26438	 
23.85542	 -16.36358	 2	 26439	 
24.93976	 -16.36358	 2	 26440	 
26.02410	 -16.36358	 4	 26441	 
27.10843	 -16.36358	 4	 26442	 
28.19277	 -16.36358	 2	 26443	 
29.27711	 -16.36358	 2	 26444	 
30.36145	 -16.36358	 2	 26445	 
31.44578	 -16.36358	 2	 26446	 
32.53012	 -16.36358	 2	 26447	 
33.61446	 -16.36358	 2	 26448	 
34.69880	 -16.36358	 4	 26449	 
35.78313	 -16.36358	 3	 26450	 
36.86747	 -16.36358	 3	 26451	 
37.95181	 -16.36358	 3	 26452	 
39.03614	 -16.36358	 3	 26453	 
45.54217	 -16.36358	 2	 26459	 
46.62651	 -16.36358	 2	 26460	 
47.71084	 -16.36358	 3	 26461	 
48.79518	 -16.36358	 2	 26462	 
124.69879	 -16.36358	 1	 26532	 
125.78313	 -16.36358	 1	 26533	 
126.86747	 -16.36358	 2	 26534	 
127.95181	 -16.36358	 1	 26535	 
129.03615	 -16.36358	 2	 26536	 
130.12048	 -16.36358	 1	 26537	 
131.20482	 -16.36358	 4	 26538	 
132.28915	 -16.36358	 2	 26539	 
133.37349	 -16.36358	 2	 26540	 
134.45782	 -16.36358	 2	 26541	 
135.54218	 -16.36358	 1	 26542	 
136.62651	 -16.36358	 1	 26543	 
142.04819	 -16.36358	 3	 26548	 
143.13252	 -16.36358	 3	 26549	 
144.21687	 -16.36358	 1	 26550	 
-72.65060	 -16.36358	 2	 26682	 
-71.56625	 -16.36358	 2	 26683	 
-70.48193	 -16.36358	 2	 26684	 
-69.39758	 -16.36358	 2	 26685	 
-68.31326	 -16.36358	 2	 26686	 
-67.22891	 -16.36358	 2	 26687	 
-66.14459	 -16.36358	 2	 26688	 
-65.06024	 -16.36358	 4	 26689	 
-63.97589	 -16.36358	 4	 26690	 
-62.89157	 -16.36358	 4	 26691	 
-61.80722	 -16.36358	 4	 26692	 
-60.72290	 -16.36358	 4	 26693	 
-59.63855	 -16.36358	 3	 26694	 
-58.55423	 -16.36358	 3	 26695	 
-57.46988	 -16.36358	 3	 26696	 
-56.38553	 -16.36358	 3	 26697	 
-55.30121	 -16.36358	 4	 26698	 
-54.21686	 -16.36358	 1	 26699	 
-53.13254	 -16.36358	 1	 26700	 
-52.04819	 -16.36358	 1	 26701	 
-50.96387	 -16.36358	 1	 26702	 
-49.87952	 -16.36358	 4	 26703	 
-48.79517	 -16.36358	 4	 26704	 
-47.71085	 -16.36358	 4	 26705	 
-46.62650	 -16.36358	 4	 26706	 
-45.54218	 -16.36358	 3	 26707	 
-44.45782	 -16.36358	 4	 26708	 
-43.37350	 -16.36358	 4	 26709	 
-42.28915	 -16.36358	 4	 26710	 
-41.20483	 -16.36358	 3	 26711	 
-40.12048	 -16.36358	 4	 26712	 
12.07317	 -17.29864	 1	 26760	 
13.17073	 -17.29864	 3	 26761	 
14.26829	 -17.29864	 3	 26762	 
15.36585	 -17.29864	 2	 26763	 
16.46342	 -17.29864	 1	 26764	 
17.56098	 -17.29864	 1	 26765	 
18.65854	 -17.29864	 2	 26766	 
19.75610	 -17.29864	 3	 26767	 
20.85366	 -17.29864	 1	 26768	 
21.95122	 -17.29864	 1	 26769	 
23.04878	 -17.29864	 2	 26770	 
24.14634	 -17.29864	 2	 26771	 
25.24390	 -17.29864	 4	 26772	 
26.34146	 -17.29864	 4	 26773	 
27.43902	 -17.29864	 2	 26774	 
28.53658	 -17.29864	 2	 26775	 
29.63415	 -17.29864	 4	 26776	 
30.73171	 -17.29864	 2	 26777	 
31.82927	 -17.29864	 2	 26778	 
32.92683	 -17.29864	 2	 26779	 
34.02439	 -17.29864	 3	 26780	 
35.12195	 -17.29864	 4	 26781	 
36.21951	 -17.29864	 3	 26782	 
37.31707	 -17.29864	 1	 26783	 
45.00000	 -17.29864	 3	 26790	 
46.09756	 -17.29864	 2	 26791	 
47.19512	 -17.29864	 4	 26792	 
48.29268	 -17.29864	 3	 26793	 
122.92683	 -17.29864	 1	 26861	 
124.02439	 -17.29864	 1	 26862	 
125.12195	 -17.29864	 1	 26863	 
126.21951	 -17.29864	 1	 26864	 
127.31707	 -17.29864	 1	 26865	 
128.41463	 -17.29864	 1	 26866	 
129.51219	 -17.29864	 2	 26867	 
130.60976	 -17.29864	 1	 26868	 
131.70732	 -17.29864	 1	 26869	 
132.80487	 -17.29864	 1	 26870	 
133.90244	 -17.29864	 2	 26871	 
135.00000	 -17.29864	 2	 26872	 
136.09756	 -17.29864	 1	 26873	 
137.19513	 -17.29864	 1	 26874	 
138.29268	 -17.29864	 3	 26875	 
139.39024	 -17.29864	 3	 26876	 
141.58537	 -17.29864	 2	 26878	 
142.68292	 -17.29864	 3	 26879	 
143.78049	 -17.29864	 1	 26880	 
144.87805	 -17.29864	 1	 26881	 
-70.24390	 -17.29864	 2	 27013	 
-69.14633	 -17.29864	 2	 27014	 
-68.04877	 -17.29864	 2	 27015	 
-66.95123	 -17.29864	 2	 27016	 
-65.85367	 -17.29864	 2	 27017	 
-64.75610	 -17.29864	 2	 27018	 
-63.65854	 -17.29864	 4	 27019	 
-62.56097	 -17.29864	 4	 27020	 
-61.46341	 -17.29864	 4	 27021	 
-60.36584	 -17.29864	 4	 27022	 
-59.26828	 -17.29864	 3	 27023	 
-58.17075	 -17.29864	 3	 27024	 
-57.07318	 -17.29864	 3	 27025	 
-55.97562	 -17.29864	 3	 27026	 
-54.87805	 -17.29864	 4	 27027	 
-53.78049	 -17.29864	 1	 27028	 
-52.68292	 -17.29864	 1	 27029	 
-51.58536	 -17.29864	 4	 27030	 
-50.48779	 -17.29864	 4	 27031	 
-49.39026	 -17.29864	 4	 27032	 
-48.29269	 -17.29864	 4	 27033	 
-47.19513	 -17.29864	 4	 27034	 
-46.09756	 -17.29864	 3	 27035	 
-45.00000	 -17.29864	 4	 27036	 
-43.90244	 -17.29864	 2	 27037	 
-42.80487	 -17.29864	 4	 27038	 
-41.70731	 -17.29864	 4	 27039	 
-40.60974	 -17.29864	 4	 27040	 
-39.51221	 -17.29864	 2	 27041	 
12.22222	 -18.23370	 1	 27088	 
13.33333	 -18.23370	 3	 27089	 
14.44444	 -18.23370	 1	 27090	 
15.55556	 -18.23370	 1	 27091	 
16.66667	 -18.23370	 1	 27092	 
17.77778	 -18.23370	 1	 27093	 
18.88889	 -18.23370	 1	 27094	 
20.00000	 -18.23370	 1	 27095	 
21.11111	 -18.23370	 1	 27096	 
22.22222	 -18.23370	 2	 27097	 
23.33333	 -18.23370	 2	 27098	 
24.44444	 -18.23370	 2	 27099	 
25.55556	 -18.23370	 3	 27100	 
26.66667	 -18.23370	 4	 27101	 
27.77778	 -18.23370	 2	 27102	 
28.88889	 -18.23370	 1	 27103	 
30.00000	 -18.23370	 2	 27104	 
31.11111	 -18.23370	 2	 27105	 
32.22222	 -18.23370	 3	 27106	 
33.33333	 -18.23370	 4	 27107	 
34.44444	 -18.23370	 3	 27108	 
35.55556	 -18.23370	 1	 27109	 
44.44444	 -18.23370	 4	 27117	 
45.55556	 -18.23370	 3	 27118	 
46.66667	 -18.23370	 3	 27119	 
47.77778	 -18.23370	 3	 27120	 
48.88889	 -18.23370	 4	 27121	 
123.33334	 -18.23370	 1	 27188	 
124.44444	 -18.23370	 3	 27189	 
125.55556	 -18.23370	 2	 27190	 
126.66666	 -18.23370	 1	 27191	 
127.77778	 -18.23370	 1	 27192	 
128.88889	 -18.23370	 2	 27193	 
130.00000	 -18.23370	 1	 27194	 
131.11111	 -18.23370	 1	 27195	 
132.22223	 -18.23370	 1	 27196	 
133.33333	 -18.23370	 1	 27197	 
134.44444	 -18.23370	 4	 27198	 
135.55556	 -18.23370	 4	 27199	 
136.66667	 -18.23370	 1	 27200	 
137.77777	 -18.23370	 1	 27201	 
138.88889	 -18.23370	 4	 27202	 
140.00000	 -18.23370	 4	 27203	 
141.11111	 -18.23370	 4	 27204	 
142.22223	 -18.23370	 2	 27205	 
143.33333	 -18.23370	 1	 27206	 
144.44444	 -18.23370	 4	 27207	 
145.55556	 -18.23370	 2	 27208	 
-70.00000	 -18.23370	 2	 27338	 
-68.88889	 -18.23370	 2	 27339	 
-67.77777	 -18.23370	 2	 27340	 
-66.66666	 -18.23370	 2	 27341	 
-65.55554	 -18.23370	 2	 27342	 
-64.44446	 -18.23370	 2	 27343	 
-63.33334	 -18.23370	 2	 27344	 
-62.22223	 -18.23370	 1	 27345	 
-61.11111	 -18.23370	 4	 27346	 
-60.00000	 -18.23370	 1	 27347	 
-58.88889	 -18.23370	 1	 27348	 
-57.77777	 -18.23370	 3	 27349	 
-56.66666	 -18.23370	 3	 27350	 
-55.55554	 -18.23370	 3	 27351	 
-54.44446	 -18.23370	 1	 27352	 
-53.33334	 -18.23370	 1	 27353	 
-52.22223	 -18.23370	 4	 27354	 
-51.11111	 -18.23370	 4	 27355	 
-50.00000	 -18.23370	 4	 27356	 
-48.88889	 -18.23370	 4	 27357	 
-47.77777	 -18.23370	 4	 27358	 
-46.66666	 -18.23370	 4	 27359	 
-45.55554	 -18.23370	 4	 27360	 
-44.44446	 -18.23370	 4	 27361	 
-43.33334	 -18.23370	 2	 27362	 
-42.22223	 -18.23370	 4	 27363	 
-41.11111	 -18.23370	 4	 27364	 
-40.00000	 -18.23370	 2	 27365	 
13.50000	 -19.16876	 3	 27413	 
14.62500	 -19.16876	 2	 27414	 
15.75000	 -19.16876	 4	 27415	 
16.87500	 -19.16876	 4	 27416	 
18.00000	 -19.16876	 3	 27417	 
19.12500	 -19.16876	 1	 27418	 
20.25000	 -19.16876	 1	 27419	 
21.37500	 -19.16876	 1	 27420	 
22.50000	 -19.16876	 1	 27421	 
23.62500	 -19.16876	 1	 27422	 
24.75000	 -19.16876	 2	 27423	 
25.87500	 -19.16876	 2	 27424	 
27.00000	 -19.16876	 1	 27425	 
28.12500	 -19.16876	 1	 27426	 
29.25000	 -19.16876	 2	 27427	 
30.37500	 -19.16876	 2	 27428	 
31.50000	 -19.16876	 2	 27429	 
32.62500	 -19.16876	 4	 27430	 
33.75000	 -19.16876	 4	 27431	 
34.87500	 -19.16876	 1	 27432	 
45.00000	 -19.16876	 3	 27441	 
46.12500	 -19.16876	 3	 27442	 
47.25000	 -19.16876	 3	 27443	 
48.37500	 -19.16876	 4	 27444	 
121.50000	 -19.16876	 1	 27509	 
122.62500	 -19.16876	 1	 27510	 
123.75000	 -19.16876	 1	 27511	 
124.87500	 -19.16876	 1	 27512	 
126.00000	 -19.16876	 1	 27513	 
127.12500	 -19.16876	 1	 27514	 
128.25000	 -19.16876	 1	 27515	 
129.37500	 -19.16876	 1	 27516	 
130.50000	 -19.16876	 1	 27517	 
131.62500	 -19.16876	 1	 27518	 
132.75000	 -19.16876	 1	 27519	 
133.87500	 -19.16876	 1	 27520	 
135.00000	 -19.16876	 2	 27521	 
136.12500	 -19.16876	 4	 27522	 
137.25000	 -19.16876	 4	 27523	 
138.37500	 -19.16876	 3	 27524	 
139.50000	 -19.16876	 1	 27525	 
140.62500	 -19.16876	 4	 27526	 
141.75000	 -19.16876	 1	 27527	 
142.87500	 -19.16876	 1	 27528	 
144.00000	 -19.16876	 2	 27529	 
145.12500	 -19.16876	 4	 27530	 
146.25000	 -19.16876	 3	 27531	 
-69.75000	 -19.16876	 2	 27659	 
-68.62500	 -19.16876	 2	 27660	 
-67.50000	 -19.16876	 2	 27661	 
-66.37500	 -19.16876	 2	 27662	 
-65.25000	 -19.16876	 2	 27663	 
-64.12500	 -19.16876	 2	 27664	 
-63.00000	 -19.16876	 2	 27665	 
-61.87500	 -19.16876	 2	 27666	 
-60.75000	 -19.16876	 2	 27667	 
-59.62500	 -19.16876	 2	 27668	 
-58.50000	 -19.16876	 4	 27669	 
-57.37500	 -19.16876	 3	 27670	 
-56.25000	 -19.16876	 3	 27671	 
-55.12500	 -19.16876	 3	 27672	 
-54.00000	 -19.16876	 1	 27673	 
-52.87500	 -19.16876	 1	 27674	 
-51.75000	 -19.16876	 4	 27675	 
-50.62500	 -19.16876	 4	 27676	 
-49.50000	 -19.16876	 4	 27677	 
-48.37500	 -19.16876	 4	 27678	 
-47.25000	 -19.16876	 4	 27679	 
-46.12500	 -19.16876	 4	 27680	 
-45.00000	 -19.16876	 4	 27681	 
-43.87500	 -19.16876	 4	 27682	 
-42.75000	 -19.16876	 4	 27683	 
-41.62500	 -19.16876	 4	 27684	 
-40.50000	 -19.16876	 2	 27685	 
13.67089	 -20.10382	 1	 27733	 
14.81013	 -20.10382	 3	 27734	 
15.94937	 -20.10382	 2	 27735	 
17.08861	 -20.10382	 2	 27736	 
18.22785	 -20.10382	 1	 27737	 
19.36709	 -20.10382	 1	 27738	 
20.50633	 -20.10382	 1	 27739	 
21.64557	 -20.10382	 1	 27740	 
22.78481	 -20.10382	 1	 27741	 
23.92405	 -20.10382	 1	 27742	 
25.06329	 -20.10382	 1	 27743	 
26.20253	 -20.10382	 1	 27744	 
27.34177	 -20.10382	 2	 27745	 
28.48101	 -20.10382	 4	 27746	 
29.62025	 -20.10382	 2	 27747	 
30.75949	 -20.10382	 2	 27748	 
31.89874	 -20.10382	 2	 27749	 
33.03798	 -20.10382	 4	 27750	 
34.17722	 -20.10382	 1	 27751	 
45.56962	 -20.10382	 3	 27761	 
46.70886	 -20.10382	 3	 27762	 
47.84810	 -20.10382	 4	 27763	 
120.75949	 -20.10382	 1	 27827	 
121.89874	 -20.10382	 1	 27828	 
123.03797	 -20.10382	 1	 27829	 
124.17722	 -20.10382	 1	 27830	 
125.31645	 -20.10382	 1	 27831	 
126.45570	 -20.10382	 1	 27832	 
127.59494	 -20.10382	 1	 27833	 
128.73418	 -20.10382	 1	 27834	 
129.87341	 -20.10382	 1	 27835	 
131.01266	 -20.10382	 1	 27836	 
132.15190	 -20.10382	 1	 27837	 
133.29114	 -20.10382	 1	 27838	 
134.43037	 -20.10382	 1	 27839	 
135.56963	 -20.10382	 2	 27840	 
136.70886	 -20.10382	 2	 27841	 
137.84810	 -20.10382	 4	 27842	 
138.98734	 -20.10382	 1	 27843	 
140.12659	 -20.10382	 4	 27844	 
141.26582	 -20.10382	 4	 27845	 
142.40506	 -20.10382	 4	 27846	 
143.54430	 -20.10382	 1	 27847	 
144.68355	 -20.10382	 4	 27848	 
145.82278	 -20.10382	 3	 27849	 
146.96202	 -20.10382	 3	 27850	 
148.10127	 -20.10382	 3	 27851	 
-69.49368	 -20.10382	 2	 27976	 
-68.35443	 -20.10382	 1	 27977	 
-67.21518	 -20.10382	 2	 27978	 
-66.07596	 -20.10382	 2	 27979	 
-64.93671	 -20.10382	 2	 27980	 
-63.79745	 -20.10382	 2	 27981	 
-62.65823	 -20.10382	 2	 27982	 
-61.51898	 -20.10382	 2	 27983	 
-60.37976	 -20.10382	 2	 27984	 
-59.24051	 -20.10382	 4	 27985	 
-58.10126	 -20.10382	 3	 27986	 
-56.96204	 -20.10382	 3	 27987	 
-55.82278	 -20.10382	 3	 27988	 
-54.68353	 -20.10382	 4	 27989	 
-53.54431	 -20.10382	 1	 27990	 
-52.40506	 -20.10382	 1	 27991	 
-51.26581	 -20.10382	 1	 27992	 
-50.12659	 -20.10382	 2	 27993	 
-48.98734	 -20.10382	 4	 27994	 
-47.84811	 -20.10382	 4	 27995	 
-46.70886	 -20.10382	 2	 27996	 
-45.56961	 -20.10382	 4	 27997	 
-44.43039	 -20.10382	 4	 27998	 
-43.29114	 -20.10382	 2	 27999	 
-42.15189	 -20.10382	 4	 28000	 
-41.01266	 -20.10382	 4	 28001	 
13.84615	 -21.03889	 1	 28049	 
15.00000	 -21.03889	 2	 28050	 
16.15385	 -21.03889	 2	 28051	 
17.30769	 -21.03889	 2	 28052	 
18.46154	 -21.03889	 1	 28053	 
19.61539	 -21.03889	 1	 28054	 
20.76923	 -21.03889	 1	 28055	 
21.92308	 -21.03889	 1	 28056	 
23.07692	 -21.03889	 1	 28057	 
24.23077	 -21.03889	 1	 28058	 
25.38461	 -21.03889	 1	 28059	 
26.53846	 -21.03889	 3	 28060	 
27.69231	 -21.03889	 2	 28061	 
28.84615	 -21.03889	 2	 28062	 
30.00000	 -21.03889	 2	 28063	 
31.15385	 -21.03889	 2	 28064	 
32.30769	 -21.03889	 4	 28065	 
33.46154	 -21.03889	 1	 28066	 
34.61538	 -21.03889	 2	 28067	 
45.00000	 -21.03889	 2	 28076	 
46.15385	 -21.03889	 4	 28077	 
47.30769	 -21.03889	 3	 28078	 
116.53846	 -21.03889	 2	 28138	 
117.69231	 -21.03889	 2	 28139	 
118.84615	 -21.03889	 2	 28140	 
120.00000	 -21.03889	 2	 28141	 
121.15385	 -21.03889	 1	 28142	 
122.30769	 -21.03889	 1	 28143	 
123.46154	 -21.03889	 1	 28144	 
124.61539	 -21.03889	 1	 28145	 
125.76923	 -21.03889	 1	 28146	 
126.92308	 -21.03889	 1	 28147	 
128.07692	 -21.03889	 1	 28148	 
129.23077	 -21.03889	 1	 28149	 
130.38461	 -21.03889	 1	 28150	 
131.53847	 -21.03889	 1	 28151	 
132.69231	 -21.03889	 1	 28152	 
133.84616	 -21.03889	 1	 28153	 
135.00000	 -21.03889	 1	 28154	 
136.15384	 -21.03889	 1	 28155	 
137.30769	 -21.03889	 2	 28156	 
138.46153	 -21.03889	 4	 28157	 
139.61539	 -21.03889	 2	 28158	 
140.76923	 -21.03889	 4	 28159	 
141.92308	 -21.03889	 4	 28160	 
143.07692	 -21.03889	 4	 28161	 
144.23077	 -21.03889	 4	 28162	 
145.38461	 -21.03889	 3	 28163	 
146.53847	 -21.03889	 3	 28164	 
147.69231	 -21.03889	 3	 28165	 
148.84616	 -21.03889	 3	 28166	 
-69.23077	 -21.03889	 2	 28289	 
-68.07693	 -21.03889	 2	 28290	 
-66.92307	 -21.03889	 2	 28291	 
-65.76923	 -21.03889	 2	 28292	 
-64.61539	 -21.03889	 2	 28293	 
-63.46155	 -21.03889	 2	 28294	 
-62.30768	 -21.03889	 2	 28295	 
-61.15384	 -21.03889	 2	 28296	 
-60.00000	 -21.03889	 2	 28297	 
-58.84616	 -21.03889	 2	 28298	 
-57.69232	 -21.03889	 3	 28299	 
-56.53845	 -21.03889	 4	 28300	 
-55.38461	 -21.03889	 4	 28301	 
-54.23077	 -21.03889	 4	 28302	 
-53.07693	 -21.03889	 1	 28303	 
-51.92307	 -21.03889	 1	 28304	 
-50.76923	 -21.03889	 1	 28305	 
-49.61539	 -21.03889	 2	 28306	 
-48.46155	 -21.03889	 2	 28307	 
-47.30768	 -21.03889	 4	 28308	 
-46.15384	 -21.03889	 2	 28309	 
-45.00000	 -21.03889	 4	 28310	 
-43.84616	 -21.03889	 4	 28311	 
-42.69232	 -21.03889	 4	 28312	 
-41.53845	 -21.03889	 3	 28313	 
15.19481	 -21.97395	 2	 28362	 
16.36364	 -21.97395	 2	 28363	 
17.53247	 -21.97395	 2	 28364	 
18.70130	 -21.97395	 2	 28365	 
19.87013	 -21.97395	 1	 28366	 
21.03896	 -21.97395	 1	 28367	 
22.20779	 -21.97395	 1	 28368	 
23.37662	 -21.97395	 1	 28369	 
24.54545	 -21.97395	 1	 28370	 
25.71428	 -21.97395	 1	 28371	 
26.88312	 -21.97395	 2	 28372	 
28.05195	 -21.97395	 2	 28373	 
29.22078	 -21.97395	 2	 28374	 
30.38961	 -21.97395	 2	 28375	 
31.55844	 -21.97395	 4	 28376	 
32.72727	 -21.97395	 2	 28377	 
33.89610	 -21.97395	 2	 28378	 
35.06493	 -21.97395	 1	 28379	 
44.41558	 -21.97395	 2	 28387	 
45.58442	 -21.97395	 2	 28388	 
46.75325	 -21.97395	 3	 28389	 
47.92208	 -21.97395	 2	 28390	 
115.71429	 -21.97395	 2	 28448	 
116.88312	 -21.97395	 2	 28449	 
118.05195	 -21.97395	 2	 28450	 
119.22078	 -21.97395	 2	 28451	 
120.38961	 -21.97395	 2	 28452	 
121.55844	 -21.97395	 1	 28453	 
122.72727	 -21.97395	 1	 28454	 
123.89610	 -21.97395	 1	 28455	 
125.06493	 -21.97395	 1	 28456	 
126.23376	 -21.97395	 1	 28457	 
127.40260	 -21.97395	 1	 28458	 
128.57143	 -21.97395	 1	 28459	 
129.74026	 -21.97395	 1	 28460	 
130.90909	 -21.97395	 1	 28461	 
132.07793	 -21.97395	 1	 28462	 
133.24675	 -21.97395	 2	 28463	 
134.41559	 -21.97395	 1	 28464	 
135.58441	 -21.97395	 1	 28465	 
136.75325	 -21.97395	 2	 28466	 
137.92207	 -21.97395	 2	 28467	 
139.09091	 -21.97395	 4	 28468	 
140.25974	 -21.97395	 4	 28469	 
141.42857	 -21.97395	 3	 28470	 
142.59740	 -21.97395	 4	 28471	 
143.76624	 -21.97395	 4	 28472	 
144.93506	 -21.97395	 2	 28473	 
146.10390	 -21.97395	 3	 28474	 
147.27272	 -21.97395	 4	 28475	 
148.44156	 -21.97395	 3	 28476	 
-68.96103	 -21.97395	 2	 28598	 
-67.79221	 -21.97395	 2	 28599	 
-66.62338	 -21.97395	 2	 28600	 
-65.45456	 -21.97395	 2	 28601	 
-64.28571	 -21.97395	 2	 28602	 
-63.11688	 -21.97395	 2	 28603	 
-61.94806	 -21.97395	 2	 28604	 
-60.77924	 -21.97395	 2	 28605	 
-59.61038	 -21.97395	 2	 28606	 
-58.44156	 -21.97395	 4	 28607	 
-57.27274	 -21.97395	 3	 28608	 
-56.10388	 -21.97395	 4	 28609	 
-54.93506	 -21.97395	 4	 28610	 
-53.76624	 -21.97395	 4	 28611	 
-52.59741	 -21.97395	 3	 28612	 
-51.42856	 -21.97395	 2	 28613	 
-50.25974	 -21.97395	 2	 28614	 
-49.09091	 -21.97395	 2	 28615	 
-47.92209	 -21.97395	 4	 28616	 
-46.75323	 -21.97395	 4	 28617	 
-45.58441	 -21.97395	 4	 28618	 
-44.41559	 -21.97395	 4	 28619	 
-43.24677	 -21.97395	 4	 28620	 
-42.07791	 -21.97395	 4	 28621	 
15.39474	 -22.90901	 1	 28670	 
16.57895	 -22.90901	 2	 28671	 
17.76316	 -22.90901	 2	 28672	 
18.94737	 -22.90901	 1	 28673	 
20.13158	 -22.90901	 1	 28674	 
21.31579	 -22.90901	 1	 28675	 
22.50000	 -22.90901	 1	 28676	 
23.68421	 -22.90901	 1	 28677	 
24.86842	 -22.90901	 1	 28678	 
26.05263	 -22.90901	 1	 28679	 
27.23684	 -22.90901	 3	 28680	 
28.42105	 -22.90901	 2	 28681	 
29.60526	 -22.90901	 2	 28682	 
30.78947	 -22.90901	 2	 28683	 
31.97368	 -22.90901	 2	 28684	 
33.15789	 -22.90901	 2	 28685	 
34.34211	 -22.90901	 2	 28686	 
35.52632	 -22.90901	 1	 28687	 
43.81579	 -22.90901	 2	 28694	 
45.00000	 -22.90901	 2	 28695	 
46.18421	 -22.90901	 3	 28696	 
47.36842	 -22.90901	 4	 28697	 
114.86842	 -22.90901	 2	 28754	 
116.05264	 -22.90901	 2	 28755	 
117.23684	 -22.90901	 2	 28756	 
118.42105	 -22.90901	 2	 28757	 
119.60526	 -22.90901	 2	 28758	 
120.78947	 -22.90901	 2	 28759	 
121.97369	 -22.90901	 1	 28760	 
123.15790	 -22.90901	 2	 28761	 
124.34210	 -22.90901	 1	 28762	 
125.52631	 -22.90901	 1	 28763	 
126.71053	 -22.90901	 1	 28764	 
127.89474	 -22.90901	 1	 28765	 
129.07895	 -22.90901	 1	 28766	 
130.26315	 -22.90901	 1	 28767	 
131.44737	 -22.90901	 1	 28768	 
132.63158	 -22.90901	 1	 28769	 
133.81580	 -22.90901	 1	 28770	 
135.00000	 -22.90901	 1	 28771	 
136.18420	 -22.90901	 1	 28772	 
137.36842	 -22.90901	 2	 28773	 
138.55263	 -22.90901	 2	 28774	 
139.73685	 -22.90901	 4	 28775	 
140.92105	 -22.90901	 4	 28776	 
142.10527	 -22.90901	 4	 28777	 
143.28947	 -22.90901	 4	 28778	 
144.47368	 -22.90901	 4	 28779	 
145.65790	 -22.90901	 2	 28780	 
146.84210	 -22.90901	 2	 28781	 
148.02632	 -22.90901	 4	 28782	 
149.21053	 -22.90901	 4	 28783	 
-69.86841	 -22.90901	 2	 28902	 
-68.68420	 -22.90901	 2	 28903	 
-67.50000	 -22.90901	 2	 28904	 
-66.31580	 -22.90901	 1	 28905	 
-65.13159	 -22.90901	 4	 28906	 
-63.94736	 -22.90901	 2	 28907	 
-62.76315	 -22.90901	 2	 28908	 
-61.57895	 -22.90901	 2	 28909	 
-60.39474	 -22.90901	 2	 28910	 
-59.21054	 -22.90901	 3	 28911	 
-58.02631	 -22.90901	 3	 28912	 
-56.84210	 -22.90901	 3	 28913	 
-55.65790	 -22.90901	 4	 28914	 
-54.47369	 -22.90901	 4	 28915	 
-53.28946	 -22.90901	 2	 28916	 
-52.10526	 -22.90901	 4	 28917	 
-50.92105	 -22.90901	 4	 28918	 
-49.73685	 -22.90901	 4	 28919	 
-48.55264	 -22.90901	 2	 28920	 
-47.36841	 -22.90901	 2	 28921	 
-46.18420	 -22.90901	 4	 28922	 
-45.00000	 -22.90901	 4	 28923	 
15.60000	 -23.84407	 1	 28974	 
16.80000	 -23.84407	 2	 28975	 
18.00000	 -23.84407	 1	 28976	 
19.20000	 -23.84407	 1	 28977	 
20.40000	 -23.84407	 1	 28978	 
21.60000	 -23.84407	 1	 28979	 
22.80000	 -23.84407	 1	 28980	 
24.00000	 -23.84407	 1	 28981	 
25.20000	 -23.84407	 1	 28982	 
26.40000	 -23.84407	 2	 28983	 
27.60000	 -23.84407	 2	 28984	 
28.80000	 -23.84407	 2	 28985	 
30.00000	 -23.84407	 2	 28986	 
31.20000	 -23.84407	 2	 28987	 
32.40000	 -23.84407	 2	 28988	 
33.60000	 -23.84407	 2	 28989	 
34.80000	 -23.84407	 4	 28990	 
44.40000	 -23.84407	 2	 28998	 
45.60000	 -23.84407	 2	 28999	 
46.80000	 -23.84407	 3	 29000	 
115.20000	 -23.84407	 2	 29057	 
116.40000	 -23.84407	 2	 29058	 
117.60000	 -23.84407	 2	 29059	 
118.80000	 -23.84407	 2	 29060	 
120.00000	 -23.84407	 2	 29061	 
121.20000	 -23.84407	 1	 29062	 
122.40000	 -23.84407	 1	 29063	 
123.60000	 -23.84407	 1	 29064	 
124.80000	 -23.84407	 1	 29065	 
126.00000	 -23.84407	 1	 29066	 
127.20000	 -23.84407	 1	 29067	 
128.39999	 -23.84407	 1	 29068	 
129.60001	 -23.84407	 1	 29069	 
130.80000	 -23.84407	 1	 29070	 
132.00000	 -23.84407	 1	 29071	 
133.20000	 -23.84407	 1	 29072	 
134.39999	 -23.84407	 1	 29073	 
135.60001	 -23.84407	 1	 29074	 
136.80000	 -23.84407	 1	 29075	 
138.00000	 -23.84407	 1	 29076	 
139.20000	 -23.84407	 4	 29077	 
140.39999	 -23.84407	 4	 29078	 
141.60001	 -23.84407	 4	 29079	 
142.80000	 -23.84407	 2	 29080	 
144.00000	 -23.84407	 4	 29081	 
145.20000	 -23.84407	 4	 29082	 
146.39999	 -23.84407	 2	 29083	 
147.60001	 -23.84407	 4	 29084	 
148.80000	 -23.84407	 4	 29085	 
150.00000	 -23.84407	 2	 29086	 
-69.60001	 -23.84407	 2	 29203	 
-68.39999	 -23.84407	 2	 29204	 
-67.20001	 -23.84407	 1	 29205	 
-66.00000	 -23.84407	 4	 29206	 
-64.79999	 -23.84407	 4	 29207	 
-63.60001	 -23.84407	 2	 29208	 
-62.39999	 -23.84407	 2	 29209	 
-61.20001	 -23.84407	 2	 29210	 
-60.00000	 -23.84407	 3	 29211	 
-58.79999	 -23.84407	 3	 29212	 
-57.60001	 -23.84407	 3	 29213	 
-56.39999	 -23.84407	 4	 29214	 
-55.20001	 -23.84407	 4	 29215	 
-54.00000	 -23.84407	 4	 29216	 
-52.79999	 -23.84407	 4	 29217	 
-51.60001	 -23.84407	 4	 29218	 
-50.39999	 -23.84407	 4	 29219	 
-49.20001	 -23.84407	 4	 29220	 
-48.00000	 -23.84407	 4	 29221	 
-46.79999	 -23.84407	 4	 29222	 
15.81081	 -24.77913	 1	 29274	 
17.02703	 -24.77913	 2	 29275	 
18.24324	 -24.77913	 2	 29276	 
19.45946	 -24.77913	 1	 29277	 
20.67568	 -24.77913	 1	 29278	 
21.89189	 -24.77913	 1	 29279	 
23.10811	 -24.77913	 1	 29280	 
24.32432	 -24.77913	 1	 29281	 
25.54054	 -24.77913	 3	 29282	 
26.75676	 -24.77913	 2	 29283	 
27.97297	 -24.77913	 2	 29284	 
29.18919	 -24.77913	 2	 29285	 
30.40541	 -24.77913	 4	 29286	 
31.62162	 -24.77913	 2	 29287	 
32.83784	 -24.77913	 4	 29288	 
34.05405	 -24.77913	 1	 29289	 
45.00000	 -24.77913	 2	 29298	 
46.21622	 -24.77913	 2	 29299	 
114.32433	 -24.77913	 2	 29355	 
115.54054	 -24.77913	 2	 29356	 
116.75676	 -24.77913	 2	 29357	 
117.97298	 -24.77913	 2	 29358	 
119.18919	 -24.77913	 2	 29359	 
120.40540	 -24.77913	 1	 29360	 
121.62162	 -24.77913	 1	 29361	 
122.83784	 -24.77913	 1	 29362	 
124.05405	 -24.77913	 1	 29363	 
125.27027	 -24.77913	 1	 29364	 
126.48649	 -24.77913	 1	 29365	 
127.70271	 -24.77913	 1	 29366	 
128.91891	 -24.77913	 1	 29367	 
130.13513	 -24.77913	 1	 29368	 
131.35135	 -24.77913	 1	 29369	 
132.56757	 -24.77913	 1	 29370	 
133.78378	 -24.77913	 1	 29371	 
135.00000	 -24.77913	 1	 29372	 
136.21622	 -24.77913	 1	 29373	 
137.43243	 -24.77913	 1	 29374	 
138.64865	 -24.77913	 1	 29375	 
139.86487	 -24.77913	 1	 29376	 
141.08109	 -24.77913	 4	 29377	 
142.29730	 -24.77913	 2	 29378	 
143.51352	 -24.77913	 2	 29379	 
144.72974	 -24.77913	 4	 29380	 
145.94595	 -24.77913	 4	 29381	 
147.16216	 -24.77913	 1	 29382	 
148.37837	 -24.77913	 1	 29383	 
149.59459	 -24.77913	 4	 29384	 
150.81081	 -24.77913	 2	 29385	 
152.02702	 -24.77913	 2	 29386	 
-69.32431	 -24.77913	 2	 29500	 
-68.10809	 -24.77913	 1	 29501	 
-66.89191	 -24.77913	 4	 29502	 
-65.67569	 -24.77913	 4	 29503	 
-64.45947	 -24.77913	 4	 29504	 
-63.24326	 -24.77913	 2	 29505	 
-62.02704	 -24.77913	 2	 29506	 
-60.81082	 -24.77913	 2	 29507	 
-59.59460	 -24.77913	 2	 29508	 
-58.37839	 -24.77913	 3	 29509	 
-57.16217	 -24.77913	 4	 29510	 
-55.94595	 -24.77913	 4	 29511	 
-54.72974	 -24.77913	 4	 29512	 
-53.51352	 -24.77913	 4	 29513	 
-52.29730	 -24.77913	 4	 29514	 
-51.08109	 -24.77913	 4	 29515	 
-49.86487	 -24.77913	 4	 29516	 
-48.64865	 -24.77913	 4	 29517	 
16.02740	 -25.71419	 1	 29570	 
17.26027	 -25.71419	 2	 29571	 
18.49315	 -25.71419	 2	 29572	 
19.72603	 -25.71419	 1	 29573	 
20.95890	 -25.71419	 1	 29574	 
22.19178	 -25.71419	 1	 29575	 
23.42466	 -25.71419	 1	 29576	 
24.65753	 -25.71419	 1	 29577	 
25.89041	 -25.71419	 2	 29578	 
27.12329	 -25.71419	 2	 29579	 
28.35616	 -25.71419	 2	 29580	 
29.58904	 -25.71419	 2	 29581	 
30.82192	 -25.71419	 2	 29582	 
32.05479	 -25.71419	 2	 29583	 
114.65753	 -25.71419	 1	 29650	 
115.89041	 -25.71419	 2	 29651	 
117.12329	 -25.71419	 2	 29652	 
118.35616	 -25.71419	 2	 29653	 
119.58904	 -25.71419	 2	 29654	 
120.82191	 -25.71419	 2	 29655	 
122.05479	 -25.71419	 2	 29656	 
123.28767	 -25.71419	 2	 29657	 
124.52055	 -25.71419	 2	 29658	 
125.75343	 -25.71419	 1	 29659	 
126.98630	 -25.71419	 2	 29660	 
128.21918	 -25.71419	 2	 29661	 
129.45206	 -25.71419	 1	 29662	 
130.68494	 -25.71419	 1	 29663	 
131.91780	 -25.71419	 1	 29664	 
133.15068	 -25.71419	 1	 29665	 
134.38356	 -25.71419	 1	 29666	 
135.61644	 -25.71419	 1	 29667	 
136.84932	 -25.71419	 1	 29668	 
138.08220	 -25.71419	 1	 29669	 
139.31506	 -25.71419	 1	 29670	 
140.54794	 -25.71419	 1	 29671	 
141.78082	 -25.71419	 4	 29672	 
143.01370	 -25.71419	 2	 29673	 
144.24658	 -25.71419	 2	 29674	 
145.47945	 -25.71419	 2	 29675	 
146.71233	 -25.71419	 2	 29676	 
147.94521	 -25.71419	 2	 29677	 
149.17809	 -25.71419	 4	 29678	 
150.41096	 -25.71419	 2	 29679	 
151.64383	 -25.71419	 2	 29680	 
-70.27399	 -25.71419	 2	 29792	 
-69.04111	 -25.71419	 2	 29793	 
-67.80823	 -25.71419	 4	 29794	 
-66.57535	 -25.71419	 4	 29795	 
-65.34247	 -25.71419	 4	 29796	 
-64.10959	 -25.71419	 2	 29797	 
-62.87671	 -25.71419	 2	 29798	 
-61.64383	 -25.71419	 2	 29799	 
-60.41095	 -25.71419	 2	 29800	 
-59.17807	 -25.71419	 4	 29801	 
-57.94519	 -25.71419	 4	 29802	 
-56.71234	 -25.71419	 4	 29803	 
-55.47946	 -25.71419	 4	 29804	 
-54.24658	 -25.71419	 4	 29805	 
-53.01370	 -25.71419	 4	 29806	 
-51.78082	 -25.71419	 4	 29807	 
-50.54794	 -25.71419	 4	 29808	 
-49.31506	 -25.71419	 4	 29809	 
16.25000	 -26.64925	 1	 29862	 
17.50000	 -26.64925	 2	 29863	 
18.75000	 -26.64925	 2	 29864	 
20.00000	 -26.64925	 1	 29865	 
21.25000	 -26.64925	 1	 29866	 
22.50000	 -26.64925	 1	 29867	 
23.75000	 -26.64925	 1	 29868	 
25.00000	 -26.64925	 2	 29869	 
26.25000	 -26.64925	 2	 29870	 
27.50000	 -26.64925	 2	 29871	 
28.75000	 -26.64925	 4	 29872	 
30.00000	 -26.64925	 2	 29873	 
31.25000	 -26.64925	 4	 29874	 
32.50000	 -26.64925	 2	 29875	 
115.00000	 -26.64925	 1	 29941	 
116.25000	 -26.64925	 2	 29942	 
117.50000	 -26.64925	 2	 29943	 
118.75000	 -26.64925	 2	 29944	 
120.00000	 -26.64925	 2	 29945	 
121.25000	 -26.64925	 1	 29946	 
122.50000	 -26.64925	 1	 29947	 
123.75000	 -26.64925	 1	 29948	 
125.00000	 -26.64925	 1	 29949	 
126.25000	 -26.64925	 1	 29950	 
127.50000	 -26.64925	 1	 29951	 
128.75000	 -26.64925	 1	 29952	 
130.00000	 -26.64925	 1	 29953	 
131.25000	 -26.64925	 1	 29954	 
132.50000	 -26.64925	 2	 29955	 
133.75000	 -26.64925	 1	 29956	 
135.00000	 -26.64925	 1	 29957	 
136.25000	 -26.64925	 1	 29958	 
137.50000	 -26.64925	 1	 29959	 
138.75000	 -26.64925	 1	 29960	 
140.00000	 -26.64925	 1	 29961	 
141.25000	 -26.64925	 4	 29962	 
142.50000	 -26.64925	 2	 29963	 
143.75000	 -26.64925	 2	 29964	 
145.00000	 -26.64925	 2	 29965	 
146.25000	 -26.64925	 2	 29966	 
147.50000	 -26.64925	 2	 29967	 
148.75000	 -26.64925	 3	 29968	 
150.00000	 -26.64925	 3	 29969	 
151.25000	 -26.64925	 3	 29970	 
152.50000	 -26.64925	 2	 29971	 
-70.00000	 -26.64925	 2	 30081	 
-68.75000	 -26.64925	 4	 30082	 
-67.50000	 -26.64925	 4	 30083	 
-66.25000	 -26.64925	 4	 30084	 
-65.00000	 -26.64925	 2	 30085	 
-63.75000	 -26.64925	 2	 30086	 
-62.50000	 -26.64925	 2	 30087	 
-61.25000	 -26.64925	 2	 30088	 
-60.00000	 -26.64925	 3	 30089	 
-58.75000	 -26.64925	 4	 30090	 
-57.50000	 -26.64925	 4	 30091	 
-56.25000	 -26.64925	 4	 30092	 
-55.00000	 -26.64925	 4	 30093	 
-53.75000	 -26.64925	 4	 30094	 
-52.50000	 -26.64925	 4	 30095	 
-51.25000	 -26.64925	 4	 30096	 
-50.00000	 -26.64925	 4	 30097	 
-48.75000	 -26.64925	 4	 30098	 
16.47887	 -27.58431	 1	 30150	 
17.74648	 -27.58431	 2	 30151	 
19.01408	 -27.58431	 2	 30152	 
20.28169	 -27.58431	 2	 30153	 
21.54930	 -27.58431	 1	 30154	 
22.81690	 -27.58431	 1	 30155	 
24.08451	 -27.58431	 2	 30156	 
25.35211	 -27.58431	 2	 30157	 
26.61972	 -27.58431	 2	 30158	 
27.88732	 -27.58431	 4	 30159	 
29.15493	 -27.58431	 4	 30160	 
30.42253	 -27.58431	 2	 30161	 
31.69014	 -27.58431	 2	 30162	 
115.35211	 -27.58431	 2	 30228	 
116.61972	 -27.58431	 2	 30229	 
117.88732	 -27.58431	 2	 30230	 
119.15493	 -27.58431	 2	 30231	 
120.42254	 -27.58431	 2	 30232	 
121.69014	 -27.58431	 2	 30233	 
122.95775	 -27.58431	 1	 30234	 
124.22535	 -27.58431	 1	 30235	 
125.49296	 -27.58431	 1	 30236	 
126.76057	 -27.58431	 1	 30237	 
128.02817	 -27.58431	 1	 30238	 
129.29578	 -27.58431	 1	 30239	 
130.56339	 -27.58431	 1	 30240	 
131.83098	 -27.58431	 1	 30241	 
133.09859	 -27.58431	 1	 30242	 
134.36620	 -27.58431	 1	 30243	 
135.63380	 -27.58431	 1	 30244	 
136.90141	 -27.58431	 1	 30245	 
138.16902	 -27.58431	 1	 30246	 
139.43661	 -27.58431	 1	 30247	 
140.70422	 -27.58431	 4	 30248	 
141.97183	 -27.58431	 4	 30249	 
143.23944	 -27.58431	 4	 30250	 
144.50705	 -27.58431	 2	 30251	 
145.77464	 -27.58431	 2	 30252	 
147.04225	 -27.58431	 2	 30253	 
148.30986	 -27.58431	 2	 30254	 
149.57747	 -27.58431	 4	 30255	 
150.84508	 -27.58431	 3	 30256	 
152.11267	 -27.58431	 4	 30257	 
-69.71832	 -27.58431	 2	 30366	 
-68.45071	 -27.58431	 4	 30367	 
-67.18311	 -27.58431	 1	 30368	 
-65.91550	 -27.58431	 2	 30369	 
-64.64789	 -27.58431	 3	 30370	 
-63.38028	 -27.58431	 2	 30371	 
-62.11267	 -27.58431	 2	 30372	 
-60.84506	 -27.58431	 2	 30373	 
-59.57745	 -27.58431	 3	 30374	 
-58.30984	 -27.58431	 4	 30375	 
-57.04227	 -27.58431	 4	 30376	 
-55.77466	 -27.58431	 4	 30377	 
-54.50705	 -27.58431	 4	 30378	 
-53.23944	 -27.58431	 4	 30379	 
-51.97183	 -27.58431	 4	 30380	 
-50.70422	 -27.58431	 4	 30381	 
-49.43661	 -27.58431	 4	 30382	 
16.71428	 -28.51937	 1	 30434	 
18.00000	 -28.51937	 2	 30435	 
19.28572	 -28.51937	 2	 30436	 
20.57143	 -28.51937	 2	 30437	 
21.85714	 -28.51937	 2	 30438	 
23.14286	 -28.51937	 2	 30439	 
24.42857	 -28.51937	 2	 30440	 
25.71428	 -28.51937	 2	 30441	 
27.00000	 -28.51937	 3	 30442	 
28.28572	 -28.51937	 3	 30443	 
29.57143	 -28.51937	 3	 30444	 
30.85714	 -28.51937	 3	 30445	 
115.71429	 -28.51937	 1	 30511	 
117.00000	 -28.51937	 2	 30512	 
118.28571	 -28.51937	 2	 30513	 
119.57143	 -28.51937	 2	 30514	 
120.85714	 -28.51937	 2	 30515	 
122.14286	 -28.51937	 2	 30516	 
123.42857	 -28.51937	 1	 30517	 
124.71429	 -28.51937	 1	 30518	 
126.00000	 -28.51937	 1	 30519	 
127.28571	 -28.51937	 1	 30520	 
128.57143	 -28.51937	 1	 30521	 
129.85715	 -28.51937	 1	 30522	 
131.14285	 -28.51937	 1	 30523	 
132.42857	 -28.51937	 1	 30524	 
133.71428	 -28.51937	 2	 30525	 
135.00000	 -28.51937	 1	 30526	 
136.28572	 -28.51937	 2	 30527	 
137.57143	 -28.51937	 1	 30528	 
138.85715	 -28.51937	 1	 30529	 
140.14285	 -28.51937	 1	 30530	 
141.42857	 -28.51937	 2	 30531	 
142.71428	 -28.51937	 4	 30532	 
144.00000	 -28.51937	 2	 30533	 
145.28572	 -28.51937	 2	 30534	 
146.57143	 -28.51937	 2	 30535	 
147.85715	 -28.51937	 4	 30536	 
149.14285	 -28.51937	 4	 30537	 
150.42857	 -28.51937	 3	 30538	 
151.71428	 -28.51937	 2	 30539	 
153.00000	 -28.51937	 3	 30540	 
-70.71429	 -28.51937	 2	 30646	 
-69.42856	 -28.51937	 2	 30647	 
-68.14285	 -28.51937	 1	 30648	 
-66.85715	 -28.51937	 1	 30649	 
-65.57144	 -28.51937	 1	 30650	 
-64.28571	 -28.51937	 1	 30651	 
-63.00000	 -28.51937	 2	 30652	 
-61.71429	 -28.51937	 2	 30653	 
-60.42856	 -28.51937	 4	 30654	 
-59.14285	 -28.51937	 4	 30655	 
-57.85715	 -28.51937	 2	 30656	 
-56.57144	 -28.51937	 2	 30657	 
-55.28571	 -28.51937	 4	 30658	 
-54.00000	 -28.51937	 4	 30659	 
-52.71429	 -28.51937	 4	 30660	 
-51.42856	 -28.51937	 4	 30661	 
-50.14285	 -28.51937	 4	 30662	 
18.26087	 -29.45444	 2	 30715	 
19.56522	 -29.45444	 2	 30716	 
20.86957	 -29.45444	 2	 30717	 
22.17391	 -29.45444	 2	 30718	 
23.47826	 -29.45444	 2	 30719	 
24.78261	 -29.45444	 2	 30720	 
26.08696	 -29.45444	 3	 30721	 
27.39130	 -29.45444	 3	 30722	 
28.69565	 -29.45444	 3	 30723	 
30.00000	 -29.45444	 2	 30724	 
116.08696	 -29.45444	 2	 30790	 
117.39130	 -29.45444	 1	 30791	 
118.69566	 -29.45444	 1	 30792	 
120.00000	 -29.45444	 1	 30793	 
121.30434	 -29.45444	 2	 30794	 
122.60870	 -29.45444	 1	 30795	 
123.91304	 -29.45444	 1	 30796	 
125.21739	 -29.45444	 3	 30797	 
126.52174	 -29.45444	 3	 30798	 
127.82609	 -29.45444	 1	 30799	 
129.13043	 -29.45444	 1	 30800	 
130.43478	 -29.45444	 1	 30801	 
131.73914	 -29.45444	 3	 30802	 
133.04347	 -29.45444	 2	 30803	 
134.34782	 -29.45444	 2	 30804	 
135.65218	 -29.45444	 2	 30805	 
136.95653	 -29.45444	 1	 30806	 
138.26086	 -29.45444	 1	 30807	 
139.56522	 -29.45444	 1	 30808	 
140.86957	 -29.45444	 1	 30809	 
142.17392	 -29.45444	 4	 30810	 
143.47826	 -29.45444	 2	 30811	 
144.78261	 -29.45444	 2	 30812	 
146.08696	 -29.45444	 2	 30813	 
147.39131	 -29.45444	 4	 30814	 
148.69565	 -29.45444	 4	 30815	 
150.00000	 -29.45444	 4	 30816	 
151.30435	 -29.45444	 2	 30817	 
152.60869	 -29.45444	 2	 30818	 
-70.43478	 -29.45444	 2	 30923	 
-69.13043	 -29.45444	 2	 30924	 
-67.82608	 -29.45444	 1	 30925	 
-66.52173	 -29.45444	 1	 30926	 
-65.21738	 -29.45444	 1	 30927	 
-63.91306	 -29.45444	 1	 30928	 
-62.60870	 -29.45444	 2	 30929	 
-61.30435	 -29.45444	 4	 30930	 
-60.00000	 -29.45444	 4	 30931	 
-58.69565	 -29.45444	 4	 30932	 
-57.39130	 -29.45444	 4	 30933	 
-56.08694	 -29.45444	 4	 30934	 
-54.78262	 -29.45444	 4	 30935	 
-53.47827	 -29.45444	 4	 30936	 
-52.17392	 -29.45444	 4	 30937	 
-50.86957	 -29.45444	 4	 30938	 
18.52941	 -30.38950	 2	 30991	 
19.85294	 -30.38950	 2	 30992	 
21.17647	 -30.38950	 2	 30993	 
22.50000	 -30.38950	 2	 30994	 
23.82353	 -30.38950	 2	 30995	 
25.14706	 -30.38950	 2	 30996	 
26.47059	 -30.38950	 3	 30997	 
27.79412	 -30.38950	 3	 30998	 
29.11765	 -30.38950	 2	 30999	 
30.44118	 -30.38950	 2	 31000	 
116.47059	 -30.38950	 1	 31065	 
117.79412	 -30.38950	 2	 31066	 
119.11765	 -30.38950	 1	 31067	 
120.44118	 -30.38950	 2	 31068	 
121.76471	 -30.38950	 2	 31069	 
123.08823	 -30.38950	 2	 31070	 
124.41177	 -30.38950	 2	 31071	 
125.73529	 -30.38950	 2	 31072	 
127.05882	 -30.38950	 2	 31073	 
128.38235	 -30.38950	 2	 31074	 
129.70589	 -30.38950	 2	 31075	 
131.02942	 -30.38950	 2	 31076	 
132.35294	 -30.38950	 1	 31077	 
133.67647	 -30.38950	 2	 31078	 
135.00000	 -30.38950	 2	 31079	 
136.32353	 -30.38950	 2	 31080	 
137.64706	 -30.38950	 1	 31081	 
138.97058	 -30.38950	 2	 31082	 
140.29411	 -30.38950	 1	 31083	 
141.61765	 -30.38950	 2	 31084	 
142.94118	 -30.38950	 1	 31085	 
144.26471	 -30.38950	 2	 31086	 
145.58824	 -30.38950	 2	 31087	 
146.91176	 -30.38950	 4	 31088	 
148.23529	 -30.38950	 4	 31089	 
149.55882	 -30.38950	 3	 31090	 
150.88235	 -30.38950	 2	 31091	 
152.20589	 -30.38950	 2	 31092	 
-71.47058	 -30.38950	 4	 31195	 
-70.14706	 -30.38950	 2	 31196	 
-68.82352	 -30.38950	 1	 31197	 
-67.50000	 -30.38950	 1	 31198	 
-66.17648	 -30.38950	 1	 31199	 
-64.85294	 -30.38950	 3	 31200	 
-63.52942	 -30.38950	 2	 31201	 
-62.20587	 -30.38950	 4	 31202	 
-60.88235	 -30.38950	 4	 31203	 
-59.55884	 -30.38950	 4	 31204	 
-58.23529	 -30.38950	 4	 31205	 
-56.91177	 -30.38950	 4	 31206	 
-55.58823	 -30.38950	 3	 31207	 
-54.26471	 -30.38950	 4	 31208	 
-52.94116	 -30.38950	 4	 31209	 
-51.61765	 -30.38950	 4	 31210	 
18.80597	 -31.32456	 2	 31263	 
20.14925	 -31.32456	 2	 31264	 
21.49254	 -31.32456	 2	 31265	 
22.83582	 -31.32456	 2	 31266	 
24.17910	 -31.32456	 2	 31267	 
25.52239	 -31.32456	 3	 31268	 
26.86567	 -31.32456	 3	 31269	 
28.20896	 -31.32456	 2	 31270	 
115.52238	 -31.32456	 1	 31335	 
116.86567	 -31.32456	 3	 31336	 
118.20895	 -31.32456	 2	 31337	 
119.55224	 -31.32456	 1	 31338	 
120.89552	 -31.32456	 1	 31339	 
122.23881	 -31.32456	 2	 31340	 
123.58209	 -31.32456	 2	 31341	 
124.92538	 -31.32456	 2	 31342	 
126.26865	 -31.32456	 2	 31343	 
127.61194	 -31.32456	 2	 31344	 
128.95523	 -31.32456	 2	 31345	 
130.29851	 -31.32456	 2	 31346	 
131.64178	 -31.32456	 2	 31347	 
132.98508	 -31.32456	 1	 31348	 
134.32835	 -31.32456	 1	 31349	 
135.67165	 -31.32456	 2	 31350	 
137.01492	 -31.32456	 1	 31351	 
138.35822	 -31.32456	 2	 31352	 
139.70149	 -31.32456	 2	 31353	 
141.04477	 -31.32456	 2	 31354	 
142.38806	 -31.32456	 1	 31355	 
143.73134	 -31.32456	 2	 31356	 
145.07463	 -31.32456	 2	 31357	 
146.41791	 -31.32456	 2	 31358	 
147.76120	 -31.32456	 4	 31359	 
149.10448	 -31.32456	 3	 31360	 
150.44775	 -31.32456	 4	 31361	 
151.79105	 -31.32456	 2	 31362	 
-71.19403	 -31.32456	 4	 31464	 
-69.85074	 -31.32456	 2	 31465	 
-68.50748	 -31.32456	 1	 31466	 
-67.16418	 -31.32456	 1	 31467	 
-65.82089	 -31.32456	 1	 31468	 
-64.47760	 -31.32456	 2	 31469	 
-63.13434	 -31.32456	 3	 31470	 
-61.79105	 -31.32456	 4	 31471	 
-60.44775	 -31.32456	 4	 31472	 
-59.10449	 -31.32456	 4	 31473	 
-57.76120	 -31.32456	 4	 31474	 
-56.41791	 -31.32456	 3	 31475	 
-55.07462	 -31.32456	 4	 31476	 
-53.73135	 -31.32456	 2	 31477	 
-52.38806	 -31.32456	 4	 31478	 
19.09091	 -32.25962	 2	 31531	 
20.45455	 -32.25962	 3	 31532	 
21.81818	 -32.25962	 2	 31533	 
23.18182	 -32.25962	 2	 31534	 
24.54545	 -32.25962	 2	 31535	 
25.90909	 -32.25962	 2	 31536	 
27.27273	 -32.25962	 2	 31537	 
28.63636	 -32.25962	 2	 31538	 
115.90909	 -32.25962	 1	 31602	 
117.27273	 -32.25962	 3	 31603	 
118.63636	 -32.25962	 2	 31604	 
120.00000	 -32.25962	 1	 31605	 
121.36364	 -32.25962	 1	 31606	 
122.72727	 -32.25962	 3	 31607	 
124.09091	 -32.25962	 2	 31608	 
135.00000	 -32.25962	 2	 31616	 
136.36363	 -32.25962	 2	 31617	 
137.72728	 -32.25962	 2	 31618	 
139.09091	 -32.25962	 2	 31619	 
140.45454	 -32.25962	 2	 31620	 
141.81818	 -32.25962	 2	 31621	 
143.18182	 -32.25962	 2	 31622	 
144.54546	 -32.25962	 2	 31623	 
145.90909	 -32.25962	 2	 31624	 
147.27272	 -32.25962	 2	 31625	 
148.63637	 -32.25962	 2	 31626	 
150.00000	 -32.25962	 2	 31627	 
151.36363	 -32.25962	 3	 31628	 
-70.90909	 -32.25962	 4	 31729	 
-69.54544	 -32.25962	 1	 31730	 
-68.18182	 -32.25962	 4	 31731	 
-66.81818	 -32.25962	 1	 31732	 
-65.45456	 -32.25962	 2	 31733	 
-64.09091	 -32.25962	 2	 31734	 
-62.72726	 -32.25962	 2	 31735	 
-61.36365	 -32.25962	 4	 31736	 
-60.00000	 -32.25962	 4	 31737	 
-58.63635	 -32.25962	 4	 31738	 
-57.27274	 -32.25962	 3	 31739	 
-55.90909	 -32.25962	 3	 31740	 
-54.54544	 -32.25962	 3	 31741	 
-53.18182	 -32.25962	 2	 31742	 
19.38461	 -33.19468	 2	 31795	 
20.76923	 -33.19468	 2	 31796	 
22.15385	 -33.19468	 2	 31797	 
23.53846	 -33.19468	 2	 31798	 
24.92308	 -33.19468	 2	 31799	 
26.30769	 -33.19468	 2	 31800	 
116.30769	 -33.19468	 1	 31865	 
117.69231	 -33.19468	 3	 31866	 
119.07692	 -33.19468	 3	 31867	 
120.46154	 -33.19468	 3	 31868	 
121.84615	 -33.19468	 1	 31869	 
123.23077	 -33.19468	 2	 31870	 
135.69231	 -33.19468	 2	 31879	 
137.07692	 -33.19468	 2	 31880	 
138.46153	 -33.19468	 2	 31881	 
139.84616	 -33.19468	 2	 31882	 
141.23077	 -33.19468	 2	 31883	 
142.61539	 -33.19468	 2	 31884	 
144.00000	 -33.19468	 4	 31885	 
145.38461	 -33.19468	 2	 31886	 
146.76923	 -33.19468	 2	 31887	 
148.15384	 -33.19468	 3	 31888	 
149.53847	 -33.19468	 2	 31889	 
150.92308	 -33.19468	 2	 31890	 
-70.61539	 -33.19468	 4	 31990	 
-69.23077	 -33.19468	 1	 31991	 
-67.84616	 -33.19468	 1	 31992	 
-66.46155	 -33.19468	 1	 31993	 
-65.07693	 -33.19468	 2	 31994	 
-63.69232	 -33.19468	 2	 31995	 
-62.30768	 -33.19468	 2	 31996	 
-60.92307	 -33.19468	 4	 31997	 
-59.53845	 -33.19468	 4	 31998	 
-58.15384	 -33.19468	 4	 31999	 
-56.76923	 -33.19468	 4	 32000	 
-55.38461	 -33.19468	 2	 32001	 
-54.00000	 -33.19468	 4	 32002	 
19.68750	 -34.12974	 2	 32055	 
21.09375	 -34.12974	 2	 32056	 
116.71875	 -34.12974	 2	 32124	 
118.12500	 -34.12974	 3	 32125	 
137.81250	 -34.12974	 2	 32139	 
139.21875	 -34.12974	 2	 32140	 
140.62500	 -34.12974	 2	 32141	 
142.03125	 -34.12974	 2	 32142	 
143.43750	 -34.12974	 2	 32143	 
144.84375	 -34.12974	 4	 32144	 
146.25000	 -34.12974	 3	 32145	 
147.65625	 -34.12974	 2	 32146	 
149.06250	 -34.12974	 2	 32147	 
150.46875	 -34.12974	 2	 32148	 
-70.31250	 -34.12974	 2	 32247	 
-68.90625	 -34.12974	 1	 32248	 
-67.50000	 -34.12974	 1	 32249	 
-66.09375	 -34.12974	 1	 32250	 
-64.68750	 -34.12974	 1	 32251	 
-63.28125	 -34.12974	 2	 32252	 
-61.87500	 -34.12974	 2	 32253	 
-60.46875	 -34.12974	 4	 32254	 
-59.06250	 -34.12974	 4	 32255	 
-57.65625	 -34.12974	 4	 32256	 
-56.25000	 -34.12974	 4	 32257	 
-54.84375	 -34.12974	 2	 32258	 
140.00000	 -35.06480	 2	 32395	 
141.42857	 -35.06480	 2	 32396	 
142.85715	 -35.06480	 2	 32397	 
144.28572	 -35.06480	 4	 32398	 
145.71428	 -35.06480	 3	 32399	 
147.14285	 -35.06480	 2	 32400	 
148.57143	 -35.06480	 2	 32401	 
150.00000	 -35.06480	 2	 32402	 
-71.42856	 -35.06480	 4	 32499	 
-70.00000	 -35.06480	 1	 32500	 
-68.57144	 -35.06480	 1	 32501	 
-67.14285	 -35.06480	 1	 32502	 
-65.71429	 -35.06480	 1	 32503	 
-64.28571	 -35.06480	 2	 32504	 
-62.85715	 -35.06480	 4	 32505	 
-61.42856	 -35.06480	 2	 32506	 
-60.00000	 -35.06480	 4	 32507	 
-58.57144	 -35.06480	 4	 32508	 
140.80646	 -35.99986	 1	 32646	 
142.25807	 -35.99986	 2	 32647	 
143.70967	 -35.99986	 4	 32648	 
145.16129	 -35.99986	 3	 32649	 
146.61290	 -35.99986	 2	 32650	 
148.06451	 -35.99986	 2	 32651	 
149.51613	 -35.99986	 2	 32652	 
-72.58066	 -35.99986	 2	 32747	 
-71.12903	 -35.99986	 2	 32748	 
-69.67743	 -35.99986	 1	 32749	 
-68.22580	 -35.99986	 1	 32750	 
-66.77420	 -35.99986	 1	 32751	 
-65.32257	 -35.99986	 1	 32752	 
-63.87097	 -35.99986	 1	 32753	 
-62.41934	 -35.99986	 1	 32754	 
-60.96774	 -35.99986	 2	 32755	 
-59.51614	 -35.99986	 4	 32756	 
-58.06451	 -35.99986	 4	 32757	 
140.16394	 -36.93492	 1	 32892	 
141.63934	 -36.93492	 2	 32893	 
143.11476	 -36.93492	 2	 32894	 
144.59016	 -36.93492	 2	 32895	 
146.06557	 -36.93492	 2	 32896	 
147.54099	 -36.93492	 3	 32897	 
149.01639	 -36.93492	 2	 32898	 
-72.29507	 -36.93492	 2	 32992	 
-70.81967	 -36.93492	 2	 32993	 
-69.34427	 -36.93492	 1	 32994	 
-67.86887	 -36.93492	 2	 32995	 
-66.39343	 -36.93492	 1	 32996	 
-64.91803	 -36.93492	 1	 32997	 
-63.44263	 -36.93492	 2	 32998	 
-61.96722	 -36.93492	 2	 32999	 
-60.49179	 -36.93492	 4	 33000	 
-59.01639	 -36.93492	 4	 33001	 
-57.54099	 -36.93492	 4	 33002	 
142.50000	 -37.86998	 3	 33136	 
144.00000	 -37.86998	 3	 33137	 
145.50000	 -37.86998	 2	 33138	 
147.00000	 -37.86998	 2	 33139	 
175.50000	 -37.86998	 2	 33158	 
-72.00000	 -37.86998	 2	 33233	 
-70.50000	 -37.86998	 1	 33234	 
-69.00000	 -37.86998	 1	 33235	 
-67.50000	 -37.86998	 1	 33236	 
-66.00000	 -37.86998	 3	 33237	 
-64.50000	 -37.86998	 1	 33238	 
-63.00000	 -37.86998	 2	 33239	 
-61.50000	 -37.86998	 2	 33240	 
-60.00000	 -37.86998	 4	 33241	 
-58.50000	 -37.86998	 4	 33242	 
175.42372	 -38.80504	 1	 33396	 
176.94916	 -38.80504	 1	 33397	 
-71.69492	 -38.80504	 2	 33470	 
-70.16949	 -38.80504	 1	 33471	 
-68.64407	 -38.80504	 1	 33472	 
-67.11865	 -38.80504	 3	 33473	 
-65.59323	 -38.80504	 3	 33474	 
-64.06781	 -38.80504	 1	 33475	 
-62.54236	 -38.80504	 2	 33476	 
-61.01694	 -38.80504	 2	 33477	 
175.34483	 -39.74010	 2	 33630	 
-72.93103	 -39.74010	 4	 33702	 
-71.37930	 -39.74010	 2	 33703	 
-69.82758	 -39.74010	 1	 33704	 
-68.27585	 -39.74010	 3	 33705	 
-66.72415	 -39.74010	 3	 33706	 
-65.17242	 -39.74010	 1	 33707	 
-63.62070	 -39.74010	 1	 33708	 
175.26315	 -40.67516	 2	 33860	 
-72.63159	 -40.67516	 2	 33931	 
-71.05264	 -40.67516	 1	 33932	 
-69.47369	 -40.67516	 2	 33933	 
-67.89474	 -40.67516	 3	 33934	 
-66.31580	 -40.67516	 3	 33935	 
-63.15790	 -40.67516	 1	 33937	 
146.25000	 -41.61022	 2	 34068	 
147.85715	 -41.61022	 3	 34069	 
173.57143	 -41.61022	 2	 34085	 
-72.32144	 -41.61022	 2	 34156	 
-70.71429	 -41.61022	 1	 34157	 
-69.10715	 -41.61022	 3	 34158	 
-67.50000	 -41.61022	 2	 34159	 
-65.89285	 -41.61022	 3	 34160	 
147.27272	 -42.54528	 2	 34291	 
171.81818	 -42.54528	 2	 34306	 
-72.00000	 -42.54528	 2	 34377	 
-70.36365	 -42.54528	 3	 34378	 
-68.72726	 -42.54528	 3	 34379	 
-67.09091	 -42.54528	 3	 34380	 
-65.45456	 -42.54528	 3	 34381	 
146.66667	 -43.48034	 1	 34509	 
170.00000	 -43.48034	 1	 34523	 
171.66667	 -43.48034	 2	 34524	 
-71.66666	 -43.48034	 2	 34594	 
-70.00000	 -43.48034	 3	 34595	 
-68.33334	 -43.48034	 3	 34596	 
-66.66666	 -43.48034	 3	 34597	 
169.81133	 -44.41539	 2	 34737	 
-73.01886	 -44.41539	 2	 34806	 
-71.32074	 -44.41539	 2	 34807	 
-69.62265	 -44.41539	 3	 34808	 
-67.92453	 -44.41539	 3	 34809	 
-66.22641	 -44.41539	 3	 34810	 
167.88461	 -45.35045	 2	 34946	 
169.61539	 -45.35045	 2	 34947	 
-72.69232	 -45.35045	 2	 35015	 
-70.96155	 -45.35045	 3	 35016	 
-69.23077	 -45.35045	 3	 35017	 
-67.50000	 -45.35045	 3	 35018	 
169.41176	 -46.28551	 2	 35153	 
-74.11765	 -46.28551	 3	 35219	 
-72.35294	 -46.28551	 2	 35220	 
-70.58823	 -46.28551	 1	 35221	 
-68.82352	 -46.28551	 3	 35222	 
-73.79999	 -47.22057	 3	 35420	 
-72.00000	 -47.22057	 2	 35421	 
-70.20001	 -47.22057	 3	 35422	 
-68.39999	 -47.22057	 3	 35423	 
-66.60001	 -47.22057	 3	 35424	 
-73.46939	 -48.15563	 3	 35617	 
-71.63266	 -48.15563	 3	 35618	 
-69.79593	 -48.15563	 3	 35619	 
-67.95920	 -48.15563	 3	 35620	 
-75.00000	 -49.09069	 2	 35809	 
-73.12500	 -49.09069	 1	 35810	 
-71.25000	 -49.09069	 3	 35811	 
-69.37500	 -49.09069	 3	 35812	 
-72.76596	 -50.02574	 1	 35999	 
-70.85107	 -50.02574	 2	 36000	 
-68.93616	 -50.02574	 3	 36001	 
-74.34784	 -50.96080	 2	 36183	 
-72.39130	 -50.96080	 3	 36184	 
-70.43478	 -50.96080	 2	 36185	 
-74.00000	 -51.89586	 2	 36364	 
-72.00000	 -51.89586	 3	 36365	 
-70.00000	 -51.89586	 5	 36366	 
-71.59091	 -52.83091	 3	 36542	 
-69.54544	 -52.83091	 5	 36543	 
-71.16278	 -53.76597	 2	 36715	 
-69.06976	 -53.76597	 1	 36716	 
-70.71429	 -54.70103	 2	 36884	 
-68.57144	 -54.70103	 3	 36885	 
-66.42856	 -54.70103	 1	 36886	 
-59.06250	 -64.05155	 1	 38356	 
-60.96774	 -64.98660	 1	 38480	 
96.00000	 -65.92165	 1	 38533	 
99.00000	 -65.92165	 1	 38534	 
102.00000	 -65.92165	 1	 38535	 
-63.00000	 -65.92165	 1	 38600	 
52.75862	 -66.85669	 1	 38638	 
55.86207	 -66.85669	 1	 38639	 
83.79311	 -66.85669	 1	 38648	 
86.89655	 -66.85669	 1	 38649	 
90.00000	 -66.85669	 1	 38650	 
93.10345	 -66.85669	 1	 38651	 
96.20689	 -66.85669	 1	 38652	 
99.31035	 -66.85669	 1	 38653	 
102.41380	 -66.85669	 1	 38654	 
105.51724	 -66.85669	 1	 38655	 
108.62069	 -66.85669	 1	 38656	 
111.72414	 -66.85669	 1	 38657	 
114.82758	 -66.85669	 1	 38658	 
121.03448	 -66.85669	 1	 38660	 
124.13793	 -66.85669	 1	 38661	 
127.24138	 -66.85669	 1	 38662	 
130.34483	 -66.85669	 1	 38663	 
133.44827	 -66.85669	 1	 38664	 
136.55173	 -66.85669	 1	 38665	 
139.65517	 -66.85669	 1	 38666	 
145.86208	 -66.85669	 1	 38668	 
-65.17242	 -66.85669	 1	 38716	 
-62.06897	 -66.85669	 1	 38717	 
48.21429	 -67.79173	 1	 38752	 
51.42857	 -67.79173	 1	 38753	 
54.64286	 -67.79173	 1	 38754	 
57.85714	 -67.79173	 1	 38755	 
61.07143	 -67.79173	 1	 38756	 
64.28571	 -67.79173	 1	 38757	 
83.57143	 -67.79173	 1	 38763	 
86.78571	 -67.79173	 1	 38764	 
90.00000	 -67.79173	 1	 38765	 
93.21429	 -67.79173	 1	 38766	 
96.42857	 -67.79173	 1	 38767	 
99.64286	 -67.79173	 1	 38768	 
102.85714	 -67.79173	 1	 38769	 
106.07143	 -67.79173	 1	 38770	 
109.28571	 -67.79173	 1	 38771	 
112.50000	 -67.79173	 1	 38772	 
115.71429	 -67.79173	 1	 38773	 
118.92857	 -67.79173	 1	 38774	 
122.14286	 -67.79173	 1	 38775	 
125.35714	 -67.79173	 1	 38776	 
128.57143	 -67.79173	 1	 38777	 
131.78572	 -67.79173	 1	 38778	 
135.00000	 -67.79173	 1	 38779	 
138.21428	 -67.79173	 1	 38780	 
141.42857	 -67.79173	 1	 38781	 
144.64285	 -67.79173	 1	 38782	 
-64.28571	 -67.79173	 1	 38829	 
-61.07144	 -67.79173	 1	 38830	 
43.33333	 -68.72678	 1	 38862	 
46.66667	 -68.72678	 1	 38863	 
50.00000	 -68.72678	 1	 38864	 
53.33333	 -68.72678	 1	 38865	 
56.66667	 -68.72678	 1	 38866	 
60.00000	 -68.72678	 1	 38867	 
63.33333	 -68.72678	 1	 38868	 
66.66666	 -68.72678	 1	 38869	 
70.00000	 -68.72678	 1	 38870	 
80.00000	 -68.72678	 1	 38873	 
83.33334	 -68.72678	 1	 38874	 
86.66666	 -68.72678	 1	 38875	 
90.00000	 -68.72678	 1	 38876	 
93.33334	 -68.72678	 1	 38877	 
96.66666	 -68.72678	 1	 38878	 
100.00000	 -68.72678	 1	 38879	 
103.33334	 -68.72678	 1	 38880	 
106.66666	 -68.72678	 1	 38881	 
110.00000	 -68.72678	 1	 38882	 
113.33334	 -68.72678	 1	 38883	 
116.66666	 -68.72678	 1	 38884	 
120.00000	 -68.72678	 1	 38885	 
123.33334	 -68.72678	 1	 38886	 
126.66666	 -68.72678	 1	 38887	 
130.00000	 -68.72678	 1	 38888	 
133.33333	 -68.72678	 1	 38889	 
136.66667	 -68.72678	 1	 38890	 
140.00000	 -68.72678	 1	 38891	 
143.33333	 -68.72678	 1	 38892	 
146.66667	 -68.72678	 1	 38893	 
150.00000	 -68.72678	 1	 38894	 
153.33333	 -68.72678	 1	 38895	 
-66.66666	 -68.72678	 1	 38937	 
-63.33334	 -68.72678	 1	 38938	 
 0.00000	 -69.66182	 1	 38957	 
13.84615	 -69.66182	 1	 38961	 
17.30769	 -69.66182	 1	 38962	 
31.15385	 -69.66182	 1	 38966	 
34.61538	 -69.66182	 1	 38967	 
41.53846	 -69.66182	 1	 38969	 
45.00000	 -69.66182	 1	 38970	 
48.46154	 -69.66182	 1	 38971	 
51.92308	 -69.66182	 1	 38972	 
55.38462	 -69.66182	 1	 38973	 
58.84615	 -69.66182	 1	 38974	 
62.30769	 -69.66182	 1	 38975	 
65.76923	 -69.66182	 1	 38976	 
69.23077	 -69.66182	 1	 38977	 
72.69231	 -69.66182	 1	 38978	 
76.15385	 -69.66182	 1	 38979	 
79.61539	 -69.66182	 1	 38980	 
83.07692	 -69.66182	 1	 38981	 
86.53846	 -69.66182	 1	 38982	 
90.00000	 -69.66182	 1	 38983	 
93.46154	 -69.66182	 1	 38984	 
96.92308	 -69.66182	 1	 38985	 
100.38461	 -69.66182	 1	 38986	 
103.84615	 -69.66182	 1	 38987	 
107.30769	 -69.66182	 1	 38988	 
110.76923	 -69.66182	 1	 38989	 
114.23077	 -69.66182	 1	 38990	 
117.69231	 -69.66182	 1	 38991	 
121.15385	 -69.66182	 1	 38992	 
124.61539	 -69.66182	 1	 38993	 
128.07692	 -69.66182	 1	 38994	 
131.53847	 -69.66182	 1	 38995	 
135.00000	 -69.66182	 1	 38996	 
138.46153	 -69.66182	 1	 38997	 
141.92308	 -69.66182	 1	 38998	 
145.38461	 -69.66182	 1	 38999	 
148.84616	 -69.66182	 1	 39000	 
152.30769	 -69.66182	 1	 39001	 
155.76923	 -69.66182	 1	 39002	 
159.23077	 -69.66182	 1	 39003	 
-72.69232	 -69.66182	 1	 39040	 
-65.76923	 -69.66182	 1	 39042	 
-62.30768	 -69.66182	 1	 39043	 
 0.00000	 -70.59686	 1	 39061	 
 3.60000	 -70.59686	 1	 39062	 
 7.20000	 -70.59686	 1	 39063	 
10.80000	 -70.59686	 1	 39064	 
14.40000	 -70.59686	 1	 39065	 
18.00000	 -70.59686	 1	 39066	 
21.60000	 -70.59686	 1	 39067	 
25.20000	 -70.59686	 1	 39068	 
28.80000	 -70.59686	 1	 39069	 
32.40000	 -70.59686	 1	 39070	 
36.00000	 -70.59686	 1	 39071	 
39.60000	 -70.59686	 1	 39072	 
43.20000	 -70.59686	 1	 39073	 
46.80000	 -70.59686	 1	 39074	 
50.40000	 -70.59686	 1	 39075	 
54.00000	 -70.59686	 1	 39076	 
57.60000	 -70.59686	 1	 39077	 
61.20000	 -70.59686	 1	 39078	 
64.80000	 -70.59686	 1	 39079	 
68.40000	 -70.59686	 1	 39080	 
72.00000	 -70.59686	 1	 39081	 
75.60000	 -70.59686	 1	 39082	 
79.20000	 -70.59686	 1	 39083	 
82.80000	 -70.59686	 1	 39084	 
86.40000	 -70.59686	 1	 39085	 
90.00000	 -70.59686	 1	 39086	 
93.60000	 -70.59686	 1	 39087	 
97.20000	 -70.59686	 1	 39088	 
100.80000	 -70.59686	 1	 39089	 
104.40000	 -70.59686	 1	 39090	 
108.00000	 -70.59686	 1	 39091	 
111.60000	 -70.59686	 1	 39092	 
115.20000	 -70.59686	 1	 39093	 
118.80000	 -70.59686	 1	 39094	 
122.40000	 -70.59686	 1	 39095	 
126.00000	 -70.59686	 1	 39096	 
129.60001	 -70.59686	 1	 39097	 
133.20000	 -70.59686	 1	 39098	 
136.80000	 -70.59686	 1	 39099	 
140.39999	 -70.59686	 1	 39100	 
144.00000	 -70.59686	 1	 39101	 
147.60001	 -70.59686	 1	 39102	 
151.20000	 -70.59686	 1	 39103	 
154.80000	 -70.59686	 1	 39104	 
158.39999	 -70.59686	 1	 39105	 
162.00000	 -70.59686	 1	 39106	 
-72.00000	 -70.59686	 1	 39141	 
-68.39999	 -70.59686	 1	 39142	 
-64.79999	 -70.59686	 1	 39143	 
-61.20001	 -70.59686	 1	 39144	 
-7.20001	 -70.59686	 1	 39159	 
-3.60001	 -70.59686	 1	 39160	 
 0.00000	 -71.53189	 1	 39161	 
 3.75000	 -71.53189	 1	 39162	 
 7.50000	 -71.53189	 1	 39163	 
11.25000	 -71.53189	 1	 39164	 
15.00000	 -71.53189	 1	 39165	 
18.75000	 -71.53189	 1	 39166	 
22.50000	 -71.53189	 1	 39167	 
26.25000	 -71.53189	 1	 39168	 
30.00000	 -71.53189	 1	 39169	 
33.75000	 -71.53189	 1	 39170	 
37.50000	 -71.53189	 1	 39171	 
41.25000	 -71.53189	 1	 39172	 
45.00000	 -71.53189	 1	 39173	 
48.75000	 -71.53189	 1	 39174	 
52.50000	 -71.53189	 1	 39175	 
56.25000	 -71.53189	 1	 39176	 
60.00000	 -71.53189	 1	 39177	 
63.75000	 -71.53189	 1	 39178	 
67.50000	 -71.53189	 1	 39179	 
71.25000	 -71.53189	 1	 39180	 
75.00000	 -71.53189	 1	 39181	 
78.75000	 -71.53189	 1	 39182	 
82.50000	 -71.53189	 1	 39183	 
86.25000	 -71.53189	 1	 39184	 
90.00000	 -71.53189	 1	 39185	 
93.75000	 -71.53189	 1	 39186	 
97.50000	 -71.53189	 1	 39187	 
101.25000	 -71.53189	 1	 39188	 
105.00000	 -71.53189	 1	 39189	 
108.75000	 -71.53189	 1	 39190	 
112.50000	 -71.53189	 1	 39191	 
116.25000	 -71.53189	 1	 39192	 
120.00000	 -71.53189	 1	 39193	 
123.75000	 -71.53189	 1	 39194	 
127.50000	 -71.53189	 1	 39195	 
131.25000	 -71.53189	 1	 39196	 
135.00000	 -71.53189	 1	 39197	 
138.75000	 -71.53189	 1	 39198	 
142.50000	 -71.53189	 1	 39199	 
146.25000	 -71.53189	 1	 39200	 
150.00000	 -71.53189	 1	 39201	 
153.75000	 -71.53189	 1	 39202	 
157.50000	 -71.53189	 1	 39203	 
161.25000	 -71.53189	 1	 39204	 
165.00000	 -71.53189	 1	 39205	 
168.75000	 -71.53189	 1	 39206	 
-71.25000	 -71.53189	 1	 39238	 
-67.50000	 -71.53189	 1	 39239	 
-63.75000	 -71.53189	 1	 39240	 
-11.25000	 -71.53189	 1	 39254	 
-7.50000	 -71.53189	 1	 39255	 
-3.75000	 -71.53189	 1	 39256	 
 0.00000	 -72.46692	 1	 39257	 
 3.91304	 -72.46692	 1	 39258	 
 7.82609	 -72.46692	 1	 39259	 
11.73913	 -72.46692	 1	 39260	 
15.65217	 -72.46692	 1	 39261	 
19.56522	 -72.46692	 1	 39262	 
23.47826	 -72.46692	 1	 39263	 
27.39130	 -72.46692	 1	 39264	 
31.30435	 -72.46692	 1	 39265	 
35.21739	 -72.46692	 1	 39266	 
39.13044	 -72.46692	 1	 39267	 
43.04348	 -72.46692	 1	 39268	 
46.95652	 -72.46692	 1	 39269	 
50.86956	 -72.46692	 1	 39270	 
54.78261	 -72.46692	 1	 39271	 
58.69565	 -72.46692	 1	 39272	 
62.60870	 -72.46692	 1	 39273	 
66.52174	 -72.46692	 1	 39274	 
70.43478	 -72.46692	 1	 39275	 
74.34782	 -72.46692	 1	 39276	 
78.26087	 -72.46692	 1	 39277	 
82.17391	 -72.46692	 1	 39278	 
86.08696	 -72.46692	 1	 39279	 
90.00000	 -72.46692	 1	 39280	 
93.91304	 -72.46692	 1	 39281	 
97.82609	 -72.46692	 1	 39282	 
101.73913	 -72.46692	 1	 39283	 
105.65218	 -72.46692	 1	 39284	 
109.56522	 -72.46692	 1	 39285	 
113.47826	 -72.46692	 1	 39286	 
117.39130	 -72.46692	 1	 39287	 
121.30434	 -72.46692	 1	 39288	 
125.21739	 -72.46692	 1	 39289	 
129.13043	 -72.46692	 1	 39290	 
133.04347	 -72.46692	 1	 39291	 
136.95653	 -72.46692	 1	 39292	 
140.86957	 -72.46692	 1	 39293	 
144.78261	 -72.46692	 1	 39294	 
148.69565	 -72.46692	 1	 39295	 
152.60869	 -72.46692	 1	 39296	 
156.52174	 -72.46692	 1	 39297	 
160.43478	 -72.46692	 1	 39298	 
164.34782	 -72.46692	 1	 39299	 
168.26086	 -72.46692	 1	 39300	 
-101.73914	 -72.46692	 1	 39323	 
-97.82608	 -72.46692	 1	 39324	 
-93.91306	 -72.46692	 1	 39325	 
-70.43478	 -72.46692	 1	 39331	 
-66.52173	 -72.46692	 1	 39332	 
-62.60870	 -72.46692	 1	 39333	 
-15.65216	 -72.46692	 1	 39345	 
-11.73914	 -72.46692	 1	 39346	 
-7.82608	 -72.46692	 1	 39347	 
-3.91306	 -72.46692	 1	 39348	 
 0.00000	 -73.40195	 1	 39349	 
 4.09091	 -73.40195	 1	 39350	 
 8.18182	 -73.40195	 1	 39351	 
12.27273	 -73.40195	 1	 39352	 
16.36364	 -73.40195	 1	 39353	 
20.45455	 -73.40195	 1	 39354	 
24.54545	 -73.40195	 1	 39355	 
28.63636	 -73.40195	 1	 39356	 
32.72727	 -73.40195	 1	 39357	 
36.81818	 -73.40195	 1	 39358	 
40.90909	 -73.40195	 1	 39359	 
45.00000	 -73.40195	 1	 39360	 
49.09091	 -73.40195	 1	 39361	 
53.18182	 -73.40195	 1	 39362	 
57.27273	 -73.40195	 1	 39363	 
61.36364	 -73.40195	 1	 39364	 
65.45454	 -73.40195	 1	 39365	 
69.54546	 -73.40195	 1	 39366	 
73.63636	 -73.40195	 1	 39367	 
77.72727	 -73.40195	 1	 39368	 
81.81818	 -73.40195	 1	 39369	 
85.90909	 -73.40195	 1	 39370	 
90.00000	 -73.40195	 1	 39371	 
94.09091	 -73.40195	 1	 39372	 
98.18182	 -73.40195	 1	 39373	 
102.27273	 -73.40195	 1	 39374	 
106.36364	 -73.40195	 1	 39375	 
110.45454	 -73.40195	 1	 39376	 
114.54546	 -73.40195	 1	 39377	 
118.63636	 -73.40195	 1	 39378	 
122.72727	 -73.40195	 1	 39379	 
126.81818	 -73.40195	 1	 39380	 
130.90909	 -73.40195	 1	 39381	 
135.00000	 -73.40195	 1	 39382	 
139.09091	 -73.40195	 1	 39383	 
143.18182	 -73.40195	 1	 39384	 
147.27272	 -73.40195	 1	 39385	 
151.36363	 -73.40195	 1	 39386	 
155.45454	 -73.40195	 1	 39387	 
159.54546	 -73.40195	 1	 39388	 
163.63637	 -73.40195	 1	 39389	 
167.72728	 -73.40195	 1	 39390	 
-98.18182	 -73.40195	 1	 39413	 
-94.09091	 -73.40195	 1	 39414	 
-90.00000	 -73.40195	 1	 39415	 
-85.90909	 -73.40195	 1	 39416	 
-77.72726	 -73.40195	 1	 39418	 
-73.63635	 -73.40195	 1	 39419	 
-69.54544	 -73.40195	 1	 39420	 
-65.45456	 -73.40195	 1	 39421	 
-61.36365	 -73.40195	 1	 39422	 
-20.45456	 -73.40195	 1	 39432	 
-16.36365	 -73.40195	 1	 39433	 
-12.27274	 -73.40195	 1	 39434	 
-8.18182	 -73.40195	 1	 39435	 
-4.09091	 -73.40195	 1	 39436	 
 0.00000	 -74.33698	 1	 39437	 
 4.28571	 -74.33698	 1	 39438	 
 8.57143	 -74.33698	 1	 39439	 
12.85714	 -74.33698	 1	 39440	 
17.14286	 -74.33698	 1	 39441	 
21.42857	 -74.33698	 1	 39442	 
25.71428	 -74.33698	 1	 39443	 
30.00000	 -74.33698	 1	 39444	 
34.28571	 -74.33698	 1	 39445	 
38.57143	 -74.33698	 1	 39446	 
42.85714	 -74.33698	 1	 39447	 
47.14286	 -74.33698	 1	 39448	 
51.42857	 -74.33698	 1	 39449	 
55.71429	 -74.33698	 1	 39450	 
60.00000	 -74.33698	 1	 39451	 
64.28571	 -74.33698	 1	 39452	 
68.57143	 -74.33698	 1	 39453	 
72.85714	 -74.33698	 1	 39454	 
77.14286	 -74.33698	 1	 39455	 
81.42857	 -74.33698	 1	 39456	 
85.71429	 -74.33698	 1	 39457	 
90.00000	 -74.33698	 1	 39458	 
94.28571	 -74.33698	 1	 39459	 
98.57143	 -74.33698	 1	 39460	 
102.85714	 -74.33698	 1	 39461	 
107.14286	 -74.33698	 1	 39462	 
111.42857	 -74.33698	 1	 39463	 
115.71429	 -74.33698	 1	 39464	 
120.00000	 -74.33698	 1	 39465	 
124.28571	 -74.33698	 1	 39466	 
128.57143	 -74.33698	 1	 39467	 
132.85715	 -74.33698	 1	 39468	 
137.14285	 -74.33698	 1	 39469	 
141.42857	 -74.33698	 1	 39470	 
145.71428	 -74.33698	 1	 39471	 
150.00000	 -74.33698	 1	 39472	 
154.28572	 -74.33698	 1	 39473	 
158.57143	 -74.33698	 1	 39474	 
162.85715	 -74.33698	 1	 39475	 
-128.57143	 -74.33698	 1	 39491	 
-124.28572	 -74.33698	 1	 39492	 
-120.00000	 -74.33698	 1	 39493	 
-115.71428	 -74.33698	 1	 39494	 
-111.42857	 -74.33698	 1	 39495	 
-98.57144	 -74.33698	 1	 39498	 
-94.28571	 -74.33698	 1	 39499	 
-90.00000	 -74.33698	 1	 39500	 
-85.71429	 -74.33698	 1	 39501	 
-81.42856	 -74.33698	 1	 39502	 
-77.14285	 -74.33698	 1	 39503	 
-72.85715	 -74.33698	 1	 39504	 
-68.57144	 -74.33698	 1	 39505	 
-64.28571	 -74.33698	 1	 39506	 
-25.71429	 -74.33698	 1	 39515	 
-21.42856	 -74.33698	 1	 39516	 
-17.14285	 -74.33698	 1	 39517	 
-12.85715	 -74.33698	 1	 39518	 
-8.57144	 -74.33698	 1	 39519	 
-4.28571	 -74.33698	 1	 39520	 
 0.00000	 -75.27200	 1	 39521	 
 4.50000	 -75.27200	 1	 39522	 
 9.00000	 -75.27200	 1	 39523	 
13.50000	 -75.27200	 1	 39524	 
18.00000	 -75.27200	 1	 39525	 
22.50000	 -75.27200	 1	 39526	 
27.00000	 -75.27200	 1	 39527	 
31.50000	 -75.27200	 1	 39528	 
36.00000	 -75.27200	 1	 39529	 
40.50000	 -75.27200	 1	 39530	 
45.00000	 -75.27200	 1	 39531	 
49.50000	 -75.27200	 1	 39532	 
54.00000	 -75.27200	 1	 39533	 
58.50000	 -75.27200	 1	 39534	 
63.00000	 -75.27200	 1	 39535	 
67.50000	 -75.27200	 1	 39536	 
72.00000	 -75.27200	 1	 39537	 
76.50000	 -75.27200	 1	 39538	 
81.00000	 -75.27200	 1	 39539	 
85.50000	 -75.27200	 1	 39540	 
90.00000	 -75.27200	 1	 39541	 
94.50000	 -75.27200	 1	 39542	 
99.00000	 -75.27200	 1	 39543	 
103.50000	 -75.27200	 1	 39544	 
108.00000	 -75.27200	 1	 39545	 
112.50000	 -75.27200	 1	 39546	 
117.00000	 -75.27200	 1	 39547	 
121.50000	 -75.27200	 1	 39548	 
126.00000	 -75.27200	 1	 39549	 
130.50000	 -75.27200	 1	 39550	 
135.00000	 -75.27200	 1	 39551	 
139.50000	 -75.27200	 1	 39552	 
144.00000	 -75.27200	 1	 39553	 
148.50000	 -75.27200	 1	 39554	 
153.00000	 -75.27200	 1	 39555	 
157.50000	 -75.27200	 1	 39556	 
162.00000	 -75.27200	 1	 39557	 
-135.00000	 -75.27200	 1	 39571	 
-130.50000	 -75.27200	 1	 39572	 
-126.00000	 -75.27200	 1	 39573	 
-121.50000	 -75.27200	 1	 39574	 
-117.00000	 -75.27200	 1	 39575	 
-112.50000	 -75.27200	 1	 39576	 
-108.00000	 -75.27200	 1	 39577	 
-103.50000	 -75.27200	 1	 39578	 
-99.00000	 -75.27200	 1	 39579	 
-94.50000	 -75.27200	 1	 39580	 
-90.00000	 -75.27200	 1	 39581	 
-85.50000	 -75.27200	 1	 39582	 
-81.00000	 -75.27200	 1	 39583	 
-76.50000	 -75.27200	 1	 39584	 
-72.00000	 -75.27200	 1	 39585	 
-67.50000	 -75.27200	 1	 39586	 
-63.00000	 -75.27200	 1	 39587	 
-22.50000	 -75.27200	 1	 39596	 
-18.00000	 -75.27200	 1	 39597	 
-13.50000	 -75.27200	 1	 39598	 
-9.00000	 -75.27200	 1	 39599	 
-4.50000	 -75.27200	 1	 39600	 
 0.00000	 -76.20701	 1	 39601	 
 4.73684	 -76.20701	 1	 39602	 
 9.47368	 -76.20701	 1	 39603	 
14.21053	 -76.20701	 1	 39604	 
18.94737	 -76.20701	 1	 39605	 
23.68421	 -76.20701	 1	 39606	 
28.42105	 -76.20701	 1	 39607	 
33.15789	 -76.20701	 1	 39608	 
37.89474	 -76.20701	 1	 39609	 
42.63158	 -76.20701	 1	 39610	 
47.36842	 -76.20701	 1	 39611	 
52.10526	 -76.20701	 1	 39612	 
56.84211	 -76.20701	 1	 39613	 
61.57895	 -76.20701	 1	 39614	 
66.31579	 -76.20701	 1	 39615	 
71.05264	 -76.20701	 1	 39616	 
75.78947	 -76.20701	 1	 39617	 
80.52631	 -76.20701	 1	 39618	 
85.26316	 -76.20701	 1	 39619	 
90.00000	 -76.20701	 1	 39620	 
94.73684	 -76.20701	 1	 39621	 
99.47369	 -76.20701	 1	 39622	 
104.21053	 -76.20701	 1	 39623	 
108.94736	 -76.20701	 1	 39624	 
113.68421	 -76.20701	 1	 39625	 
118.42105	 -76.20701	 1	 39626	 
123.15790	 -76.20701	 1	 39627	 
127.89474	 -76.20701	 1	 39628	 
132.63158	 -76.20701	 1	 39629	 
137.36842	 -76.20701	 1	 39630	 
142.10527	 -76.20701	 1	 39631	 
146.84210	 -76.20701	 1	 39632	 
151.57895	 -76.20701	 1	 39633	 
156.31580	 -76.20701	 1	 39634	 
161.05263	 -76.20701	 1	 39635	 
-146.84210	 -76.20701	 1	 39646	 
-142.10527	 -76.20701	 1	 39647	 
-137.36842	 -76.20701	 1	 39648	 
-132.63158	 -76.20701	 1	 39649	 
-127.89473	 -76.20701	 1	 39650	 
-123.15790	 -76.20701	 1	 39651	 
-118.42105	 -76.20701	 1	 39652	 
-113.68420	 -76.20701	 1	 39653	 
-108.94737	 -76.20701	 1	 39654	 
-104.21053	 -76.20701	 1	 39655	 
-99.47369	 -76.20701	 1	 39656	 
-94.73685	 -76.20701	 1	 39657	 
-90.00000	 -76.20701	 1	 39658	 
-85.26315	 -76.20701	 1	 39659	 
-80.52631	 -76.20701	 1	 39660	 
-75.78946	 -76.20701	 1	 39661	 
-71.05264	 -76.20701	 1	 39662	 
-66.31580	 -76.20701	 1	 39663	 
-61.57895	 -76.20701	 1	 39664	 
-56.84210	 -76.20701	 1	 39665	 
-23.68420	 -76.20701	 1	 39672	 
-18.94736	 -76.20701	 1	 39673	 
-14.21054	 -76.20701	 1	 39674	 
-9.47369	 -76.20701	 1	 39675	 
-4.73685	 -76.20701	 1	 39676	 
 0.00000	 -77.14201	 1	 39677	 
 5.00000	 -77.14201	 1	 39678	 
10.00000	 -77.14201	 1	 39679	 
15.00000	 -77.14201	 1	 39680	 
20.00000	 -77.14201	 1	 39681	 
25.00000	 -77.14201	 1	 39682	 
30.00000	 -77.14201	 1	 39683	 
35.00000	 -77.14201	 1	 39684	 
40.00000	 -77.14201	 1	 39685	 
45.00000	 -77.14201	 1	 39686	 
50.00000	 -77.14201	 1	 39687	 
55.00000	 -77.14201	 1	 39688	 
60.00000	 -77.14201	 1	 39689	 
65.00000	 -77.14201	 1	 39690	 
70.00000	 -77.14201	 1	 39691	 
75.00000	 -77.14201	 1	 39692	 
80.00000	 -77.14201	 1	 39693	 
85.00000	 -77.14201	 1	 39694	 
90.00000	 -77.14201	 1	 39695	 
95.00000	 -77.14201	 1	 39696	 
100.00000	 -77.14201	 1	 39697	 
105.00000	 -77.14201	 1	 39698	 
110.00000	 -77.14201	 1	 39699	 
115.00000	 -77.14201	 1	 39700	 
120.00000	 -77.14201	 1	 39701	 
125.00000	 -77.14201	 1	 39702	 
130.00000	 -77.14201	 1	 39703	 
135.00000	 -77.14201	 1	 39704	 
140.00000	 -77.14201	 1	 39705	 
145.00000	 -77.14201	 1	 39706	 
150.00000	 -77.14201	 1	 39707	 
155.00000	 -77.14201	 1	 39708	 
160.00000	 -77.14201	 1	 39709	 
-155.00000	 -77.14201	 1	 39718	 
-150.00000	 -77.14201	 1	 39719	 
-145.00000	 -77.14201	 1	 39720	 
-140.00000	 -77.14201	 1	 39721	 
-135.00000	 -77.14201	 1	 39722	 
-130.00000	 -77.14201	 1	 39723	 
-125.00000	 -77.14201	 1	 39724	 
-120.00000	 -77.14201	 1	 39725	 
-115.00000	 -77.14201	 1	 39726	 
-110.00000	 -77.14201	 1	 39727	 
-105.00000	 -77.14201	 1	 39728	 
-100.00000	 -77.14201	 1	 39729	 
-95.00000	 -77.14201	 1	 39730	 
-90.00000	 -77.14201	 1	 39731	 
-85.00000	 -77.14201	 1	 39732	 
-80.00000	 -77.14201	 1	 39733	 
-75.00000	 -77.14201	 1	 39734	 
-70.00000	 -77.14201	 1	 39735	 
-65.00000	 -77.14201	 1	 39736	 
-60.00000	 -77.14201	 1	 39737	 
-55.00000	 -77.14201	 1	 39738	 
-50.00000	 -77.14201	 1	 39739	 
-30.00000	 -77.14201	 1	 39743	 
-25.00000	 -77.14201	 1	 39744	 
-20.00000	 -77.14201	 1	 39745	 
-15.00000	 -77.14201	 1	 39746	 
-10.00000	 -77.14201	 1	 39747	 
-5.00000	 -77.14201	 1	 39748	 
 0.00000	 -78.07700	 1	 39749	 
 5.29412	 -78.07700	 1	 39750	 
10.58823	 -78.07700	 1	 39751	 
15.88235	 -78.07700	 1	 39752	 
21.17647	 -78.07700	 1	 39753	 
26.47059	 -78.07700	 1	 39754	 
31.76471	 -78.07700	 1	 39755	 
37.05882	 -78.07700	 1	 39756	 
42.35294	 -78.07700	 1	 39757	 
47.64706	 -78.07700	 1	 39758	 
52.94118	 -78.07700	 1	 39759	 
58.23529	 -78.07700	 1	 39760	 
63.52941	 -78.07700	 1	 39761	 
68.82353	 -78.07700	 1	 39762	 
74.11765	 -78.07700	 1	 39763	 
79.41177	 -78.07700	 1	 39764	 
84.70588	 -78.07700	 1	 39765	 
90.00000	 -78.07700	 1	 39766	 
95.29412	 -78.07700	 1	 39767	 
100.58823	 -78.07700	 1	 39768	 
105.88235	 -78.07700	 1	 39769	 
111.17647	 -78.07700	 1	 39770	 
116.47059	 -78.07700	 1	 39771	 
121.76471	 -78.07700	 1	 39772	 
127.05882	 -78.07700	 1	 39773	 
132.35294	 -78.07700	 1	 39774	 
137.64706	 -78.07700	 1	 39775	 
142.94118	 -78.07700	 1	 39776	 
148.23529	 -78.07700	 1	 39777	 
153.52942	 -78.07700	 1	 39778	 
158.82353	 -78.07700	 1	 39779	 
164.11765	 -78.07700	 1	 39780	 
169.41176	 -78.07700	 1	 39781	 
174.70589	 -78.07700	 1	 39782	 
-180.00000	 -78.07700	 1	 39783	 
-174.70589	 -78.07700	 1	 39784	 
-158.82353	 -78.07700	 1	 39787	 
-153.52942	 -78.07700	 1	 39788	 
-148.23529	 -78.07700	 1	 39789	 
-142.94118	 -78.07700	 1	 39790	 
-137.64706	 -78.07700	 1	 39791	 
-132.35294	 -78.07700	 1	 39792	 
-127.05882	 -78.07700	 1	 39793	 
-121.76471	 -78.07700	 1	 39794	 
-116.47058	 -78.07700	 1	 39795	 
-111.17647	 -78.07700	 1	 39796	 
-105.88235	 -78.07700	 1	 39797	 
-100.58823	 -78.07700	 1	 39798	 
-95.29413	 -78.07700	 1	 39799	 
-90.00000	 -78.07700	 1	 39800	 
-84.70587	 -78.07700	 1	 39801	 
-79.41177	 -78.07700	 1	 39802	 
-74.11765	 -78.07700	 1	 39803	 
-68.82352	 -78.07700	 1	 39804	 
-63.52942	 -78.07700	 1	 39805	 
-58.23529	 -78.07700	 1	 39806	 
-52.94116	 -78.07700	 1	 39807	 
-47.64706	 -78.07700	 1	 39808	 
-42.35294	 -78.07700	 1	 39809	 
-31.76471	 -78.07700	 1	 39811	 
-26.47058	 -78.07700	 1	 39812	 
-21.17648	 -78.07700	 1	 39813	 
-15.88235	 -78.07700	 1	 39814	 
-10.58823	 -78.07700	 1	 39815	 
-5.29413	 -78.07700	 1	 39816	 
 0.00000	 -79.01199	 1	 39817	 
 5.62500	 -79.01199	 1	 39818	 
11.25000	 -79.01199	 1	 39819	 
16.87500	 -79.01199	 1	 39820	 
22.50000	 -79.01199	 1	 39821	 
28.12500	 -79.01199	 1	 39822	 
33.75000	 -79.01199	 1	 39823	 
39.37500	 -79.01199	 1	 39824	 
45.00000	 -79.01199	 1	 39825	 
50.62500	 -79.01199	 1	 39826	 
56.25000	 -79.01199	 1	 39827	 
61.87500	 -79.01199	 1	 39828	 
67.50000	 -79.01199	 1	 39829	 
73.12500	 -79.01199	 1	 39830	 
78.75000	 -79.01199	 1	 39831	 
84.37500	 -79.01199	 1	 39832	 
90.00000	 -79.01199	 1	 39833	 
95.62500	 -79.01199	 1	 39834	 
101.25000	 -79.01199	 1	 39835	 
106.87500	 -79.01199	 1	 39836	 
112.50000	 -79.01199	 1	 39837	 
118.12500	 -79.01199	 1	 39838	 
123.75000	 -79.01199	 1	 39839	 
129.37500	 -79.01199	 1	 39840	 
135.00000	 -79.01199	 1	 39841	 
140.62500	 -79.01199	 1	 39842	 
146.25000	 -79.01199	 1	 39843	 
151.87500	 -79.01199	 1	 39844	 
157.50000	 -79.01199	 1	 39845	 
163.12500	 -79.01199	 1	 39846	 
168.75000	 -79.01199	 1	 39847	 
174.37500	 -79.01199	 1	 39848	 
-180.00000	 -79.01199	 1	 39849	 
-174.37500	 -79.01199	 1	 39850	 
-168.75000	 -79.01199	 1	 39851	 
-163.12500	 -79.01199	 1	 39852	 
-157.50000	 -79.01199	 1	 39853	 
-151.87500	 -79.01199	 1	 39854	 
-146.25000	 -79.01199	 1	 39855	 
-140.62500	 -79.01199	 1	 39856	 
-135.00000	 -79.01199	 1	 39857	 
-129.37500	 -79.01199	 1	 39858	 
-123.75000	 -79.01199	 1	 39859	 
-118.12500	 -79.01199	 1	 39860	 
-112.50000	 -79.01199	 1	 39861	 
-106.87500	 -79.01199	 1	 39862	 
-101.25000	 -79.01199	 1	 39863	 
-95.62500	 -79.01199	 1	 39864	 
-90.00000	 -79.01199	 1	 39865	 
-84.37500	 -79.01199	 1	 39866	 
-78.75000	 -79.01199	 1	 39867	 
-73.12500	 -79.01199	 1	 39868	 
-67.50000	 -79.01199	 1	 39869	 
-61.87500	 -79.01199	 1	 39870	 
-56.25000	 -79.01199	 1	 39871	 
-50.62500	 -79.01199	 1	 39872	 
-45.00000	 -79.01199	 1	 39873	 
-39.37500	 -79.01199	 1	 39874	 
-33.75000	 -79.01199	 1	 39875	 
-28.12500	 -79.01199	 1	 39876	 
-22.50000	 -79.01199	 1	 39877	 
-16.87500	 -79.01199	 1	 39878	 
-11.25000	 -79.01199	 1	 39879	 
-5.62500	 -79.01199	 1	 39880	 
 0.00000	 -79.94696	 1	 39881	 
 6.00000	 -79.94696	 1	 39882	 
12.00000	 -79.94696	 1	 39883	 
18.00000	 -79.94696	 1	 39884	 
24.00000	 -79.94696	 1	 39885	 
30.00000	 -79.94696	 1	 39886	 
36.00000	 -79.94696	 1	 39887	 
42.00000	 -79.94696	 1	 39888	 
48.00000	 -79.94696	 1	 39889	 
54.00000	 -79.94696	 1	 39890	 
60.00000	 -79.94696	 1	 39891	 
66.00000	 -79.94696	 1	 39892	 
72.00000	 -79.94696	 1	 39893	 
78.00000	 -79.94696	 1	 39894	 
84.00000	 -79.94696	 1	 39895	 
90.00000	 -79.94696	 1	 39896	 
96.00000	 -79.94696	 1	 39897	 
102.00000	 -79.94696	 1	 39898	 
108.00000	 -79.94696	 1	 39899	 
114.00000	 -79.94696	 1	 39900	 
120.00000	 -79.94696	 1	 39901	 
126.00000	 -79.94696	 1	 39902	 
132.00000	 -79.94696	 1	 39903	 
138.00000	 -79.94696	 1	 39904	 
144.00000	 -79.94696	 1	 39905	 
150.00000	 -79.94696	 1	 39906	 
156.00000	 -79.94696	 1	 39907	 
162.00000	 -79.94696	 1	 39908	 
168.00000	 -79.94696	 1	 39909	 
174.00000	 -79.94696	 1	 39910	 
-180.00000	 -79.94696	 1	 39911	 
-174.00000	 -79.94696	 1	 39912	 
-168.00000	 -79.94696	 1	 39913	 
-162.00000	 -79.94696	 1	 39914	 
-156.00000	 -79.94696	 1	 39915	 
-150.00000	 -79.94696	 1	 39916	 
-144.00000	 -79.94696	 1	 39917	 
-138.00000	 -79.94696	 1	 39918	 
-132.00000	 -79.94696	 1	 39919	 
-126.00000	 -79.94696	 1	 39920	 
-120.00000	 -79.94696	 1	 39921	 
-114.00000	 -79.94696	 1	 39922	 
-108.00000	 -79.94696	 1	 39923	 
-102.00000	 -79.94696	 1	 39924	 
-96.00000	 -79.94696	 1	 39925	 
-90.00000	 -79.94696	 1	 39926	 
-84.00000	 -79.94696	 1	 39927	 
-78.00000	 -79.94696	 1	 39928	 
-72.00000	 -79.94696	 1	 39929	 
-66.00000	 -79.94696	 1	 39930	 
-60.00000	 -79.94696	 1	 39931	 
-54.00000	 -79.94696	 1	 39932	 
-48.00000	 -79.94696	 1	 39933	 
-42.00000	 -79.94696	 1	 39934	 
-36.00000	 -79.94696	 1	 39935	 
-30.00000	 -79.94696	 1	 39936	 
-24.00000	 -79.94696	 1	 39937	 
-18.00000	 -79.94696	 1	 39938	 
-12.00000	 -79.94696	 1	 39939	 
-6.00000	 -79.94696	 1	 39940	 
 0.00000	 -80.88191	 1	 39941	 
 6.42857	 -80.88191	 1	 39942	 
12.85714	 -80.88191	 1	 39943	 
19.28572	 -80.88191	 1	 39944	 
25.71428	 -80.88191	 1	 39945	 
32.14286	 -80.88191	 1	 39946	 
38.57143	 -80.88191	 1	 39947	 
45.00000	 -80.88191	 1	 39948	 
51.42857	 -80.88191	 1	 39949	 
57.85714	 -80.88191	 1	 39950	 
64.28571	 -80.88191	 1	 39951	 
70.71429	 -80.88191	 1	 39952	 
77.14286	 -80.88191	 1	 39953	 
83.57143	 -80.88191	 1	 39954	 
90.00000	 -80.88191	 1	 39955	 
96.42857	 -80.88191	 1	 39956	 
102.85714	 -80.88191	 1	 39957	 
109.28571	 -80.88191	 1	 39958	 
115.71429	 -80.88191	 1	 39959	 
122.14286	 -80.88191	 1	 39960	 
128.57143	 -80.88191	 1	 39961	 
135.00000	 -80.88191	 1	 39962	 
141.42857	 -80.88191	 1	 39963	 
147.85715	 -80.88191	 1	 39964	 
154.28572	 -80.88191	 1	 39965	 
160.71428	 -80.88191	 1	 39966	 
167.14285	 -80.88191	 1	 39967	 
173.57143	 -80.88191	 1	 39968	 
-180.00000	 -80.88191	 1	 39969	 
-173.57143	 -80.88191	 1	 39970	 
-167.14285	 -80.88191	 1	 39971	 
-160.71428	 -80.88191	 1	 39972	 
-154.28572	 -80.88191	 1	 39973	 
-147.85715	 -80.88191	 1	 39974	 
-141.42857	 -80.88191	 1	 39975	 
-135.00000	 -80.88191	 1	 39976	 
-128.57143	 -80.88191	 1	 39977	 
-122.14285	 -80.88191	 1	 39978	 
-115.71428	 -80.88191	 1	 39979	 
-109.28572	 -80.88191	 1	 39980	 
-102.85715	 -80.88191	 1	 39981	 
-96.42856	 -80.88191	 1	 39982	 
-90.00000	 -80.88191	 1	 39983	 
-83.57144	 -80.88191	 1	 39984	 
-77.14285	 -80.88191	 1	 39985	 
-70.71429	 -80.88191	 1	 39986	 
-64.28571	 -80.88191	 1	 39987	 
-57.85715	 -80.88191	 1	 39988	 
-51.42856	 -80.88191	 1	 39989	 
-45.00000	 -80.88191	 1	 39990	 
-38.57144	 -80.88191	 1	 39991	 
-32.14285	 -80.88191	 1	 39992	 
-25.71429	 -80.88191	 1	 39993	 
-19.28571	 -80.88191	 1	 39994	 
-12.85715	 -80.88191	 1	 39995	 
-6.42856	 -80.88191	 1	 39996	 
 0.00000	 -81.81684	 1	 39997	 
 6.92308	 -81.81684	 1	 39998	 
13.84615	 -81.81684	 1	 39999	 
20.76923	 -81.81684	 1	 40000	 
27.69231	 -81.81684	 1	 40001	 
34.61538	 -81.81684	 1	 40002	 
41.53846	 -81.81684	 1	 40003	 
48.46154	 -81.81684	 1	 40004	 
55.38462	 -81.81684	 1	 40005	 
62.30769	 -81.81684	 1	 40006	 
69.23077	 -81.81684	 1	 40007	 
76.15385	 -81.81684	 1	 40008	 
83.07692	 -81.81684	 1	 40009	 
90.00000	 -81.81684	 1	 40010	 
96.92308	 -81.81684	 1	 40011	 
103.84615	 -81.81684	 1	 40012	 
110.76923	 -81.81684	 1	 40013	 
117.69231	 -81.81684	 1	 40014	 
124.61539	 -81.81684	 1	 40015	 
131.53847	 -81.81684	 1	 40016	 
138.46153	 -81.81684	 1	 40017	 
145.38461	 -81.81684	 1	 40018	 
152.30769	 -81.81684	 1	 40019	 
159.23077	 -81.81684	 1	 40020	 
166.15384	 -81.81684	 1	 40021	 
173.07692	 -81.81684	 1	 40022	 
-180.00000	 -81.81684	 1	 40023	 
-173.07692	 -81.81684	 1	 40024	 
-166.15384	 -81.81684	 1	 40025	 
-159.23077	 -81.81684	 1	 40026	 
-152.30769	 -81.81684	 1	 40027	 
-145.38461	 -81.81684	 1	 40028	 
-138.46153	 -81.81684	 1	 40029	 
-131.53847	 -81.81684	 1	 40030	 
-124.61539	 -81.81684	 1	 40031	 
-117.69231	 -81.81684	 1	 40032	 
-110.76923	 -81.81684	 1	 40033	 
-103.84616	 -81.81684	 1	 40034	 
-96.92307	 -81.81684	 1	 40035	 
-90.00000	 -81.81684	 1	 40036	 
-83.07693	 -81.81684	 1	 40037	 
-76.15384	 -81.81684	 1	 40038	 
-69.23077	 -81.81684	 1	 40039	 
-62.30768	 -81.81684	 1	 40040	 
-55.38461	 -81.81684	 1	 40041	 
-48.46155	 -81.81684	 1	 40042	 
-41.53845	 -81.81684	 1	 40043	 
-34.61539	 -81.81684	 1	 40044	 
-27.69232	 -81.81684	 1	 40045	 
-20.76923	 -81.81684	 1	 40046	 
-13.84616	 -81.81684	 1	 40047	 
-6.92307	 -81.81684	 1	 40048	 
 0.00000	 -82.75172	 1	 40049	 
 7.50000	 -82.75172	 1	 40050	 
15.00000	 -82.75172	 1	 40051	 
22.50000	 -82.75172	 1	 40052	 
30.00000	 -82.75172	 1	 40053	 
37.50000	 -82.75172	 1	 40054	 
45.00000	 -82.75172	 1	 40055	 
52.50000	 -82.75172	 1	 40056	 
60.00000	 -82.75172	 1	 40057	 
67.50000	 -82.75172	 1	 40058	 
75.00000	 -82.75172	 1	 40059	 
82.50000	 -82.75172	 1	 40060	 
90.00000	 -82.75172	 1	 40061	 
97.50000	 -82.75172	 1	 40062	 
105.00000	 -82.75172	 1	 40063	 
112.50000	 -82.75172	 1	 40064	 
120.00000	 -82.75172	 1	 40065	 
127.50000	 -82.75172	 1	 40066	 
135.00000	 -82.75172	 1	 40067	 
142.50000	 -82.75172	 1	 40068	 
150.00000	 -82.75172	 1	 40069	 
157.50000	 -82.75172	 1	 40070	 
165.00000	 -82.75172	 1	 40071	 
172.50000	 -82.75172	 1	 40072	 
-180.00000	 -82.75172	 1	 40073	 
-172.50000	 -82.75172	 1	 40074	 
-165.00000	 -82.75172	 1	 40075	 
-157.50000	 -82.75172	 1	 40076	 
-150.00000	 -82.75172	 1	 40077	 
-142.50000	 -82.75172	 1	 40078	 
-135.00000	 -82.75172	 1	 40079	 
-127.50000	 -82.75172	 1	 40080	 
-120.00000	 -82.75172	 1	 40081	 
-112.50000	 -82.75172	 1	 40082	 
-105.00000	 -82.75172	 1	 40083	 
-97.50000	 -82.75172	 1	 40084	 
-90.00000	 -82.75172	 1	 40085	 
-82.50000	 -82.75172	 1	 40086	 
-75.00000	 -82.75172	 1	 40087	 
-67.50000	 -82.75172	 1	 40088	 
-60.00000	 -82.75172	 1	 40089	 
-52.50000	 -82.75172	 1	 40090	 
-45.00000	 -82.75172	 1	 40091	 
-37.50000	 -82.75172	 1	 40092	 
-30.00000	 -82.75172	 1	 40093	 
-22.50000	 -82.75172	 1	 40094	 
-15.00000	 -82.75172	 1	 40095	 
-7.50000	 -82.75172	 1	 40096	 
 0.00000	 -83.68657	 1	 40097	 
 8.18182	 -83.68657	 1	 40098	 
16.36364	 -83.68657	 1	 40099	 
24.54545	 -83.68657	 1	 40100	 
32.72727	 -83.68657	 1	 40101	 
40.90909	 -83.68657	 1	 40102	 
49.09091	 -83.68657	 1	 40103	 
57.27273	 -83.68657	 1	 40104	 
65.45454	 -83.68657	 1	 40105	 
73.63636	 -83.68657	 1	 40106	 
81.81818	 -83.68657	 1	 40107	 
90.00000	 -83.68657	 1	 40108	 
98.18182	 -83.68657	 1	 40109	 
106.36364	 -83.68657	 1	 40110	 
114.54546	 -83.68657	 1	 40111	 
122.72727	 -83.68657	 1	 40112	 
130.90909	 -83.68657	 1	 40113	 
139.09091	 -83.68657	 1	 40114	 
147.27272	 -83.68657	 1	 40115	 
155.45454	 -83.68657	 1	 40116	 
163.63637	 -83.68657	 1	 40117	 
171.81818	 -83.68657	 1	 40118	 
-180.00000	 -83.68657	 1	 40119	 
-171.81818	 -83.68657	 1	 40120	 
-163.63637	 -83.68657	 1	 40121	 
-155.45454	 -83.68657	 1	 40122	 
-147.27272	 -83.68657	 1	 40123	 
-139.09091	 -83.68657	 1	 40124	 
-130.90909	 -83.68657	 1	 40125	 
-122.72728	 -83.68657	 1	 40126	 
-114.54546	 -83.68657	 1	 40127	 
-106.36363	 -83.68657	 1	 40128	 
-98.18182	 -83.68657	 1	 40129	 
-90.00000	 -83.68657	 1	 40130	 
-81.81818	 -83.68657	 1	 40131	 
-73.63635	 -83.68657	 1	 40132	 
-65.45456	 -83.68657	 1	 40133	 
-57.27274	 -83.68657	 1	 40134	 
-49.09091	 -83.68657	 1	 40135	 
-40.90909	 -83.68657	 1	 40136	 
-32.72726	 -83.68657	 1	 40137	 
-24.54544	 -83.68657	 1	 40138	 
-16.36365	 -83.68657	 1	 40139	 
-8.18182	 -83.68657	 1	 40140	 
 0.00000	 -84.62133	 1	 40141	 
 9.00000	 -84.62133	 1	 40142	 
18.00000	 -84.62133	 1	 40143	 
27.00000	 -84.62133	 1	 40144	 
36.00000	 -84.62133	 1	 40145	 
45.00000	 -84.62133	 1	 40146	 
54.00000	 -84.62133	 1	 40147	 
63.00000	 -84.62133	 1	 40148	 
72.00000	 -84.62133	 1	 40149	 
81.00000	 -84.62133	 1	 40150	 
90.00000	 -84.62133	 1	 40151	 
99.00000	 -84.62133	 1	 40152	 
108.00000	 -84.62133	 1	 40153	 
117.00000	 -84.62133	 1	 40154	 
126.00000	 -84.62133	 1	 40155	 
135.00000	 -84.62133	 1	 40156	 
144.00000	 -84.62133	 1	 40157	 
153.00000	 -84.62133	 1	 40158	 
162.00000	 -84.62133	 1	 40159	 
171.00000	 -84.62133	 1	 40160	 
-180.00000	 -84.62133	 1	 40161	 
-171.00000	 -84.62133	 1	 40162	 
-162.00000	 -84.62133	 1	 40163	 
-153.00000	 -84.62133	 1	 40164	 
-144.00000	 -84.62133	 1	 40165	 
-135.00000	 -84.62133	 1	 40166	 
-126.00000	 -84.62133	 1	 40167	 
-117.00000	 -84.62133	 1	 40168	 
-108.00000	 -84.62133	 1	 40169	 
-99.00000	 -84.62133	 1	 40170	 
-90.00000	 -84.62133	 1	 40171	 
-81.00000	 -84.62133	 1	 40172	 
-72.00000	 -84.62133	 1	 40173	 
-63.00000	 -84.62133	 1	 40174	 
-54.00000	 -84.62133	 1	 40175	 
-45.00000	 -84.62133	 1	 40176	 
-36.00000	 -84.62133	 1	 40177	 
-27.00000	 -84.62133	 1	 40178	 
-18.00000	 -84.62133	 1	 40179	 
-9.00000	 -84.62133	 1	 40180	 
 0.00000	 -85.55596	 1	 40181	 
10.00000	 -85.55596	 1	 40182	 
20.00000	 -85.55596	 1	 40183	 
30.00000	 -85.55596	 1	 40184	 
40.00000	 -85.55596	 1	 40185	 
50.00000	 -85.55596	 1	 40186	 
60.00000	 -85.55596	 1	 40187	 
70.00000	 -85.55596	 1	 40188	 
80.00000	 -85.55596	 1	 40189	 
90.00000	 -85.55596	 1	 40190	 
100.00000	 -85.55596	 1	 40191	 
110.00000	 -85.55596	 1	 40192	 
120.00000	 -85.55596	 1	 40193	 
130.00000	 -85.55596	 1	 40194	 
140.00000	 -85.55596	 1	 40195	 
150.00000	 -85.55596	 1	 40196	 
160.00000	 -85.55596	 1	 40197	 
170.00000	 -85.55596	 1	 40198	 
-180.00000	 -85.55596	 1	 40199	 
-170.00000	 -85.55596	 1	 40200	 
-160.00000	 -85.55596	 1	 40201	 
-150.00000	 -85.55596	 1	 40202	 
-140.00000	 -85.55596	 1	 40203	 
-130.00000	 -85.55596	 1	 40204	 
-120.00000	 -85.55596	 1	 40205	 
-110.00000	 -85.55596	 1	 40206	 
-100.00000	 -85.55596	 1	 40207	 
-90.00000	 -85.55596	 1	 40208	 
-80.00000	 -85.55596	 1	 40209	 
-70.00000	 -85.55596	 1	 40210	 
-60.00000	 -85.55596	 1	 40211	 
-50.00000	 -85.55596	 1	 40212	 
-40.00000	 -85.55596	 1	 40213	 
-30.00000	 -85.55596	 1	 40214	 
-20.00000	 -85.55596	 1	 40215	 
-10.00000	 -85.55596	 1	 40216	 
 0.00000	 -86.49036	 1	 40217	 
11.25000	 -86.49036	 1	 40218	 
22.50000	 -86.49036	 1	 40219	 
33.75000	 -86.49036	 1	 40220	 
45.00000	 -86.49036	 1	 40221	 
56.25000	 -86.49036	 1	 40222	 
67.50000	 -86.49036	 1	 40223	 
78.75000	 -86.49036	 1	 40224	 
90.00000	 -86.49036	 1	 40225	 
101.25000	 -86.49036	 1	 40226	 
112.50000	 -86.49036	 1	 40227	 
123.75000	 -86.49036	 1	 40228	 
135.00000	 -86.49036	 1	 40229	 
146.25000	 -86.49036	 1	 40230	 
157.50000	 -86.49036	 1	 40231	 
168.75000	 -86.49036	 1	 40232	 
-180.00000	 -86.49036	 1	 40233	 
-168.75000	 -86.49036	 1	 40234	 
-157.50000	 -86.49036	 1	 40235	 
-146.25000	 -86.49036	 1	 40236	 
-135.00000	 -86.49036	 1	 40237	 
-123.75000	 -86.49036	 1	 40238	 
-112.50000	 -86.49036	 1	 40239	 
-101.25000	 -86.49036	 1	 40240	 
-90.00000	 -86.49036	 1	 40241	 
-78.75000	 -86.49036	 1	 40242	 
-67.50000	 -86.49036	 1	 40243	 
-56.25000	 -86.49036	 1	 40244	 
-45.00000	 -86.49036	 1	 40245	 
-33.75000	 -86.49036	 1	 40246	 
-22.50000	 -86.49036	 1	 40247	 
-11.25000	 -86.49036	 1	 40248	 
 0.00000	 -87.42430	 1	 40249	 
12.85714	 -87.42430	 1	 40250	 
25.71428	 -87.42430	 1	 40251	 
38.57143	 -87.42430	 1	 40252	 
51.42857	 -87.42430	 1	 40253	 
64.28571	 -87.42430	 1	 40254	 
77.14286	 -87.42430	 1	 40255	 
90.00000	 -87.42430	 1	 40256	 
102.85714	 -87.42430	 1	 40257	 
115.71429	 -87.42430	 1	 40258	 
128.57143	 -87.42430	 1	 40259	 
141.42857	 -87.42430	 1	 40260	 
154.28572	 -87.42430	 1	 40261	 
167.14285	 -87.42430	 1	 40262	 
-180.00000	 -87.42430	 1	 40263	 
-167.14285	 -87.42430	 1	 40264	 
-154.28572	 -87.42430	 1	 40265	 
-141.42857	 -87.42430	 1	 40266	 
-128.57143	 -87.42430	 1	 40267	 
-115.71428	 -87.42430	 1	 40268	 
-102.85715	 -87.42430	 1	 40269	 
-90.00000	 -87.42430	 1	 40270	 
-77.14285	 -87.42430	 1	 40271	 
-64.28571	 -87.42430	 1	 40272	 
-51.42856	 -87.42430	 1	 40273	 
-38.57144	 -87.42430	 1	 40274	 
-25.71429	 -87.42430	 1	 40275	 
-12.85715	 -87.42430	 1	 40276	 
 0.00000	 -88.35700	 1	 40277	 
15.00000	 -88.35700	 1	 40278	 
30.00000	 -88.35700	 1	 40279	 
45.00000	 -88.35700	 1	 40280	 
60.00000	 -88.35700	 1	 40281	 
75.00000	 -88.35700	 1	 40282	 
90.00000	 -88.35700	 1	 40283	 
105.00000	 -88.35700	 1	 40284	 
120.00000	 -88.35700	 1	 40285	 
135.00000	 -88.35700	 1	 40286	 
150.00000	 -88.35700	 1	 40287	 
165.00000	 -88.35700	 1	 40288	 
-180.00000	 -88.35700	 1	 40289	 
-165.00000	 -88.35700	 1	 40290	 
-150.00000	 -88.35700	 1	 40291	 
-135.00000	 -88.35700	 1	 40292	 
-120.00000	 -88.35700	 1	 40293	 
-105.00000	 -88.35700	 1	 40294	 
-90.00000	 -88.35700	 1	 40295	 
-75.00000	 -88.35700	 1	 40296	 
-60.00000	 -88.35700	 1	 40297	 
-45.00000	 -88.35700	 1	 40298	 
-30.00000	 -88.35700	 1	 40299	 
-15.00000	 -88.35700	 1	 40300	 
 0.00000	 -89.28423	 1	 40301	 
18.00000	 -89.28423	 1	 40302	 
36.00000	 -89.28423	 1	 40303	 
54.00000	 -89.28423	 1	 40304	 
72.00000	 -89.28423	 1	 40305	 
90.00000	 -89.28423	 1	 40306	 
108.00000	 -89.28423	 1	 40307	 
126.00000	 -89.28423	 1	 40308	 
144.00000	 -89.28423	 1	 40309	 
162.00000	 -89.28423	 1	 40310	 
-180.00000	 -89.28423	 1	 40311	 
-162.00000	 -89.28423	 1	 40312	 
-144.00000	 -89.28423	 1	 40313	 
-126.00000	 -89.28423	 1	 40314	 
-108.00000	 -89.28423	 1	 40315	 
-90.00000	 -89.28423	 1	 40316	 
-72.00000	 -89.28423	 1	 40317	 
-54.00000	 -89.28423	 1	 40318	 
-36.00000	 -89.28423	 1	 40319	 
-18.00000	 -89.28423	 1	 40320	 
