Lon Lat SoilCode
-126 65.921646118164062 6
1.875 49.090686798095703 2
86.170211791992188 50.025741577148438 2
-62.02703857421875 -24.779132843017578 2
37.702701568603516 24.779132843017578 2
-120 68.726776123046875 2
11.076923370361328 33.194679260253906 2
90 50.025741577148438 2
-59.6842041015625 5.1428399085998535 3
42.580646514892578 7.012962818145752 2
-114 65.921646118164062 2
13.170731544494629 55.636081695556641 2
95.487808227539062 17.298641204833984 3
-58.18182373046875 -1.4025930166244507 4
46.626506805419922 -16.363580703735352 2
-109.28572082519531 28.519374847412109 2
15.517241477966309 12.623332977294922 2
98.470588684082031 14.493456840515137 4
-56.3636474609375 -1.4025930166244507 4
48.795181274414062 -16.363580703735352 2
-102 65.921646118164062 1
18 -28.519374847412109 2
106.36363983154297 52.830913543701172 2
-50.399993896484375 70.596855163574219 1
54.418605804443359 53.765968322753906 2
-88.571441650390625 35.064800262451172 4
22 -9.8181476593017578 2
113.42465972900391 25.714193344116211 4
-39.89691162109375 -3.2727160453796387 4
68.571426391601562 35.064800262451172 3
-85.344818115234375 39.740100860595703 2
24.375 49.090686798095703 2
118.33333587646484 43.480335235595703 2
-8.571441650390625 15.428518295288086 1
65.172416687011719 39.740100860595703 2
-90 55.636081695556641 6
25.714284896850586 -28.519374847412109 2
118.35616302490234 25.714193344116211 4
-19.6875 64.051551818847656 1
66.122451782226562 48.155628204345703 2
-79.137939453125 39.740100860595703 3
28.285715103149414 61.246402740478516 2
125 43.480335235595703 3
-3.033721923828125 10.753210067749023 2
67.090911865234375 42.545276641845703 6
-90 14.493456840515137 4
28.888889312744141 -18.23370361328125 1
125.60439300537109 -8.883087158203125 2
-1.01123046875 10.753210067749023 2
74.189186096191406 24.779132843017578 2
-80.18182373046875 42.545276641845703 3
31.818181991577148 1.4025930166244507 2
126.52173614501953 -29.454435348510742 3
0 34.129737854003906 2
76.621620178222656 24.779132843017578 4
-76.909088134765625 42.545276641845703 3
31.621622085571289 -24.779132843017578 2
130 60.311347961425781 2
2.1176471710205078 14.493456840515137 1
78.488372802734375 13.558395385742188 3
-76.153839111328125 -8.883087158203125 4
32.727272033691406 63.116500854492188 1
135.46391296386719 -3.2727160453796387 3
5.625 34.129737854003906 2
83.793106079101562 39.740100860595703 6
-69.3975830078125 -16.363580703735352 2
36.206897735595703 12.623332977294922 4
140.74467468261719 -6.0779008865356445 4
14.318181991577148 52.830913543701172 2
92.093025207519531 53.765968322753906 4
-61.63043212890625 -7.9480252265930176 4
40.909091949462891 -1.4025930166244507 2
145 60.311347961425781 2
18.461538314819336 21.038887023925781 1
103.33333587646484 68.726776123046875 2
-61.93548583984375 7.012962818145752 4
50.921051025390625 22.90900993347168 1
-136.55172729492188 66.856689453125 1
20.769229888916016 21.038887023925781 2
107.30769348144531 69.661819458007812 2
-61.23712158203125 3.2727160453796387 3
53.289474487304688 22.90900993347168 1
-115.52238464355469 31.324558258056641 2
22.235294342041016 -14.493456840515137 1
104.65116119384766 53.765968322753906 2
-60 79.94696044921875 1
55.161289215087891 64.986602783203125 2
-112.5 26.649253845214844 2
23.625 19.168764114379883 2
104.59459686279297 59.376296997070312 2
-64.28570556640625 -8.883087158203125 3
50.294116973876953 30.389497756958008 2
-104.31817626953125 52.830913543701172 2
24.827587127685547 66.856689453125 1
109.09091186523438 32.259616851806641 3
-62.20587158203125 -30.389497756958008 4
52.941177368164062 46.285511016845703 4
-100.22726440429688 52.830913543701172 3
25.714284896850586 41.610218048095703 3
111.81818389892578 32.259616851806641 2
-53.814422607421875 3.2727160453796387 4
71.052635192871094 40.675159454345703 2
-97.590362548828125 16.363580703735352 4
25.200000762939453 47.220569610595703 2
119.18918609619141 59.376296997070312 2
-51.958770751953125 3.2727160453796387 4
75.483871459960938 35.999858856201172 1
-93.05084228515625 38.805038452148438 2
32.625 19.168764114379883 2
125.58139801025391 53.765968322753906 2
-45 -2.3376541137695312 3
78.387100219726562 35.999858856201172 3
-88.333343505859375 43.480335235595703 2
32.400001525878906 47.220569610595703 2
128.91891479492188 59.376296997070312 2
-8.399993896484375 23.844070434570312 3
81.290321350097656 35.999858856201172 3
-85 43.480335235595703 1
35.816326141357422 -2.3376541137695312 2
138.64865112304688 -24.779132843017578 1
0 20.103824615478516 2
95.806449890136719 64.986602783203125 2
-76.3636474609375 -1.4025930166244507 4
37.653060913085938 -2.3376541137695312 2
143.11476135253906 -36.934921264648438 2
8.6170215606689453 6.0779008865356445 4
101.07691955566406 33.194679260253906 3
-70.344818115234375 -12.623332977294922 4
41.400001525878906 0.4675309956073761 2
148.80000305175781 -23.844070434570312 4
5.5555553436279297 18.23370361328125 3
99.782608032226562 7.9480252265930176 4
-70.588226318359375 46.285511016845703 2
38.028167724609375 27.584314346313477 1
-160 68.726776123046875 2
1.1842105388641357 22.90900993347168 2
101.78571319580078 15.428518295288086 4
-66.2069091796875 -12.623332977294922 4
40.563381195068359 27.584314346313477 1
-129.70588684082031 62.181453704833984 1
9.1139240264892578 20.103824615478516 2
106.71428680419922 28.519374847412109 4
-63.333343505859375 -18.23370361328125 2
49.090908050537109 32.259616851806641 2
-113.27586364746094 39.740100860595703 3
16.276596069335938 6.0779008865356445 1
110.625 49.090686798095703 2
-57.857147216796875 -28.519374847412109 2
51.818180084228516 32.259616851806641 3
-103.84616088867188 69.661819458007812 2
18.658536911010742 -17.298641204833984 2
114.375 49.090686798095703 2
-52.941162109375 78.077003479003906 1
61.200000762939453 47.220569610595703 1
-97.826080322265625 50.960800170898438 2
20.853658676147461 -17.298641204833984 1
117.69230651855469 33.194679260253906 2
-48.552642822265625 -22.90900993347168 2
64.800003051757812 47.220569610595703 2
-102.85714721679688 35.064800262451172 2
13.636363983154297 1.4025930166244507 4
107.41935729980469 35.999858856201172 2
-49.7872314453125 -6.0779008865356445 4
57.042255401611328 27.584314346313477 2
-98.372100830078125 53.765968322753906 6
17.30769157409668 45.350452423095703 2
111.52173614501953 -7.9480252265930176 3
-47.045440673828125 -11.688272476196289 4
59.0625 64.051551818847656 2
-97.346923828125 48.155628204345703 2
19.090909957885742 -1.4025930166244507 2
113.22580718994141 35.999858856201172 2
-45.46392822265625 -3.2727160453796387 2
64.6875 64.051551818847656 2
-90 53.765968322753906 2
22.021276473999023 -6.0779008865356445 2
118.05194854736328 -21.973947525024414 2
-42.954559326171875 -11.688272476196289 3
68.181816101074219 32.259616851806641 3
-81.81817626953125 32.259616851806641 1
26.086956024169922 -29.454435348510742 3
123.08823394775391 -30.389497756958008 2
-12.857147216796875 15.428518295288086 2
78.75 56.571136474609375 4
-70 68.726776123046875 1
30 18.23370361328125 2
126.92308044433594 57.506191253662109 2
-1.111114501953125 18.23370361328125 2
88.524589538574219 36.934921264648438 3
-70.54052734375 59.376296997070312 2
33.510639190673828 6.0779008865356445 4
139.61538696289062 -21.038887023925781 2
7.0786519050598145 10.753210067749023 2
91.475410461425781 36.934921264648438 3
-72 65.921646118164062 1
30 68.726776123046875 1
132.85714721679688 54.701026916503906 2
5 26.649253845214844 2
92.25 56.571136474609375 2
-70.71429443359375 -2.3376541137695312 3
36.666667938232422 18.23370361328125 2
156.42857360839844 54.701026916503906 2
10.800000190734863 0.4675309956073761 3
87 65.921646118164062 2
-71.632659912109375 48.155628204345703 1
35.625 49.090686798095703 2
160.71427917480469 54.701026916503906 2
12.600000381469727 0.4675309956073761 4
100 26.649253845214844 3
-67.040802001953125 -2.3376541137695312 3
39.473682403564453 40.675159454345703 3
-180 66.856689453125 2
12.5 26.649253845214844 1
99 65.921646118164062 2
-65.593231201171875 -38.805038452148438 3
41.739131927490234 29.454435348510742 3
-136.36363220214844 63.116500854492188 2
13.199999809265137 23.844070434570312 1
95.094337463378906 44.415393829345703 2
-64.47760009765625 -31.324558258056641 2
43.150684356689453 25.714193344116211 2
-120.50846862792969 38.805038452148438 4
15.612244606018066 -2.3376541137695312 1
99.782608032226562 50.960800170898438 2
-59.399993896484375 0.4675309956073761 4
46.914894104003906 6.0779008865356445 2
-116.4705810546875 46.285511016845703 2
19.799999237060547 0.4675309956073761 2
112.13114929199219 36.934921264648438 3
-46.7088623046875 -20.103824615478516 2
54.375 49.090686798095703 2
-110.76922607421875 57.506191253662109 1
24.069766998291016 -13.558395385742188 2
117.55101776123047 2.3376541137695312 3
-42.580657958984375 -7.012962818145752 2
61.071430206298828 67.791732788085938 1
-106.15383911132812 57.506191253662109 1
25.522388458251953 31.324558258056641 2
121.25 -26.649253845214844 1
-40.645172119140625 -7.012962818145752 2
69.428573608398438 61.246402740478516 2
-98.571441650390625 54.701026916503906 6
27.303371429443359 10.753210067749023 2
121.62162017822266 -24.779132843017578 1
-14.625 19.168764114379883 2
76.329116821289062 20.103824615478516 4
-101.91177368164062 30.389497756958008 2
29.508195877075195 36.934921264648438 2
124.52054595947266 -25.714193344116211 2
-46.071441650390625 -15.428518295288086 1
71.052635192871094 58.441242218017578 6
-87.096771240234375 35.999858856201172 4
31.34831428527832 10.753210067749023 4
130 68.726776123046875 2
-36 79.94696044921875 1
75.789474487304688 58.441242218017578 2
-84.19354248046875 35.999858856201172 4
31.034482955932617 66.856689453125 1
133.33332824707031 -18.23370361328125 1
-2.19512939453125 17.298641204833984 1
86.142860412597656 28.519374847412109 3
-77.142852783203125 54.701026916503906 1
33.75 41.610218048095703 2
135.55555725097656 -18.23370361328125 4
0 16.363580703735352 1
93 37.869979858398438 2
-71.590911865234375 -11.688272476196289 4
41.311473846435547 36.934921264648438 3
139.19999694824219 -23.844070434570312 4
4.1860466003417969 13.558395385742188 1
98 51.895858764648438 2
-68.9361572265625 -6.0779008865356445 4
44.262294769287109 36.934921264648438 2
142.75862121582031 -12.623332977294922 3
7.9411764144897461 62.181453704833984 1
99.204544067382812 11.688272476196289 4
-64.7191162109375 -10.753210067749023 4
46.956520080566406 7.9480252265930176 2
173.07691955566406 69.661819458007812 2
13.917526245117188 -3.2727160453796387 2
104.31818389892578 11.688272476196289 4
-61.318695068359375 8.883087158203125 4
48 23.844070434570312 1
-149.0625 64.051551818847656 2
17.532466888427734 21.973947525024414 3
110 51.895858764648438 2
-58 -9.8181476593017578 4
53.114753723144531 36.934921264648438 3
-122.58621215820312 39.740100860595703 2
17.628866195678711 -3.2727160453796387 2
109.03845977783203 45.350452423095703 2
-60.30926513671875 -3.2727160453796387 3
52.799999237060547 23.844070434570312 1
-113.47825622558594 50.960800170898438 2
19.285715103149414 28.519374847412109 1
114.54545593261719 63.116500854492188 6
-55.10205078125 2.3376541137695312 4
55.200000762939453 23.844070434570312 7
-104.02597045898438 21.973947525024414 2
21.857143402099609 28.519374847412109 2
122 51.895858764648438 2
-49.5 -0.4675309956073761 3
68.507461547851562 31.324558258056641 3
-95 60.311347961425781 6
24.428571701049805 28.519374847412109 1
126 51.895858764648438 2
-37.894744873046875 -5.1428399085998535 1
73.536582946777344 17.298641204833984 4
-81.96429443359375 41.610218048095703 2
29.189189910888672 24.779132843017578 2
135.56962585449219 -20.103824615478516 2
-4.33734130859375 16.363580703735352 1
81.5625 34.129737854003906 3
-75.9375 -4.2077779769897461 3
27.551019668579102 2.3376541137695312 4
137.84809875488281 -20.103824615478516 4
-2.168670654296875 16.363580703735352 1
77.926826477050781 17.298641204833984 3
-56.89654541015625 -12.623332977294922 4
45 39.740100860595703 2
-101.42855834960938 35.064800262451172 2
16.363636016845703 -1.4025930166244507 2
110.54347991943359 -7.9480252265930176 4
-48.4615478515625 69.661819458007812 1
54.782608032226562 50.960800170898438 2
-99.183685302734375 48.155628204345703 2
19.148935317993164 -6.0779008865356445 1
111.77419281005859 35.999858856201172 2
-51.600006103515625 -23.844070434570312 4
58.571430206298828 35.064800262451172 2
-95.51019287109375 48.155628204345703 6
21.95121955871582 55.636081695556641 2
116.84210205078125 40.675159454345703 2
-45 -6.0779008865356445 4
62.608695983886719 50.960800170898438 2
-87.906982421875 53.765968322753906 2
24 51.895858764648438 1
119.22077941894531 -21.973947525024414 2
-42.680419921875 -3.2727160453796387 2
69.622642517089844 44.415393829345703 6
-74.70001220703125 0.4675309956073761 3
28 51.895858764648438 2
124.73683929443359 40.675159454345703 2
-6.81817626953125 32.259616851806641 2
81 56.571136474609375 6
-72.857147216796875 -15.428518295288086 2
31.111110687255859 18.23370361328125 2
129.23077392578125 57.506191253662109 2
1.25 26.649253845214844 2
91.25 26.649253845214844 4
-71.16278076171875 53.765968322753906 1
30 29.454435348510742 2
133.84616088867188 57.506191253662109 2
2.4000000953674316 23.844070434570312 3
79.811317443847656 44.415393829345703 3
-73 9.8181476593017578 4
31.578947067260742 40.675159454345703 2
138.46153259277344 57.506191253662109 2
13.54838752746582 -7.012962818145752 4
95.625 64.051551818847656 2
-72.39129638671875 -7.9480252265930176 4
33.75 49.090686798095703 2
158.57142639160156 54.701026916503906 2
11.25 4.2077779769897461 3
98.265304565429688 2.3376541137695312 3
-70.243896484375 55.636081695556641 1
35.526317596435547 22.90900993347168 1
147.69230651855469 -21.038887023925781 3
13.5 0.4675309956073761 4
101.25 26.649253845214844 3
-68.507476806640625 -31.324558258056641 1
40.263156890869141 22.90900993347168 2
-176.89654541015625 66.856689453125 2
12.857142448425293 -2.3376541137695312 2
93.913040161132812 50.960800170898438 2
-66.521728515625 -7.9480252265930176 3
38.297870635986328 -6.0779008865356445 4
-133.63636779785156 63.116500854492188 1
14.399999618530273 23.844070434570312 2
96.792449951171875 44.415393829345703 2
-62.857147216796875 -35.064800262451172 4
45 -24.779132843017578 2
-120 43.480335235595703 3
16.799999237060547 23.844070434570312 2
101.73912811279297 50.960800170898438 2
-60 -35.064800262451172 4
50.526317596435547 40.675159454345703 2
-114.70588684082031 46.285511016845703 2
21.25 26.649253845214844 2
115.54054260253906 -24.779132843017578 2
-43.54840087890625 -7.012962818145752 1
57.857143402099609 67.791732788085938 2
-111.09375 34.129737854003906 3
24.269662857055664 10.753210067749023 1
118.35616302490234 -25.714193344116211 2
-43.2911376953125 -20.103824615478516 2
64.285713195800781 67.791732788085938 2
-103.84616088867188 57.506191253662109 1
26.292135238647461 10.753210067749023 1
120.82191467285156 -25.714193344116211 2
-49.28570556640625 -15.428518295288086 4
70.714286804199219 67.791732788085938 2
-104.11764526367188 46.285511016845703 2
28.636363983154297 52.830913543701172 2
122.83783721923828 -24.779132843017578 1
-41.25 -4.2077779769897461 4
68.684211730957031 58.441242218017578 2
-100.58822631835938 46.285511016845703 2
28.125 4.2077779769897461 4
125.27027130126953 -24.779132843017578 1
-35.80645751953125 -7.012962818145752 3
75.599998474121094 70.596855163574219 3
-87.857147216796875 54.701026916503906 5
29.700000762939453 0.4675309956073761 4
128.21917724609375 -25.714193344116211 2
-9 19.168764114379883 1
78.15789794921875 58.441242218017578 2
-80.52630615234375 40.675159454345703 3
33.599998474121094 23.844070434570312 3
134.44444274902344 -18.23370361328125 4
-8.076934814453125 21.038887023925781 1
82.894737243652344 58.441242218017578 2
-75 54.701026916503906 1
36.404495239257812 10.753210067749023 4
136.66667175292969 -18.23370361328125 1
3.1395349502563477 13.558395385742188 1
96 51.895858764648438 2
-70.71429443359375 54.701026916503906 1
42 23.844070434570312 2
140.39999389648438 -23.844070434570312 4
5.2325582504272461 13.558395385742188 1
96.923080444335938 45.350452423095703 2
-68.522735595703125 -11.688272476196289 4
40.449440002441406 10.753210067749023 2
143.23944091796875 -27.584314346313477 4
10.588234901428223 62.181453704833984 1
102.85713958740234 21.973947525024414 4
-64.948455810546875 -3.2727160453796387 3
46.799999237060547 23.844070434570312 3
166.66667175292969 68.726776123046875 2
14.84536075592041 -3.2727160453796387 1
104.44444274902344 18.23370361328125 4
-58.695648193359375 -29.454435348510742 4
51.63934326171875 36.934921264648438 2
-142.94117736816406 62.181453704833984 1
17.448980331420898 2.3376541137695312 2
107.532470703125 21.973947525024414 3
-61.23712158203125 -3.2727160453796387 3
50.561798095703125 10.753210067749023 2
-121.03448486328125 39.740100860595703 4
18 28.519374847412109 2
111.31578826904297 58.441242218017578 2
-59.210540771484375 -22.90900993347168 3
50 60.311347961425781 2
-111.52174377441406 50.960800170898438 2
16.744186401367188 53.765968322753906 1
116.12903594970703 64.986602783203125 6
-54.183685302734375 2.3376541137695312 4
60.491802215576172 36.934921264648438 2
-102.27273559570312 32.259616851806641 2
22.959182739257812 2.3376541137695312 2
122.72727203369141 63.116500854492188 6
-48.292694091796875 -17.298641204833984 4
69.850746154785156 31.324558258056641 3
-91.111114501953125 18.23370361328125 3
25.116279602050781 53.765968322753906 2
128 51.895858764648438 2
-31.304351806640625 72.4669189453125 1
74.634147644042969 17.298641204833984 4
-80.357147216796875 41.610218048095703 3
30.389610290527344 21.973947525024414 2
139.5 37.869979858398438 2
-23.478271484375 72.4669189453125 2
75.223876953125 31.324558258056641 2
-72.580657958984375 -7.012962818145752 4
30.857143402099609 28.519374847412109 2
149.14285278320312 61.246402740478516 2
-14.5946044921875 24.779132843017578 2
76.153846740722656 21.038887023925781 4
-67.5 -34.129737854003906 1
33 65.921646118164062 1
144.54545593261719 63.116500854492188 2
-4.090911865234375 11.688272476196289 2
80.400001525878906 23.844070434570312 4
-66.521728515625 7.9480252265930176 4
36 33.194679260253906 4
150.96774291992188 64.986602783203125 2
-2.045440673828125 11.688272476196289 2
83.283584594726562 31.324558258056641 3
-66.774200439453125 -7.012962818145752 3
38.571430206298828 28.519374847412109 1
-164.57142639160156 61.246402740478516 2
0 10.753210067749023 4
94.21875 34.129737854003906 3
-64.838714599609375 -7.012962818145752 3
40.5 -0.4675309956073761 2
-125.52632141113281 58.441242218017578 1
8.1818180084228516 11.688272476196289 2
97.627120971679688 38.805038452148438 3
-55.384613037109375 81.816841125488281 2
43.5 37.869979858398438 2
-112 51.895858764648438 2
16.666666030883789 68.726776123046875 2
102.07317352294922 17.298641204833984 4
-49.3150634765625 -25.714193344116211 4
47.076923370361328 33.194679260253906 2
-103.84616088867188 33.194679260253906 2
19.894737243652344 5.1428399085998535 2
105 60.311347961425781 2
-43.333343505859375 68.726776123046875 1
51.081081390380859 59.376296997070312 2
-105.57691955566406 45.350452423095703 2
20.28169059753418 -27.584314346313477 2
106.7796630859375 38.805038452148438 3
-49.090911865234375 -1.4025930166244507 3
52.5 37.869979858398438 4
-101.84210205078125 22.90900993347168 2
24.324323654174805 -24.779132843017578 1
116.05263519287109 -22.90900993347168 2
-47.272735595703125 -1.4025930166244507 3
53.333332061767578 68.726776123046875 6
-101.84210205078125 58.441242218017578 1
25.147058486938477 30.389497756958008 1
115.05154418945312 -3.2727160453796387 4
-43.9534912109375 -13.558395385742188 3
58.441558837890625 21.973947525024414 7
-95.19232177734375 45.350452423095703 2
26.25 -26.649253845214844 2
117 -28.519374847412109 2
-41.8604736328125 -13.558395385742188 3
61.5 37.869979858398438 6
-90 33.194679260253906 2
27.272727966308594 63.116500854492188 1
119.57142639160156 -28.519374847412109 2
-45 80.881912231445312 1
63.692306518554688 33.194679260253906 3
-88.26922607421875 45.350452423095703 1
24.642856597900391 15.428518295288086 1
122.14286041259766 -28.519374847412109 2
-11.84210205078125 22.90900993347168 1
66.857139587402344 28.519374847412109 3
-84.4615478515625 33.194679260253906 4
26.896551132202148 -12.623332977294922 4
129.70588684082031 62.181453704833984 4
-6.545440673828125 42.545276641845703 4
83.454544067382812 42.545276641845703 3
-72.19781494140625 -8.883087158203125 3
31.704545974731445 -11.688272476196289 2
135 62.181453704833984 6
9 9.8181476593017578 2
94.285713195800781 35.064800262451172 3
-70.85107421875 -50.025741577148438 2
38.823528289794922 46.285511016845703 2
142.25807189941406 -35.999858856201172 2
7.7419352531433105 7.012962818145752 1
95.510200500488281 48.155628204345703 2
-70.875 19.168764114379883 3
40.78125 34.129737854003906 3
145.58824157714844 62.181453704833984 2
10.800000190734863 47.220569610595703 2
96.206893920898438 39.740100860595703 3
-70.20001220703125 -0.4675309956073761 3
39.438201904296875 -10.753210067749023 1
149.53846740722656 -33.194679260253906 2
15 -21.038887023925781 2
99 75.271995544433594 2
-71.808502197265625 6.0779008865356445 4
40.298507690429688 31.324558258056641 2
157.5 56.571136474609375 2
17 9.8181476593017578 3
101.81818389892578 1.4025930166244507 7
-69.67742919921875 -35.999858856201172 1
43.846153259277344 57.506191253662109 2
-132.75 56.571136474609375 2
17.746479034423828 27.584314346313477 1
105.21126556396484 27.584314346313477 4
-64.79998779296875 -0.4675309956073761 3
48.813560485839844 38.805038452148438 2
-117 75.271995544433594 2
17.419355392456055 7.012962818145752 2
107.74647521972656 27.584314346313477 4
-62.30767822265625 -33.194679260253906 2
55.714286804199219 54.701026916503906 2
-109.28572082519531 41.610218048095703 2
23 9.8181476593017578 2
114.28571319580078 35.064800262451172 3
-56.373626708984375 -8.883087158203125 1
63.529411315917969 46.285511016845703 3
-98.0596923828125 31.324558258056641 4
25 9.8181476593017578 2
116.36363983154297 1.4025930166244507 3
-51.617645263671875 -30.389497756958008 4
67.058822631835938 46.285511016845703 2
-93.82977294921875 50.025741577148438 1
27 9.8181476593017578 2
127.14286041259766 35.064800262451172 2
-43.54840087890625 64.986602783203125 1
77.142860412597656 15.428518295288086 4
-88.9156494140625 16.363580703735352 3
28.762886047363281 3.2727160453796387 4
135 -32.259616851806641 2
-6.428558349609375 54.701026916503906 2
82.173912048339844 29.454435348510742 3
-78.333343505859375 43.480335235595703 3
31 9.8181476593017578 4
141.20689392089844 39.740100860595703 2
-10.879119873046875 8.883087158203125 2
84.782608032226562 29.454435348510742 3
-78.75 34.129737854003906 3
31.764705657958984 62.181453704833984 6
141.5625 -4.2077779769897461 3
-10.344818115234375 12.623332977294922 2
83.793106079101562 66.856689453125 2
-71.666656494140625 43.480335235595703 1
34.32989501953125 3.2727160453796387 1
148.37837219238281 -24.779132843017578 1
-6.666656494140625 43.480335235595703 4
92.368423461914062 22.90900993347168 3
-70 -26.649253845214844 2
38.117645263671875 14.493456840515137 4
-144 65.921646118164062 2
3.1034483909606934 12.623332977294922 1
97.5 4.2077779769897461 3
-67.263153076171875 5.1428399085998535 4
43.411766052246094 14.493456840515137 1
-119.45454406738281 42.545276641845703 3
11.818181991577148 -1.4025930166244507 3
102.41379547119141 66.856689453125 2
-60.845062255859375 -27.584314346313477 2
48.571430206298828 35.064800262451172 3
-108.36734008789062 48.155628204345703 2
11.818181991577148 1.4025930166244507 4
105.78947448730469 40.675159454345703 2
-57.600006103515625 -23.844070434570312 3
48.913043975830078 50.960800170898438 2
-104.69387817382812 48.155628204345703 2
13.026315689086914 22.90900993347168 2
102.85713958740234 54.701026916503906 2
-54.4444580078125 -18.23370361328125 1
53.4375 64.051551818847656 2
-100.862060546875 39.740100860595703 2
17.027027130126953 59.376296997070312 1
108.46154022216797 57.506191253662109 2
-47.872344970703125 -6.0779008865356445 1
56.739131927490234 50.960800170898438 2
-97.941162109375 62.181453704833984 1
18 51.895858764648438 1
111.42857360839844 54.701026916503906 2
-50 -18.23370361328125 4
62.112674713134766 27.584314346313477 3
-93.333343505859375 68.726776123046875 1
20.909090042114258 -1.4025930166244507 2
116.12903594970703 35.999858856201172 2
-44.04254150390625 -6.0779008865356445 1
64.64788818359375 27.584314346313477 3
-84.375 64.051551818847656 2
23.93617057800293 -6.0779008865356445 2
120.38961029052734 -21.973947525024414 2
-38.426971435546875 -10.753210067749023 1
71.320755004882812 44.415393829345703 6
-73.928558349609375 -15.428518295288086 2
28.695652008056641 -29.454435348510742 3
126.31578826904297 40.675159454345703 2
-2.337677001953125 21.973947525024414 3
83.25 56.571136474609375 2
-72 0.4675309956073761 3
31.898735046386719 20.103824615478516 2
131.53846740722656 57.506191253662109 2
2.5 26.649253845214844 2
87.75 56.571136474609375 2
-74 9.8181476593017578 4
29.680850982666016 -6.0779008865356445 4
131.0294189453125 -30.389497756958008 2
3.2926828861236572 17.298641204833984 1
81 65.921646118164062 1
-72 9.8181476593017578 1
33.913043975830078 29.454435348510742 2
147.14285278320312 -35.064800262451172 2
10.3125 4.2077779769897461 2
84.13043212890625 50.960800170898438 2
-72.43902587890625 55.636081695556641 1
33.599998474121094 -23.844070434570312 2
150 -35.064800262451172 2
10.102041244506836 -2.3376541137695312 1
93 65.921646118164062 2
-68.04876708984375 55.636081695556641 1
39.130435943603516 29.454435348510742 1
148.84616088867188 -21.038887023925781 3
10.800000190734863 23.844070434570312 3
91.698112487792969 44.415393829345703 2
-67.1641845703125 -31.324558258056641 1
40.684932708740234 25.714193344116211 2
-161.37930297851562 66.856689453125 2
11.666666984558105 43.480335235595703 2
85.714286804199219 35.064800262451172 3
-65.76922607421875 -21.038887023925781 2
37.272727966308594 -1.4025930166244507 2
-130.90908813476562 63.116500854492188 1
14.268292427062988 17.298641204833984 1
98.490562438964844 44.415393829345703 2
-61.530609130859375 -2.3376541137695312 3
46.184211730957031 22.90900993347168 3
-118.33332824707031 43.480335235595703 3
18 23.844070434570312 2
110 26.649253845214844 4
-51.428558349609375 67.791732788085938 2
53.478260040283203 29.454435348510742 3
-112.94117736816406 46.285511016845703 2
22.835821151733398 31.324558258056641 2
116.86566925048828 31.324558258056641 2
-45 67.791732788085938 1
58.125 49.090686798095703 2
-109.41175842285156 46.285511016845703 2
25 26.649253845214844 1
119.55223846435547 31.324558258056641 2
-44.0625 -4.2077779769897461 4
61.875 49.090686798095703 2
-104.55882263183594 30.389497756958008 2
26.590909957885742 52.830913543701172 2
120.98360443115234 36.934921264648438 2
-38.709686279296875 -7.012962818145752 4
66.315788269042969 58.441242218017578 2
-103.6363525390625 63.116500854492188 1
27.600000381469727 23.844070434570312 2
123.33333587646484 68.726776123046875 2
-50.399993896484375 0.4675309956073761 1
66.774192810058594 35.999858856201172 2
-98.18182373046875 63.116500854492188 1
29.0625 4.2077779769897461 4
128.07691955566406 69.661819458007812 2
-43.71429443359375 61.246402740478516 1
71.052635192871094 22.90900993347168 4
-92.727264404296875 63.116500854492188 1
30.600000381469727 0.4675309956073761 4
129.45205688476562 -25.714193344116211 1
-7.875 19.168764114379883 1
83.164558410644531 20.103824615478516 3
-81.290313720703125 35.999858856201172 4
32.400001525878906 0.4675309956073761 3
132.41378784179688 -12.623332977294922 1
-5.625 19.168764114379883 1
90 33.194679260253906 3
-72.857147216796875 54.701026916503906 1
38.720932006835938 -13.558395385742188 4
136.25 -26.649253845214844 1
1.8367346525192261 48.155628204345703 2
95.696205139160156 20.103824615478516 4
-69.868408203125 -22.90900993347168 2
39.438201904296875 10.753210067749023 4
141.60000610351562 -23.844070434570312 4
6.2790699005126953 13.558395385742188 1
98.653846740722656 45.350452423095703 2
-67.021270751953125 -6.0779008865356445 4
41.538459777832031 21.038887023925781 2
151.71427917480469 -28.519374847412109 2
11.571428298950195 28.519374847412109 1
103.33333587646484 18.23370361328125 4
-64.0206298828125 -3.2727160453796387 3
43.846153259277344 21.038887023925781 2
-174 65.921646118164062 2
16.530612945556641 2.3376541137695312 1
106.36363983154297 11.688272476196289 4
-60.674163818359375 -10.753210067749023 4
49.550559997558594 10.753210067749023 2
-140.29411315917969 62.181453704833984 2
16.530612945556641 48.155628204345703 2
108.70130157470703 21.973947525024414 3
-61.276580810546875 -6.0779008865356445 3
48.292682647705078 17.298641204833984 1
-117.14285278320312 35.064800262451172 3
14.835165023803711 8.883087158203125 2
113.22580718994141 64.986602783203125 2
-58.02630615234375 -22.90900993347168 3
50.769229888916016 21.038887023925781 1
-107.02702331542969 24.779132843017578 4
18.837209701538086 53.765968322753906 2
119.03225708007812 64.986602783203125 6
-53.26531982421875 2.3376541137695312 4
64.285713195800781 41.610218048095703 2
-100.90908813476562 32.259616851806641 2
23.195877075195312 -3.2727160453796387 2
124.83870697021484 64.986602783203125 6
-47.19512939453125 -17.298641204833984 4
71.19403076171875 31.324558258056641 1
-90 47.220569610595703 1
27 28.519374847412109 1
130.64515686035156 64.986602783203125 2
-9.204559326171875 11.688272476196289 3
80.425529479980469 50.025741577148438 4
-79.48052978515625 21.973947525024414 3
25.147058486938477 -30.389497756958008 2
136.36363220214844 63.116500854492188 2
-7.159088134765625 11.688272476196289 2
76.567161560058594 31.324558258056641 2
-57.540985107421875 -36.934921264648438 4
44 9.8181476593017578 2
-102.85714721679688 48.155628204345703 2
14.594594955444336 59.376296997070312 1
108.87096405029297 35.999858856201172 2
-53.333343505859375 -18.23370361328125 1
46.753246307373047 -21.973947525024414 3
-100.58822631835938 62.181453704833984 6
18.181818008422852 -1.4025930166244507 2
109.28571319580078 54.701026916503906 2
-52.75860595703125 -12.623332977294922 4
48 65.921646118164062 1
-95.71429443359375 35.064800262451172 3
20 51.895858764648438 2
114.67742156982422 35.999858856201172 3
-49.20001220703125 -23.844070434570312 4
54.310344696044922 39.740100860595703 1
-90 64.051551818847656 1
22.173913955688477 29.454435348510742 1
117.58064270019531 35.999858856201172 2
-46.666656494140625 -18.23370361328125 4
66.521736145019531 50.960800170898438 2
-77.142852783203125 -2.3376541137695312 4
24.893617630004883 -6.0779008865356445 2
124.41176605224609 -30.389497756958008 2
-11.78570556640625 15.428518295288086 2
78.75 64.051551818847656 2
-72.97296142578125 59.376296997070312 2
30 -29.454435348510742 2
127.89473724365234 40.675159454345703 2
0 17.298641204833984 2
88.199996948242188 47.220569610595703 2
-73.469390869140625 -2.3376541137695312 3
28.421052932739258 22.90900993347168 2
130.1204833984375 -16.363580703735352 1
1.1538461446762085 21.038887023925781 2
78 65.921646118164062 1
-74.34783935546875 -7.9480252265930176 3
30.638298034667969 -6.0779008865356445 2
132.35293579101562 -30.389497756958008 1
9.8999996185302734 0.4675309956073761 4
94.5 56.571136474609375 2
-74.516143798828125 7.012962818145752 4
32.553192138671875 -6.0779008865356445 4
148.57142639160156 -35.064800262451172 2
8.75 26.649253845214844 2
86.603775024414062 44.415393829345703 2
-70.71429443359375 80.881912231445312 1
34.468086242675781 -6.0779008865356445 4
137.64706420898438 -30.389497756958008 1
11.25 26.649253845214844 1
96 65.921646118164062 2
-69.23077392578125 -21.038887023925781 2
36.382980346679688 -6.0779008865356445 4
143.13252258300781 -16.363580703735352 3
10.97560977935791 17.298641204833984 1
88.636360168457031 32.259616851806641 3
-68.709686279296875 7.012962818145752 4
35 -9.8181476593017578 2
-158.27586364746094 66.856689453125 2
12.70588207244873 -14.493456840515137 2
87.142860412597656 35.064800262451172 3
-64.565216064453125 -7.9480252265930176 3
44.383560180664062 25.714193344116211 1
-128.18182373046875 63.116500854492188 1
15.365853309631348 17.298641204833984 1
100.18868255615234 44.415393829345703 2
-60.61224365234375 -2.3376541137695312 4
47.872341156005859 6.0779008865356445 2
-116.66667175292969 43.480335235595703 3
20.625 4.2077779769897461 4
113.60655975341797 36.934921264648438 3
-46.875 -4.2077779769897461 3
56.25 49.090686798095703 2
-112.88136291503906 38.805038452148438 3
23.75 26.649253845214844 2
117.97297668457031 -24.779132843017578 2
-51.428558349609375 -15.428518295288086 4
60 49.090686798095703 2
-107.64706420898438 46.285511016845703 2
24.893617630004883 50.025741577148438 2
119.50819396972656 36.934921264648438 3
-53.100006103515625 0.4675309956073761 4
63.75 49.090686798095703 2
-105.60000610351562 23.844070434570312 2
26.399999618530273 23.844070434570312 2
118.75 26.649253845214844 4
-51.29998779296875 0.4675309956073761 3
67.5 49.090686798095703 2
-100.90908813476562 63.116500854492188 1
26.538461685180664 21.038887023925781 2
121.30434417724609 50.960800170898438 2
-42 79.94696044921875 1
71.25 49.090686798095703 2
-95.80645751953125 64.986602783203125 1
28.536584854125977 17.298641204833984 2
125.21739196777344 50.960800170898438 2
-30 79.94696044921875 1
73.636360168457031 63.116500854492188 6
-83.571441650390625 54.701026916503906 6
31.5 0.4675309956073761 4
131.37930297851562 -12.623332977294922 2
-14.651153564453125 13.558395385742188 2
78.75 49.090686798095703 2
-77.368408203125 40.675159454345703 3
33.75 4.2077779769897461 2
133.44827270507812 -12.623332977294922 1
0 48.155628204345703 3
94.5 37.869979858398438 2
-74.210540771484375 40.675159454345703 3
38.426967620849609 10.753210067749023 4
137.5 -26.649253845214844 1
3.25301194190979 16.363580703735352 1
94.153846740722656 33.194679260253906 3
-69.107147216796875 -41.610218048095703 3
37.5 4.2077779769897461 2
142.80000305175781 -23.844070434570312 2
7.9120879173278809 8.883087158203125 4
100.5 37.869979858398438 3
-66.0638427734375 -6.0779008865356445 4
42.692306518554688 21.038887023925781 2
145.77464294433594 -27.584314346313477 2
11.020408630371094 48.155628204345703 2
103.5 37.869979858398438 2
-59.693878173828125 2.3376541137695312 2
48.539325714111328 10.753210067749023 2
-152.30769348144531 69.661819458007812 2
15.428571701049805 28.519374847412109 2
107.30769348144531 45.350452423095703 2
-62.0689697265625 66.856689453125 1
47.307693481445312 21.038887023925781 1
-137.64706420898438 62.181453704833984 1
13.84615421295166 8.883087158203125 2
110.32257843017578 64.986602783203125 2
-60.31915283203125 -6.0779008865356445 3
49.390243530273438 17.298641204833984 3
-115.71427917480469 35.064800262451172 3
15.824175834655762 8.883087158203125 4
115.52238464355469 -31.324558258056641 1
-56.84210205078125 -22.90900993347168 3
55 60.311347961425781 2
-105.21127319335938 27.584314346313477 2
20.930233001708984 53.765968322753906 2
120.78947448730469 58.441242218017578 2
-52.346923828125 2.3376541137695312 4
65.892860412597656 41.610218048095703 6
-99.113922119140625 20.103824615478516 2
24.123710632324219 -3.2727160453796387 2
126 37.869979858398438 2
-40.5494384765625 -8.883087158203125 3
72.537315368652344 31.324558258056641 3
-88.20001220703125 47.220569610595703 1
28.285715103149414 28.519374847412109 1
133.63636779785156 63.116500854492188 4
-43.902435302734375 -17.298641204833984 2
73.75 26.649253845214844 2
-75 -4.2077779769897461 3
28.469387054443359 2.3376541137695312 4
139.09091186523438 63.116500854492188 2
-81.12677001953125 27.584314346313477 1
23.684209823608398 -22.90900993347168 1
125.76923370361328 -21.038887023925781 1
-35.604400634765625 -8.883087158203125 4
76.5 19.168764114379883 4
-76.875 4.2077779769897461 4
26.02409553527832 16.363580703735352 1
130.71427917480469 -15.428518295288086 1
-10.945953369140625 24.779132843017578 2
77.294120788574219 14.493456840515137 3
-82.79998779296875 70.596855163574219 1
27.439023971557617 -17.298641204833984 2
132.85714721679688 -15.428518295288086 2
-8.513519287109375 24.779132843017578 2
81.923080444335938 21.038887023925781 2
-75.600006103515625 70.596855163574219 1
29.634145736694336 -17.298641204833984 4
138.3157958984375 -5.1428399085998535 7
-6.081085205078125 24.779132843017578 1
83.25 19.168764114379883 3
-69 -37.869979858398438 1
32.530120849609375 16.363580703735352 1
142.82608032226562 -7.9480252265930176 5
2.9032258987426758 35.999858856201172 2
90 41.610218048095703 2
-61.93548583984375 -7.012962818145752 3
34.698795318603516 16.363580703735352 4
169.09091186523438 63.116500854492188 3
11.739130020141602 7.9480252265930176 2
98.181816101074219 73.401947021484375 2
-54 -19.168764114379883 1
39.807693481445312 45.350452423095703 2
-174.19354248046875 64.986602783203125 2
15.428571701049805 61.246402740478516 1
102.98969268798828 -3.2727160453796387 2
-60.9375 -4.2077779769897461 3
39.767440795898438 13.558395385742188 4
-141.42857360839844 61.246402740478516 1
15.517241477966309 -12.623332977294922 3
99.642860412597656 41.610218048095703 2
-59.0625 -4.2077779769897461 3
44.081634521484375 2.3376541137695312 2
-122.14285278320312 67.791732788085938 2
17.608695983886719 7.9480252265930176 2
100.74626922607422 31.324558258056641 3
-61.875 4.2077779769897461 3
45 13.558395385742188 2
-113.6842041015625 40.675159454345703 1
19.285715103149414 15.428518295288086 4
104.21052551269531 76.207008361816406 3
-55.3125 -4.2077779769897461 4
50 51.895858764648438 2
-108.94737243652344 76.207008361816406 2
20.625 -4.2077779769897461 2
106.11940002441406 31.324558258056641 3
-53.5443115234375 -20.103824615478516 1
46.7088623046875 20.103824615478516 1
-104.34782409667969 29.454435348510742 2
20.322580337524414 -7.012962818145752 1
110.25 56.571136474609375 2
-56.25 4.2077779769897461 4
48.888889312744141 18.23370361328125 7
-102.69232177734375 21.038887023925781 2
22.258064270019531 -7.012962818145752 2
114.75 56.571136474609375 2
-45.5294189453125 -14.493456840515137 1
54 61.246402740478516 2
-100.38461303710938 21.038887023925781 2
26.25 -4.2077779769897461 4
118.92857360839844 41.610218048095703 3
-11 9.8181476593017578 2
72 37.869979858398438 3
-88.875 19.168764114379883 3
30 -12.623332977294922 3
124 -9.8181476593017578 2
-6.923065185546875 33.194679260253906 2
81.818183898925781 21.973947525024414 2
-82.173919677734375 29.454435348510742 1
32.068965911865234 -12.623332977294922 3
131.14285278320312 -28.519374847412109 1
-4.153839111328125 33.194679260253906 2
81.219512939453125 55.636081695556641 4
-76.153839111328125 21.038887023925781 3
33.75 11.688272476196289 4
132.75 56.571136474609375 2
-1.1842041015625 22.90900993347168 3
81 37.869979858398438 6
-76.85394287109375 -10.753210067749023 2
35.795455932617188 11.688272476196289 4
137.25 56.571136474609375 2
-3.913055419921875 29.454435348510742 2
81.692306518554688 33.194679260253906 3
-73.125 49.090686798095703 1
37.173912048339844 7.9480252265930176 4
140.92105102539062 -22.90900993347168 4
-1 9.8181476593017578 4
86 51.895858764648438 2
-71.20880126953125 8.883087158203125 2
38.297870635986328 50.025741577148438 2
143.28947448730469 -22.90900993347168 4
6.8181819915771484 32.259616851806641 2
96.428573608398438 67.791732788085938 2
-68.18182373046875 63.116500854492188 1
40 26.649253845214844 2
159 65.921646118164062 2
9.5454549789428711 32.259616851806641 2
102.85713958740234 67.791732788085938 2
-66 -9.8181476593017578 4
49.701492309570312 31.324558258056641 2
173.57142639160156 -41.610218048095703 2
12.272727012634277 32.259616851806641 2
107.56097412109375 55.636081695556641 2
-64 -9.8181476593017578 4
51.136363983154297 52.830913543701172 2
-125 60.311347961425781 1
15.194805145263672 -21.973947525024414 2
111.95121765136719 55.636081695556641 2
-60.3658447265625 -17.298641204833984 4
61.875 34.129737854003906 2
-114.54545593261719 32.259616851806641 4
19.799999237060547 -0.4675309956073761 2
118.42105102539062 5.1428399085998535 3
-54 75.271995544433594 1
62.542373657226562 38.805038452148438 6
-103.2786865234375 36.934921264648438 2
23.478260040283203 50.960800170898438 2
127.24137878417969 39.740100860595703 2
-45 75.271995544433594 1
70.147056579589844 30.389497756958008 3
-103.5 56.571136474609375 1
24.63157844543457 -5.1428399085998535 2
126.45569610595703 -20.103824615478516 1
-47.4725341796875 -8.883087158203125 1
70.3125 34.129737854003906 3
-97.377044677734375 36.934921264648438 2
25.200000762939453 -0.4675309956073761 2
130.23529052734375 -14.493456840515137 1
-43.24676513671875 -21.973947525024414 4
73.125 34.129737854003906 2
-88.392852783203125 41.610218048095703 2
27.108434677124023 -16.363580703735352 4
144 70.596855163574219 2
-7.24139404296875 12.623332977294922 2
86.666664123535156 43.480335235595703 3
-75.326080322265625 7.9480252265930176 4
30.9375 64.051551818847656 1
152.02702331542969 -24.779132843017578 2
-3.05084228515625 38.805038452148438 2
92.142860412597656 54.701026916503906 2
-68.18182373046875 1.4025930166244507 3
35.806449890136719 7.012962818145752 4
-158.39999389648438 70.596855163574219 2
6.9230771064758301 45.350452423095703 4
97.397262573242188 25.714193344116211 4
-66.3636474609375 1.4025930166244507 4
34.105262756347656 -5.1428399085998535 4
-120 37.869979858398438 4
8.6301374435424805 25.714193344116211 2
99.13043212890625 29.454435348510742 3
-15.949371337890625 20.103824615478516 2
75.375 19.168764114379883 4
-69.23077392578125 69.661819458007812 1
30.306121826171875 2.3376541137695312 4
141.26582336425781 -20.103824615478516 4
-11.111114501953125 18.23370361328125 3
78.75 41.610218048095703 3
-68.709686279296875 -7.012962818145752 4
34.5 37.869979858398438 3
145.5 -37.869979858398438 2
-8.87322998046875 27.584314346313477 2
81.964286804199219 41.610218048095703 3
-68.7640380859375 10.753210067749023 4
33.979591369628906 2.3376541137695312 2
172.28572082519531 61.246402740478516 2
-4.426239013671875 36.934921264648438 2
85.970146179199219 31.324558258056641 3
-65.647064208984375 -14.493456840515137 4
35.816326141357422 2.3376541137695312 1
-159.42857360839844 61.246402740478516 2
2.0224719047546387 10.753210067749023 3
95 60.311347961425781 2
-56.25 -34.129737854003906 4
41.351352691650391 59.376296997070312 2
-120.78947448730469 58.441242218017578 6
15.168539047241211 -10.753210067749023 3
100.67796325683594 38.805038452148438 2
-50 68.726776123046875 1
46.285713195800781 28.519374847412109 1
-109.03846740722656 45.350452423095703 2
19.384614944458008 -33.194679260253906 2
104.26829528808594 17.298641204833984 4
-45 64.051551818847656 1
49.5 37.869979858398438 3
-116.25 49.090686798095703 2
18.75 -26.649253845214844 2
105.88235473632812 30.389497756958008 3
-50.909088134765625 1.4025930166244507 3
45 45.350452423095703 2
-106.57894897460938 58.441242218017578 1
22.816902160644531 -27.584314346313477 1
111.59999847412109 -0.4675309956073761 2
-51 65.921646118164062 1
48.292682647705078 55.636081695556641 2
-108.75 49.090686798095703 2
23.258426666259766 -10.753210067749023 4
112.88135528564453 38.805038452148438 3
-46.125 -19.168764114379883 4
52.682926177978516 55.636081695556641 2
-97.105255126953125 58.441242218017578 1
24.657533645629883 -25.714193344116211 1
115.19999694824219 -0.4675309956073761 3
-50.823516845703125 -14.493456840515137 4
57.073169708251953 55.636081695556641 2
-94.3902587890625 17.298641204833984 2
25.568181991577148 -11.688272476196289 4
117 -0.4675309956073761 3
-49.354827880859375 -7.012962818145752 4
58.846153259277344 45.350452423095703 1
-92.19512939453125 17.298641204833984 3
24.456521987915039 7.9480252265930176 2
119.11764526367188 30.389497756958008 4
-15.882354736328125 14.493456840515137 2
65.853660583496094 55.636081695556641 4
-90 17.298641204833984 3
26.590909957885742 11.688272476196289 2
124.71428680419922 -28.519374847412109 1
-11.09588623046875 25.714193344116211 2
78.072288513183594 16.363580703735352 3
-75.600006103515625 -0.4675309956073761 4
30 46.285511016845703 2
130.26315307617188 -22.90900993347168 1
5.8064517974853516 7.012962818145752 1
91.83673095703125 48.155628204345703 2
-77.884613037109375 45.350452423095703 1
36.947368621826172 5.1428399085998535 2
140.29411315917969 62.181453704833984 2
7.1999998092651367 47.220569610595703 2
94.8648681640625 59.376296997070312 2
-74.34783935546875 -50.960800170898438 2
37.415729522705078 -10.753210067749023 3
142.17391967773438 -29.454435348510742 4
9.6774196624755859 7.012962818145752 4
91.216217041015625 24.779132843017578 2
-70.9615478515625 45.350452423095703 1
37.840908050537109 -11.688272476196289 3
146.25 64.051551818847656 2
14.399999618530273 47.220569610595703 2
93.913040161132812 72.4669189453125 2
-72 -51.895858764648438 3
39.230770111083984 57.506191253662109 2
151.875 64.051551818847656 2
15.211267471313477 27.584314346313477 2
99.818183898925781 42.545276641845703 2
-70.243896484375 -17.298641204833984 2
39.642856597900391 15.428518295288086 2
162 56.571136474609375 3
14.67391300201416 -7.9480252265930176 4
102.41379547119141 12.623332977294922 4
-65.625 49.090686798095703 2
46.421051025390625 5.1428399085998535 2
-128.25 56.571136474609375 1
14.210526466369629 -5.1428399085998535 4
104.48275756835938 12.623332977294922 4
-63.8709716796875 -35.999858856201172 1
53.076923370361328 57.506191253662109 2
-120.60000610351562 47.220569610595703 2
19.354839324951172 7.012962818145752 2
110.28169250488281 27.584314346313477 4
-60.967742919921875 -35.999858856201172 2
60 54.701026916503906 4
-110.65573120117188 36.934921264648438 2
20.543478012084961 -7.9480252265930176 1
114.82758331298828 39.740100860595703 2
-54.395599365234375 -8.883087158203125 4
63.529411315917969 30.389497756958008 4
-102.85714721679688 41.610218048095703 2
23.225807189941406 7.012962818145752 2
122.72727203369141 -32.259616851806641 3
-48.3157958984375 -5.1428399085998535 4
70.588233947753906 46.285511016845703 2
-92.686553955078125 31.324558258056641 4
24.75 56.571136474609375 2
132.75 -19.168764114379883 1
-12.857147216796875 8.883087158203125 3
79.285713195800781 15.428518295288086 3
-81.5625 34.129737854003906 4
29.25 56.571136474609375 2
138.57142639160156 35.064800262451172 3
-14.09637451171875 16.363580703735352 2
77.647056579589844 46.285511016845703 6
-82.340423583984375 50.025741577148438 6
29.032258987426758 7.012962818145752 2
138.21427917480469 67.791732788085938 2
-22.5 79.011993408203125 1
81.428573608398438 54.701026916503906 4
-73.255828857421875 -13.558395385742188 2
31.034482955932617 39.740100860595703 2
144.64285278320312 67.791732788085938 2
-7.627105712890625 38.805038452148438 2
90 66.856689453125 2
-71.16278076171875 -13.558395385742188 2
37 9.8181476593017578 4
170 -43.480335235595703 1
1.7307692766189575 45.350452423095703 2
94.736839294433594 22.90900993347168 4
-67.5 -26.649253845214844 4
39 9.8181476593017578 4
-128.91891479492188 59.376296997070312 1
8.2894735336303711 22.90900993347168 3
101.61289978027344 35.999858856201172 3
-65 -26.649253845214844 2
45.529411315917969 14.493456840515137 2
-115.3125 64.051551818847656 2
10.434782981872559 29.454435348510742 2
99.473686218261719 22.90900993347168 4
-58.309844970703125 -27.584314346313477 4
47.647060394287109 14.493456840515137 3
-50.10308837890625 -3.2727160453796387 3
58.5 56.571136474609375 2
-81 47.220569610595703 1
24.86842155456543 -22.90900993347168 1
126.92308044433594 -21.038887023925781 1
-39.51220703125 -17.298641204833984 2
66.176467895507812 62.181453704833984 2
-86.399993896484375 70.596855163574219 1
26.756755828857422 59.376296997070312 2
127.5 49.090686798095703 3
-41 -9.8181476593017578 3
71.470588684082031 62.181453704833984 6
-84.13043212890625 50.960800170898438 6
28.536584854125977 -17.298641204833984 2
134.32835388183594 -31.324558258056641 1
-16.071441650390625 15.428518295288086 1
77.400001525878906 47.220569610595703 2
-74.117645263671875 62.181453704833984 2
28.723403930664062 6.0779008865356445 2
137.01492309570312 -31.324558258056641 1
-6.83544921875 20.103824615478516 1
84.375 19.168764114379883 3
-66.600006103515625 47.220569610595703 2
32.926830291748047 -17.298641204833984 2
142.75862121582031 66.856689453125 2
4.0449438095092773 10.753210067749023 3
91.607139587402344 41.610218048095703 2
-60.967742919921875 -7.012962818145752 3
35.783130645751953 16.363580703735352 4
169.41175842285156 -46.285511016845703 2
12.717391014099121 7.9480252265930176 3
100.64516448974609 7.012962818145752 4
-61.5 -37.869979858398438 2
37.582416534423828 8.883087158203125 4
177.27272033691406 63.116500854492188 2
14.0625 -4.2077779769897461 4
96.716415405273438 31.324558258056641 3
-64.6875 4.2077779769897461 4
36.593406677246094 -8.883087158203125 2
-155.45454406738281 63.116500854492188 2
16.630434036254883 7.9480252265930176 2
101.25 41.610218048095703 6
-62.8125 4.2077779769897461 3
41.012657165527344 20.103824615478516 2
-133.71427917480469 61.246402740478516 1
17.8125 -4.2077779769897461 1
101.53845977783203 21.038887023925781 4
-64.28570556640625 -15.428518295288086 4
43.2911376953125 20.103824615478516 2
-112.10527038574219 40.675159454345703 2
19.6875 -4.2077779769897461 2
106.875 64.051551818847656 2
-63.899993896484375 0.4675309956073761 3
45.4945068359375 8.883087158203125 2
-108.8709716796875 35.999858856201172 3
19.411764144897461 46.285511016845703 1
106.19999694824219 47.220569610595703 2
-61.463409423828125 55.636081695556641 1
45 49.090686798095703 2
-105.96774291992188 35.999858856201172 2
18.333333969116211 43.480335235595703 2
110.14925384521484 31.324558258056641 3
-52.105255126953125 76.207008361816406 1
49.450550079345703 8.883087158203125 2
-113.14285278320312 61.246402740478516 1
21.666666030883789 43.480335235595703 2
114.79592132568359 2.3376541137695312 3
-45 71.531890869140625 1
56.571430206298828 61.246402740478516 2
-99.47369384765625 40.675159454345703 2
25.714284896850586 54.701026916503906 2
120.42253875732422 -27.584314346313477 2
-10 9.8181476593017578 4
74.634147644042969 55.636081695556641 4
-95.217376708984375 29.454435348510742 4
30.375 -19.168764114379883 2
126 56.571136474609375 2
-9.5294189453125 14.493456840515137 2
74.769233703613281 33.194679260253906 4
-79.7938232421875 -3.2727160453796387 2
32.727272033691406 11.688272476196289 4
126.96428680419922 41.610218048095703 2
-7.826080322265625 29.454435348510742 2
77.142860412597656 28.519374847412109 2
-78.75 49.090686798095703 1
34.239131927490234 7.9480252265930176 4
128.39999389648438 -23.844070434570312 1
-5.217376708984375 29.454435348510742 2
80 51.895858764648438 2
-76.082489013671875 -3.2727160453796387 3
32.727272033691406 52.830913543701172 2
131.39999389648438 47.220569610595703 2
-2.60870361328125 29.454435348510742 1
83.076919555664062 45.350452423095703 3
-73.846160888671875 57.506191253662109 2
34.838710784912109 -7.012962818145752 4
135 47.220569610595703 2
0 50.960800170898438 2
87.428573608398438 61.246402740478516 2
-70.21978759765625 8.883087158203125 2
38.75 26.649253845214844 1
144 75.271995544433594 2
3.3962264060974121 44.415393829345703 2
92 51.895858764648438 2
-68.24176025390625 8.883087158203125 4
42.065216064453125 7.9480252265930176 2
147.85714721679688 -41.610218048095703 3
10.102041244506836 2.3376541137695312 2
103.37837982177734 24.779132843017578 4
-66.428558349609375 -54.701026916503906 1
49.090908050537109 52.830913543701172 2
168 65.921646118164062 2
11.688311576843262 21.973947525024414 3
105.81081390380859 24.779132843017578 4
-63.367340087890625 2.3376541137695312 3
51.702129364013672 50.025741577148438 2
-127.17391967773438 50.960800170898438 2
16.981132507324219 44.415393829345703 2
115.35211181640625 27.584314346313477 4
-60.31915283203125 6.0779008865356445 4
57.272727966308594 52.830913543701172 2
-117.5 60.311347961425781 5
19.6875 -34.129737854003906 2
118.53658294677734 55.636081695556641 2
-46.421051025390625 -5.1428399085998535 2
66.09375 34.129737854003906 3
-105.75 56.571136474609375 1
23.684209823608398 -5.1428399085998535 2
122.92682647705078 55.636081695556641 2
-48.4615478515625 -8.883087158203125 1
65.454544067382812 52.830913543701172 4
-102.60000610351562 47.220569610595703 2
23.85542106628418 -16.363580703735352 2
127.05882263183594 -14.493456840515137 1
-52.20001220703125 -0.4675309956073761 4
69.545455932617188 52.830913543701172 4
-97.77777099609375 18.23370361328125 2
23.376623153686523 21.973947525024414 2
131.29411315917969 -14.493456840515137 2
-43.448272705078125 66.856689453125 1
74.53125 34.129737854003906 3
-86.78570556640625 41.610218048095703 1
28.125 64.051551818847656 6
142.36363220214844 42.545276641845703 2
-7.590362548828125 16.363580703735352 3
88.23529052734375 46.285511016845703 2
-74.34783935546875 7.9480252265930176 4
30.389610290527344 -21.973947525024414 2
148.63636779785156 -32.259616851806641 2
-1.914886474609375 6.0779008865356445 4
91.76470947265625 46.285511016845703 3
-67.272735595703125 1.4025930166244507 3
36.195652008056641 -7.9480252265930176 2
-154.80000305175781 70.596855163574219 2
5.5384616851806641 33.194679260253906 2
85.909088134765625 52.830913543701172 4
-64.88372802734375 -13.558395385742188 4
35.064933776855469 -21.973947525024414 1
-51.428558349609375 74.33697509765625 1
52.857143402099609 35.064800262451172 3
-91.3636474609375 32.259616851806641 3
22.74725341796875 -8.883087158203125 2
118.28571319580078 28.519374847412109 4
-45 -22.90900993347168 4
59.433963775634766 44.415393829345703 1
-88.6363525390625 32.259616851806641 4
24.725275039672852 -8.883087158203125 2
120.85713958740234 28.519374847412109 4
-46.022735595703125 -11.688272476196289 1
62.830188751220703 44.415393829345703 4
-90 81.816841125488281 1
24.44444465637207 18.23370361328125 2
131.25 49.090686798095703 2
-39 -9.8181476593017578 1
67.5 64.051551818847656 1
-78.979583740234375 -2.3376541137695312 4
26.341463088989258 55.636081695556641 2
133.84616088867188 -21.038887023925781 1
-27.69232177734375 69.661819458007812 1
81 47.220569610595703 2
-69.23077392578125 -45.350452423095703 3
30.638298034667969 6.0779008865356445 2
138.75 49.090686798095703 2
-2.22222900390625 18.23370361328125 1
88.75 26.649253845214844 2
-64.5 -37.869979858398438 1
35.121952056884766 -17.298641204833984 4
142.3880615234375 -31.324558258056641 1
11.785714149475098 15.428518295288086 1
94.615386962890625 21.038887023925781 4
-66.5625 4.2077779769897461 3
34.615383148193359 -8.883087158203125 2
144.94737243652344 -5.1428399085998535 3
10.161290168762207 35.999858856201172 2
92.950820922851562 36.934921264648438 3
-68.823516845703125 -46.285511016845703 3
35.555557250976562 18.23370361328125 2
147.76119995117188 -31.324558258056641 4
16.363636016845703 11.688272476196289 1
97.199996948242188 23.844070434570312 4
-69.622650146484375 44.415393829345703 1
38.297870635986328 6.0779008865356445 4
-156.92308044433594 57.506191253662109 1
15.483870506286621 -7.012962818145752 1
99 56.571136474609375 2
-68 9.8181476593017578 4
37.894737243652344 40.675159454345703 3
-131.53846740722656 57.506191253662109 1
16.363636016845703 63.116500854492188 1
103.5 56.571136474609375 2
-66.1224365234375 48.155628204345703 2
41.25 49.090686798095703 2
-123.42857360839844 61.246402740478516 1
16.179775238037109 10.753210067749023 3
104.40000152587891 23.844070434570312 4
-64.06781005859375 -38.805038452148438 1
43.043479919433594 29.454435348510742 3
-121.76470947265625 46.285511016845703 2
17.100000381469727 0.4675309956073761 2
107.70491790771484 36.934921264648438 2
-60.29998779296875 0.4675309956073761 4
45.957447052001953 6.0779008865356445 2
-116.71875 34.129737854003906 3
20.224720001220703 10.753210067749023 4
112.83582305908203 31.324558258056641 2
-48.75 -4.2077779769897461 4
52.405063629150391 20.103824615478516 1
-109.28572082519531 54.701026916503906 3
24 79.94696044921875 2
117.5 -26.649253845214844 2
-28.6363525390625 73.401947021484375 1
72 28.519374847412109 1
-102.85714721679688 61.246402740478516 2
29.0625 -4.2077779769897461 4
123.33333587646484 -18.23370361328125 1
-30 71.531890869140625 1
72.692306518554688 45.350452423095703 2
-93.15789794921875 40.675159454345703 2
30.9375 -4.2077779769897461 2
125.49295806884766 -27.584314346313477 1
-35.357147216796875 67.791732788085938 1
75.555557250976562 18.23370361328125 4
-91.45159912109375 35.999858856201172 4
29.302326202392578 -13.558395385742188 3
127.80000305175781 47.220569610595703 3
-10.645172119140625 7.012962818145752 2
77.777778625488281 18.23370361328125 4
-86.8604736328125 13.558395385742188 2
31.25 26.649253845214844 2
130 -18.23370361328125 1
-5.48779296875 17.298641204833984 1
82.285713195800781 28.519374847412109 3
-76.704559326171875 -11.688272476196289 2
33.488372802734375 -13.558395385742188 4
133.09858703613281 -27.584314346313477 1
0 8.883087158203125 3
84.857139587402344 28.519374847412109 3
-71.797760009765625 -10.753210067749023 4
36.774192810058594 -7.012962818145752 2
140 68.726776123046875 2
1.0465116500854492 13.558395385742188 2
90 45.350452423095703 2
-70.515472412109375 -3.2727160453796387 4
39.836067199707031 36.934921264648438 3
145.38461303710938 69.661819458007812 2
8.5135135650634766 24.779132843017578 2
98.181816101074219 21.973947525024414 4
-68.6597900390625 -3.2727160453796387 3
44.021739959716797 7.9480252265930176 2
149.21052551269531 -22.90900993347168 4
10.188679695129395 44.415393829345703 3
100.51947784423828 21.973947525024414 4
-65.7303466796875 -10.753210067749023 4
46.25 26.649253845214844 1
174 65.921646118164062 2
14.025974273681641 21.973947525024414 2
108.24324035644531 24.779132843017578 4
-61.530609130859375 2.3376541137695312 4
49.821430206298828 41.610218048095703 2
-148.23529052734375 62.181453704833984 1
16.363636016845703 21.973947525024414 3
110.67567443847656 24.779132843017578 4
-50.4395751953125 -8.883087158203125 4
59.361701965332031 50.025741577148438 2
-112.5 60.311347961425781 4
21.038961410522461 -21.973947525024414 1
118.28571319580078 61.246402740478516 6
-56.086944580078125 -29.454435348510742 4
61.25 26.649253845214844 3
-112.81689453125 27.584314346313477 2
20.675676345825195 24.779132843017578 1
123.42857360839844 61.246402740478516 6
-54.782623291015625 72.4669189453125 1
63.75 26.649253845214844 3
-103.6708984375 20.103824615478516 2
21.12244987487793 2.3376541137695312 2
128.57142639160156 61.246402740478516 2
-50.399993896484375 -0.4675309956073761 3
70.851066589355469 50.025741577148438 2
-95.399993896484375 47.220569610595703 2
25.714284896850586 48.155628204345703 2
133.71427917480469 61.246402740478516 6
-37.24139404296875 66.856689453125 1
77.34375 34.129737854003906 3
-76.5 56.571136474609375 1
29.387754440307617 48.155628204345703 2
138.85714721679688 61.246402740478516 2
-4.137939453125 12.623332977294922 2
81.818183898925781 52.830913543701172 4
-72 56.571136474609375 1
32.727272033691406 -21.973947525024414 2
149.0625 -34.129737854003906 2
-3.253021240234375 16.363580703735352 4
82.372879028320312 38.805038452148438 6
-68.625 -19.168764114379883 2
33.488372802734375 53.765968322753906 2
0 11.688272476196289 4
85.423728942871094 38.805038452148438 6
-63 56.571136474609375 1
36.947368621826172 -5.1428399085998535 3
-128 51.895858764648438 2
5.625 49.090686798095703 3
88.59375 34.129737854003906 3
-60.697662353515625 -13.558395385742188 4
40.135135650634766 24.779132843017578 2
-122.88461303710938 45.350452423095703 2
9.375 49.090686798095703 2
92.647056579589844 30.389497756958008 3
-60 1.4025930166244507 4
44.516128540039062 7.012962818145752 2
-112.15383911132812 33.194679260253906 3
13.125 49.090686798095703 2
97.682929992675781 17.298641204833984 4
-58.18182373046875 1.4025930166244507 3
45 24.779132843017578 1
-106.5 37.869979858398438 2
17.586206436157227 12.623332977294922 4
102.06185913085938 3.2727160453796387 4
-52.29730224609375 -24.779132843017578 4
48.387096405029297 7.012962818145752 2
-96.545440673828125 42.545276641845703 2
20.571428298950195 -28.519374847412109 2
112.5 71.531890869140625 2
-41.5384521484375 81.816841125488281 1
58.775508880615234 48.155628204345703 2
-90 65.921646118164062 1
23.333333969116211 68.726776123046875 1
116.08695983886719 -29.454435348510742 2
-27.69232177734375 81.816841125488281 2
62.448978424072266 48.155628204345703 2
-97.5 37.869979858398438 2
23.79310417175293 12.623332977294922 2
112.97872161865234 50.025741577148438 2
-28.79998779296875 70.596855163574219 1
63.818180084228516 42.545276641845703 6
-82.28570556640625 28.519374847412109 1
28.181818008422852 1.4025930166244507 4
121.82926940917969 17.298641204833984 3
-5.86956787109375 7.9480252265930176 4
60.810810089111328 59.376296997070312 2
-95.5384521484375 33.194679260253906 2
27.931034088134766 12.623332977294922 2
122.92682647705078 -17.298641204833984 1
-2.142852783203125 15.428518295288086 1
70.363639831542969 42.545276641845703 3
-87.882354736328125 14.493456840515137 2
30 12.623332977294922 3
125 60.311347961425781 2
-1.956512451171875 7.9480252265930176 2
73.636360168457031 42.545276641845703 3
-78.131866455078125 -8.883087158203125 2
30.422534942626953 -27.584314346313477 2
128.29786682128906 50.025741577148438 2
-1.551727294921875 39.740100860595703 2
75.405403137207031 59.376296997070312 2
-79.20001220703125 -0.4675309956073761 2
31.25 -26.649253845214844 4
132.12765502929688 50.025741577148438 2
4.2352943420410156 14.493456840515137 1
80.270271301269531 59.376296997070312 2
-73.125 -49.090686798095703 1
33.157894134521484 5.1428399085998535 3
138.46153259277344 -33.194679260253906 2
7 9.8181476593017578 3
90 27.584314346313477 3
-64.948455810546875 3.2727160453796387 4
38.382354736328125 30.389497756958008 3
142.65957641601562 -6.0779008865356445 4
18.227848052978516 -20.103824615478516 1
100.90908813476562 -1.4025930166244507 3
-65.06024169921875 -16.363580703735352 4
43.548385620117188 64.986602783203125 1
150 60.311347961425781 2
20.117647171020508 -14.493456840515137 1
102.72727203369141 -1.4025930166244507 4
-63.47369384765625 -5.1428399085998535 3
45 43.480335235595703 2
-130.34483337402344 66.856689453125 6
13.928571701049805 -15.428518295288086 2
100.84337615966797 16.363580703735352 4
-61.578948974609375 -5.1428399085998535 3
46.323528289794922 30.389497756958008 2
-122.14285278320312 41.610218048095703 4
18.620689392089844 66.856689453125 1
102.85713958740234 48.155628204345703 3
-65.454559326171875 -21.973947525024414 2
46.40625 34.129737854003906 2
-108.80596923828125 31.324558258056641 4
22.5 41.610218048095703 2
106.53060913085938 48.155628204345703 3
-62.30767822265625 -8.883087158203125 4
49.21875 34.129737854003906 3
-106.11940002441406 31.324558258056641 2
20.357143402099609 -15.428518295288086 1
110.20407867431641 48.155628204345703 3
-55.894744873046875 -5.1428399085998535 4
58.333332061767578 43.480335235595703 3
-103.43283081054688 31.324558258056641 2
21.923076629638672 -21.038887023925781 1
114.54545593261719 32.259616851806641 2
-54 -5.1428399085998535 4
73.972602844238281 25.714193344116211 2
-99.310333251953125 66.856689453125 1
28.799999237060547 47.220569610595703 2
124.05405426025391 59.376296997070312 2
-46.3636474609375 63.116500854492188 1
77.727272033691406 11.688272476196289 3
-90 34.129737854003906 2
26.538461685180664 -21.038887023925781 3
121.2244873046875 48.155628204345703 2
-12.5 26.649253845214844 2
80.526313781738281 22.90900993347168 4
-85.862060546875 12.623332977294922 4
32.5 60.311347961425781 2
135.84906005859375 44.415393829345703 2
-6 23.844070434570312 2
84.193550109863281 35.999858856201172 3
-77.647064208984375 46.285511016845703 1
31.153846740722656 -21.038887023925781 2
141.29032897949219 -7.012962818145752 4
3.3333332538604736 18.23370361328125 2
95.625 49.090686798095703 2
-72 -42.545276641845703 2
39.489795684814453 -2.3376541137695312 3
146.06556701660156 -36.934921264648438 2
-1.20001220703125 23.844070434570312 2
99.375 49.090686798095703 3
-72.947357177734375 5.1428399085998535 4
35.357143402099609 -15.428518295288086 4
149.01638793945312 -36.934921264648438 2
-1.0465087890625 13.558395385742188 1
93.15789794921875 40.675159454345703 2
-67.20001220703125 -23.844070434570312 1
38.25 56.571136474609375 2
-138.64865112304688 59.376296997070312 1
2.6086957454681396 29.454435348510742 2
103.92857360839844 15.428518295288086 3
-64.79998779296875 -23.844070434570312 4
43.098590850830078 27.584314346313477 1
-115.71427917480469 48.155628204345703 2
12.222222328186035 18.23370361328125 1
109.28571319580078 28.519374847412109 4
-62.0689697265625 -12.623332977294922 4
47.647060394287109 62.181453704833984 2
-108.57142639160156 35.064800262451172 3
18 65.921646118164062 1
111.85713958740234 28.519374847412109 4
-53.617034912109375 -6.0779008865356445 4
56.25 19.168764114379883 3
-99.729736328125 24.779132843017578 2
19.780220031738281 -8.883087158203125 1
114.42857360839844 28.519374847412109 4
-51.1363525390625 -11.688272476196289 4
57.272727966308594 32.259616851806641 3
-102.55813598632812 53.765968322753906 6
15.454545021057129 -1.4025930166244507 2
108.94736480712891 40.675159454345703 2
-49.175262451171875 -3.2727160453796387 3
57.735847473144531 44.415393829345703 3
-95.094329833984375 44.415393829345703 2
18.191490173339844 -6.0779008865356445 1
112.10526275634766 40.675159454345703 2
-45 69.661819458007812 1
59.577465057373047 27.584314346313477 3
-97.142852783203125 35.064800262451172 2
20.106382369995117 -6.0779008865356445 1
113.47826385498047 -7.9480252265930176 3
-45 -11.688272476196289 3
65.454544067382812 32.259616851806641 2
-88.3018798828125 44.415393829345703 4
23.478260040283203 -29.454435348510742 2
118.42105102539062 40.675159454345703 2
-40.449432373046875 -10.753210067749023 4
70.3125 64.051551818847656 6
-78.2608642578125 50.960800170898438 6
27.341772079467773 20.103824615478516 2
123.15789794921875 40.675159454345703 2
-11.12359619140625 10.753210067749023 2
82.800003051757812 47.220569610595703 3
-69.375 4.2077779769897461 4
30 51.895858764648438 2
129.19354248046875 35.999858856201172 2
0 26.649253845214844 2
90 26.649253845214844 2
-70.434783935546875 50.960800170898438 1
33.626373291015625 -8.883087158203125 4
140.52632141113281 40.675159454345703 2
7.1052632331848145 58.441242218017578 1
92.5 26.649253845214844 4
-70.588226318359375 -46.285511016845703 1
31.304347991943359 29.454435348510742 2
136.15383911132812 57.506191253662109 2
7.0588235855102539 46.285511016845703 2
92.8125 64.051551818847656 3
-68.399993896484375 0.4675309956073761 3
36.666667938232422 68.726776123046875 2
159.23077392578125 57.506191253662109 2
11.123595237731934 10.753210067749023 1
96.75 56.571136474609375 2
-71.413055419921875 -7.9480252265930176 4
36.315788269042969 40.675159454345703 2
170.68965148925781 66.856689453125 2
13.14606761932373 10.753210067749023 4
100.32786560058594 36.934921264648438 3
-67 9.8181476593017578 4
41.170211791992188 6.0779008865356445 2
-145.16128540039062 64.986602783203125 2
14.0625 4.2077779769897461 2
102.5 26.649253845214844 4
-65.204071044921875 -2.3376541137695312 3
42.631580352783203 40.675159454345703 2
-124.61538696289062 57.506191253662109 1
13.775509834289551 -2.3376541137695312 1
95.86956787109375 50.960800170898438 2
-64.28570556640625 -35.064800262451172 2
43.815788269042969 22.90900993347168 2
-120 46.285511016845703 2
17.5 26.649253845214844 2
107.5 26.649253845214844 4
-56.78570556640625 -15.428518295288086 4
46.956520080566406 29.454435348510742 1
-115.38461303710938 57.506191253662109 6
20 26.649253845214844 2
114.17910766601562 31.324558258056641 2
-44.516143798828125 -7.012962818145752 1
54.642856597900391 67.791732788085938 6
-109.85293579101562 30.389497756958008 2
26.129032135009766 -7.012962818145752 4
118.75 -26.649253845214844 2
-41.29412841796875 -14.493456840515137 3
64.285713195800781 61.246402740478516 1
-102.85714721679688 54.701026916503906 1
26.162790298461914 -13.558395385742188 3
122.40000152587891 47.220569610595703 2
-38.571441650390625 67.791732788085938 1
74 51.895858764648438 2
-95.142852783203125 61.246402740478516 1
27.5 26.649253845214844 2
122.05479431152344 -25.714193344116211 2
-11.6129150390625 7.012962818145752 2
76.551727294921875 12.623332977294922 3
-96.923065185546875 57.506191253662109 2
30 26.649253845214844 2
126.25 -26.649253845214844 1
-40.3125 -4.2077779769897461 4
72 70.596855163574219 3
-85.81396484375 13.558395385742188 2
32.441860198974609 -13.558395385742188 4
131.11111450195312 -18.23370361328125 1
-11.5384521484375 21.038887023925781 3
79.199996948242188 70.596855163574219 3
-83.720916748046875 13.558395385742188 4
32.400001525878906 23.844070434570312 2
134.36619567871094 -27.584314346313477 1
0 13.558395385742188 1
86.400001525878906 70.596855163574219 2
-73.6363525390625 -11.688272476196289 4
34.799999237060547 23.844070434570312 3
136.80000305175781 -23.844070434570312 1
2.0930233001708984 13.558395385742188 1
93.599998474121094 70.596855163574219 2
-70.85107421875 -6.0779008865356445 4
41.785713195800781 41.610218048095703 2
139.43661499023438 -27.584314346313477 1
4.9450550079345703 8.883087158203125 3
98.888885498046875 18.23370361328125 4
-68.571441650390625 54.701026916503906 1
45 7.9480252265930176 2
149.14285278320312 -28.519374847412109 4
9 28.519374847412109 2
101.11111450195312 18.23370361328125 4
-64.28570556640625 54.701026916503906 1
47.213115692138672 36.934921264648438 2
177 65.921646118164062 2
14.594594955444336 24.779132843017578 2
106 51.895858764648438 2
-60.61224365234375 2.3376541137695312 3
48.913043975830078 7.9480252265930176 2
-145.58824157714844 62.181453704833984 2
19.87013053894043 -21.973947525024414 1
111.89189147949219 24.779132843017578 4
-57.446807861328125 6.0779008865356445 4
54.642856597900391 41.610218048095703 3
-120 35.064800262451172 2
18.367347717285156 2.3376541137695312 2
109.09091186523438 63.116500854492188 2
-58.65167236328125 -10.753210067749023 4
56.065574645996094 36.934921264648438 3
-109.01408386230469 27.584314346313477 2
19.484535217285156 -3.2727160453796387 2
116.75675964355469 24.779132843017578 4
-54 -9.8181476593017578 4
59.016391754150391 36.934921264648438 3
-103.6363525390625 32.259616851806641 1
22.040817260742188 2.3376541137695312 2
131.01266479492188 -20.103824615478516 1
-49.3902587890625 -17.298641204833984 4
69.599998474121094 23.844070434570312 3
-93.600006103515625 47.220569610595703 2
26.756755828857422 24.779132843017578 1
133.2911376953125 -20.103824615478516 1
-35.217376708984375 72.4669189453125 1
76.595741271972656 50.025741577148438 2
-77.8125 -4.2077779769897461 4
29.220779418945312 21.973947525024414 2
141.42857360839844 61.246402740478516 2
-3.10345458984375 12.623332977294922 1
83.382354736328125 30.389497756958008 3
-75.176483154296875 -14.493456840515137 2
29.571428298950195 28.519374847412109 2
146.57142639160156 61.246402740478516 2
-1.03448486328125 12.623332977294922 2
83.898307800292969 38.805038452148438 6
-74.831451416015625 10.753210067749023 4
24.725275039672852 8.883087158203125 2
129.80769348144531 45.350452423095703 2
-14.025970458984375 21.973947525024414 2
77.5 26.649253845214844 2
-72.1875 -4.2077779769897461 4
27.20930290222168 13.558395385742188 2
133.26922607421875 45.350452423095703 2
-8.03570556640625 41.610218048095703 3
80 26.649253845214844 2
-75.600006103515625 47.220569610595703 1
28.681318283081055 8.883087158203125 4
144.68354797363281 -20.103824615478516 4
-5.901641845703125 36.934921264648438 3
84 23.844070434570312 2
-72 47.220569610595703 1
30.789474487304688 -22.90900993347168 2
158.18182373046875 63.116500854492188 2
-2.9508056640625 36.934921264648438 2
86.400001525878906 23.844070434570312 3
-64.588226318359375 -14.493456840515137 4
33.488372802734375 13.558395385742188 4
165.48387145996094 64.986602783203125 2
9.2045450210571289 11.688272476196289 1
97.5 60.311347961425781 2
-55.454559326171875 1.4025930166244507 4
38.041236877441406 -3.2727160453796387 2
-141.42857360839844 67.791732788085938 2
16.179775238037109 -10.753210067749023 3
101.91176605224609 30.389497756958008 3
-51.279083251953125 -13.558395385742188 4
47.571430206298828 28.519374847412109 1
-123.15789794921875 40.675159454345703 4
16.363636016845703 -11.688272476196289 3
104.55882263183594 30.389497756958008 3
-58.06451416015625 -7.012962818145752 4
43.269229888916016 45.350452423095703 2
-119.03225708007812 35.999858856201172 2
18.49315071105957 -25.714193344116211 2
104.84535980224609 -3.2727160453796387 3
-49.5 -19.168764114379883 4
46.730770111083984 45.350452423095703 2
-112.17391967773438 29.454435348510742 4
22.247190475463867 -10.753210067749023 2
105.88235473632812 62.181453704833984 2
-57.1875 -4.2077779769897461 3
50.192306518554688 45.350452423095703 2
-109.56521606445312 29.454435348510742 2
19.565217971801758 7.9480252265930176 3
111.17646789550781 62.181453704833984 6
-45 -19.168764114379883 4
59.538459777832031 33.194679260253906 3
-103.5 19.168764114379883 4
21.521739959716797 7.9480252265930176 1
115.14705657958984 30.389497756958008 2
-50.32257080078125 -7.012962818145752 4
54 51.895858764648438 2
-98.630126953125 25.714193344116211 3
22.5 -4.2077779769897461 2
115.19999694824219 -23.844070434570312 2
-51.26580810546875 -20.103824615478516 1
58 51.895858764648438 4
-95.625 49.090686798095703 6
24.705883026123047 46.285511016845703 3
117.59999847412109 -23.844070434570312 2
-14.823516845703125 14.493456840515137 1
67.846153259277344 33.194679260253906 3
-91.875 49.090686798095703 1
27.613636016845703 11.688272476196289 2
120 -23.844070434570312 2
-7.5 37.869979858398438 3
79.480522155761719 21.973947525024414 4
-80.30767822265625 33.194679260253906 3
32.727272033691406 -11.688272476196289 3
132.1875 64.051551818847656 2
-1.6363525390625 42.545276641845703 2
91.551727294921875 39.740100860595703 2
-76.595733642578125 6.0779008865356445 4
34.772727966308594 -11.688272476196289 3
137.8125 64.051551818847656 2
1.6071428060531616 41.610218048095703 2
90 24.779132843017578 2
-74.68084716796875 6.0779008865356445 4
36.268657684326172 31.324558258056641 3
136.1842041015625 -22.90900993347168 1
11.408451080322266 27.584314346313477 1
90 72.4669189453125 2
-74 -51.895858764648438 2
36.923076629638672 57.506191253662109 2
142.68292236328125 -17.298641204833984 3
1.1688311100006104 21.973947525024414 2
84 37.869979858398438 6
-71.1290283203125 -35.999858856201172 2
38.571430206298828 15.428518295288086 2
148.69564819335938 -29.454435348510742 4
4.0909090042114258 32.259616851806641 3
92.337661743164062 21.973947525024414 3
-69.545440673828125 -52.830913543701172 5
39.886363983154297 11.688272476196289 4
160.3125 64.051551818847656 2
13.263157844543457 -5.1428399085998535 4
103.44827270507812 12.623332977294922 3
-67.021270751953125 6.0779008865356445 4
42.127658843994141 50.025741577148438 2
-135 60.311347961425781 1
15.157895088195801 -5.1428399085998535 4
105.51724243164062 12.623332977294922 3
-62.419342041015625 -35.999858856201172 1
56.25 34.129737854003906 1
-121.5 56.571136474609375 2
17.052631378173828 -5.1428399085998535 4
109.28571319580078 67.791732788085938 2
-60.29998779296875 -0.4675309956073761 4
56.440677642822266 38.805038452148438 3
-115.19999694824219 47.220569610595703 2
18 -0.4675309956073761 2
115.71428680419922 67.791732788085938 2
-53.406585693359375 -8.883087158203125 4
64.852943420410156 30.389497756958008 4
-109.56521606445312 72.4669189453125 2
22.5 56.571136474609375 2
122.58620452880859 39.740100860595703 2
-50.259735107421875 -21.973947525024414 2
68.275863647460938 66.856689453125 2
-91.343292236328125 31.324558258056641 2
26.129032135009766 7.012962818145752 2
133.875 -19.168764114379883 1
-39.13043212890625 -7.9480252265930176 4
75 54.701026916503906 4
-94.821441650390625 41.610218048095703 2
27.391304016113281 -7.9480252265930176 1
135 67.791732788085938 4
-40.1204833984375 -16.363580703735352 4
78.461540222167969 57.506191253662109 2
-80.425537109375 50.025741577148438 1
29.34782600402832 -7.9480252265930176 4
138.375 -19.168764114379883 3
-27 75.271995544433594 1
82.941177368164062 46.285511016845703 2
-79.354827880859375 -7.012962818145752 2
31.935483932495117 7.012962818145752 4
146.66667175292969 -43.480335235595703 1
-4.7872314453125 6.0779008865356445 4
91.304344177246094 29.454435348510742 3
-70.11627197265625 -13.558395385742188 2
35.689655303955078 39.740100860595703 2
171.66667175292969 -43.480335235595703 2
3.461538553237915 45.350452423095703 2
94.285713195800781 74.33697509765625 3
-67.8082275390625 -25.714193344116211 4
39.375 64.051551818847656 1
-127.31707763671875 55.636081695556641 2
10.909090995788574 1.4025930166244507 2
103.06451416015625 35.999858856201172 3
-65.34246826171875 -25.714193344116211 4
37.741935729980469 7.012962818145752 4
-111.60000610351562 70.596855163574219 2
11.739130020141602 29.454435348510742 2
100.71428680419922 54.701026916503906 2
-50.1136474609375 -11.688272476196289 4
56.037734985351562 44.415393829345703 3
-81.147552490234375 36.934921264648438 4
24.146341323852539 -17.298641204833984 2
123.75 49.090686798095703 2
-42.857147216796875 74.33697509765625 1
63 56.571136474609375 2
-86.78570556640625 15.428518295288086 2
26.341463088989258 -17.298641204833984 4
124.13793182373047 66.856689453125 2
-41.5384521484375 69.661819458007812 1
67.5 56.571136474609375 2
-84.642852783203125 15.428518295288086 4
26.808509826660156 6.0779008865356445 2
133.92857360839844 -15.428518295288086 1
-25.71429443359375 74.33697509765625 1
76.76470947265625 62.181453704833984 6
-76.153839111328125 81.816841125488281 1
28.681318283081055 -8.883087158203125 1
136.55172729492188 66.856689453125 2
-12.13482666015625 10.753210067749023 2
84.098358154296875 36.934921264648438 3
-67.5 -37.869979858398438 1
30.731706619262695 55.636081695556641 2
141.15789794921875 -5.1428399085998535 3
-1.267608642578125 27.584314346313477 1
91.343284606933594 31.324558258056641 3
-61.411773681640625 -14.493456840515137 4
35.604396820068359 8.883087158203125 4
148.96551513671875 66.856689453125 2
12.272727012634277 11.688272476196289 1
97.875 19.168764114379883 4
-61.875 -4.2077779769897461 3
37.317073822021484 -17.298641204833984 1
155.17240905761719 66.856689453125 2
13.928571701049805 15.428518295288086 2
94.800003051757812 23.844070434570312 4
-66.97674560546875 53.765968322753906 1
36.382980346679688 6.0779008865356445 4
-159.67741394042969 64.986602783203125 2
16.578947067260742 58.441242218017578 1
99.402984619140625 31.324558258056641 3
-66.428558349609375 -15.428518295288086 4
39.193550109863281 35.999858856201172 3
-150 63.116500854492188 1
16.875 -19.168764114379883 4
101.25 64.051551818847656 2
-65.70001220703125 0.4675309956073761 3
42.096775054931641 35.999858856201172 2
-126.42857360839844 54.701026916503906 2
19.125 -19.168764114379883 1
104.776123046875 31.324558258056641 3
-65.853668212890625 55.636081695556641 6
45 35.999858856201172 2
-108.94737243652344 40.675159454345703 2
19.354839324951172 -7.012962818145752 1
106.15384674072266 21.038887023925781 3
-62.100006103515625 0.4675309956073761 3
44.210525512695312 40.675159454345703 2
-117.85714721679688 54.701026916503906 2
18.202247619628906 10.753210067749023 2
109.80000305175781 47.220569610595703 2
-55.3125 4.2077779769897461 4
48.75 49.090686798095703 2
-113.57142639160156 54.701026916503906 3
21.428571701049805 54.701026916503906 2
114 65.921646118164062 2
-45.483856201171875 -7.012962818145752 4
53.709678649902344 35.999858856201172 3
-100.16128540039062 35.999858856201172 2
25.161291122436523 -7.012962818145752 2
120 65.921646118164062 6
-11.647064208984375 14.493456840515137 2
73.5 37.869979858398438 3
-96.3157958984375 40.675159454345703 2
30.326086044311523 7.9480252265930176 4
123.75 41.610218048095703 2
-12.07318115234375 17.298641204833984 3
74.571426391601562 28.519374847412109 1
-80.109893798828125 8.883087158203125 3
32.625 -19.168764114379883 4
126 -23.844070434570312 1
-9.8780517578125 17.298641204833984 1
76.153846740722656 45.350452423095703 6
-79.46807861328125 -6.0779008865356445 2
32.8125 -4.2077779769897461 4
128.36065673828125 36.934921264648438 2
-5.29412841796875 14.493456840515137 4
79.714286804199219 28.519374847412109 2
-77.553192138671875 -6.0779008865356445 4
32.553192138671875 50.025741577148438 2
130.80000305175781 -23.844070434570312 1
-3.176483154296875 14.493456840515137 1
83.076919555664062 33.194679260253906 3
-74.226806640625 -3.2727160453796387 3
33.934425354003906 36.934921264648438 2
133.33332824707031 68.726776123046875 4
0 44.415393829345703 1
86.538459777832031 45.350452423095703 6
-70.909088134765625 63.116500854492188 1
38.4375 -4.2077779769897461 4
142.71427917480469 -28.519374847412109 4
2.5714285373687744 28.519374847412109 1
91.5 37.869979858398438 2
-69.13043212890625 -29.454435348510742 2
41.25 26.649253845214844 2
146.84210205078125 -22.90900993347168 2
9.7826089859008789 50.960800170898438 2
101.36842346191406 5.1428399085998535 4
-66.521728515625 -29.454435348510742 1
47.872341156005859 50.025741577148438 3
153.33332824707031 68.726776123046875 2
11.134020805358887 -3.2727160453796387 3
104.40000152587891 70.596855163574219 2
-63.913055419921875 -29.454435348510742 1
47.848102569580078 -20.103824615478516 4
-153.5294189453125 62.181453704833984 1
16.363636016845703 -21.973947525024414 2
114.14633941650391 55.636081695556641 2
-61 -9.8181476593017578 4
56.417911529541016 31.324558258056641 3
-123.2608642578125 50.960800170898438 1
19.518072128295898 -16.363580703735352 2
117.88732147216797 27.584314346313477 4
-49.090911865234375 -21.973947525024414 2
64.067794799804688 38.805038452148438 6
-106.19999694824219 47.220569610595703 2
22.5 -0.4675309956073761 2
122.72727203369141 42.545276641845703 2
-54 -0.4675309956073761 4
63.191490173339844 50.025741577148438 2
-107.5 60.311347961425781 1
23.376623153686523 -21.973947525024414 1
126 42.545276641845703 2
-52.68292236328125 -17.298641204833984 1
67.021278381347656 50.025741577148438 2
-99 47.220569610595703 2
23.108108520507812 24.779132843017578 2
129.8734130859375 -20.103824615478516 1
-44.5054931640625 -8.883087158203125 2
73.636360168457031 52.830913543701172 2
-92.25 56.571136474609375 6
28.051948547363281 -21.973947525024414 2
141.75 -19.168764114379883 1
-9.402984619140625 31.324558258056641 2
79.411766052246094 30.389497756958008 3
-75 60.311347961425781 2
30.361446380615234 -16.363580703735352 2
146.25 -34.129737854003906 3
-2.045440673828125 52.830913543701172 2
91.666664123535156 43.480335235595703 3
-68.333343505859375 -43.480335235595703 3
33.157894134521484 -5.1428399085998535 4
163.92857360839844 67.791732788085938 2
-0.989013671875 8.883087158203125 4
84.705879211425781 30.389497756958008 3
-65.454559326171875 1.4025930166244507 4
35.052631378173828 -5.1428399085998535 4
-75.53570556640625 41.610218048095703 3
23.85542106628418 16.363580703735352 3
127.6119384765625 -31.324558258056641 2
-31.76470947265625 78.077003479003906 1
77.142860412597656 41.610218048095703 3
-72.808990478515625 10.753210067749023 4
26.052631378173828 -22.90900993347168 1
132.92308044433594 33.194679260253906 4
-10.140838623046875 27.584314346313477 2
78.75 19.168764114379883 3
-79.20001220703125 0.4675309956073761 2
28.192771911621094 16.363580703735352 3
132.98507690429688 -31.324558258056641 1
-7.77777099609375 18.23370361328125 1
82.5 26.649253845214844 2
-73.125 4.2077779769897461 4
30.361446380615234 16.363580703735352 3
140.86956787109375 -7.9480252265930176 4
-5.5555419921875 18.23370361328125 1
84.230766296386719 21.038887023925781 3
-68.399993896484375 47.220569610595703 2
32.637363433837891 8.883087158203125 4
143.57142639160156 -15.428518295288086 2
3.033707857131958 10.753210067749023 3
90 73.401947021484375 2
-59.673919677734375 7.9480252265930176 4
35.526317596435547 -22.90900993347168 1
171.29032897949219 64.986602783203125 2
13.235294342041016 30.389497756958008 2
101.25 34.129737854003906 3
-53.6363525390625 1.4025930166244507 4
40.408164978027344 2.3376541137695312 4
-146.57142639160156 61.246402740478516 1
15.882352828979492 30.389497756958008 2
103.5 -0.4675309956073761 4
-60 -37.869979858398438 4
41.707317352294922 55.636081695556641 2
-128.57142639160156 67.791732788085938 2
15.65217399597168 7.9480252265930176 1
100.58823394775391 62.181453704833984 2
-56.1290283203125 -7.012962818145752 4
45.542167663574219 16.363580703735352 1
-116.84210205078125 40.675159454345703 2
20.454545974731445 -11.688272476196289 1
102.85713958740234 41.610218048095703 2
-60.697662353515625 53.765968322753906 1
46 51.895858764648438 2
-113.22579956054688 35.999858856201172 3
19.285715103149414 67.791732788085938 1
106.07142639160156 41.610218048095703 2
-52.258056640625 -7.012962818145752 4
53.653846740722656 45.350452423095703 4
-106.95652770996094 29.454435348510742 2
21.428571701049805 15.428518295288086 2
109.28571319580078 41.610218048095703 2
-53.4375 -4.2077779769897461 4
46.799999237060547 -23.844070434570312 3
-101.25 19.168764114379883 2
21.176469802856445 46.285511016845703 3
112.04081726074219 2.3376541137695312 7
-55.10205078125 48.155628204345703 2
48.987342834472656 20.103824615478516 1
-101.7391357421875 29.454435348510742 2
22.881355285644531 38.805038452148438 2
115.71428680419922 41.610218048095703 2
-40.909088134765625 73.401947021484375 1
62 51.895858764648438 2
-99.13043212890625 29.454435348510742 4
27 -19.168764114379883 1
119.15493011474609 -27.584314346313477 2
-9.863006591796875 25.714193344116211 2
72.43902587890625 55.636081695556641 4
-88.125 49.090686798095703 1
30 15.428518295288086 1
128.57142639160156 -28.519374847412109 1
-5.921051025390625 22.90900993347168 2
87.56756591796875 24.779132843017578 2
-81.098907470703125 8.883087158203125 3
32.142856597900391 15.428518295288086 1
133.8157958984375 -22.90900993347168 1
-3.552642822265625 22.90900993347168 2
82.173912048339844 72.4669189453125 2
-76 -9.8181476593017578 2
34.137931823730469 -12.623332977294922 1
133.71427917480469 -28.519374847412109 2
8.8524589538574219 36.934921264648438 2
85.609756469726562 55.636081695556641 2
-75.164825439453125 8.883087158203125 4
36.206897735595703 -12.623332977294922 4
138.55262756347656 -22.90900993347168 2
-3 9.8181476593017578 3
82 51.895858764648438 2
-72 -9.8181476593017578 4
37.840908050537109 11.688272476196289 4
144.8780517578125 -17.298641204833984 1
2.4324324131011963 24.779132843017578 1
87 37.869979858398438 3
-70 -9.8181476593017578 4
38.863636016845703 52.830913543701172 2
151.30435180664062 -29.454435348510742 2
10 60.311347961425781 1
98.780487060546875 55.636081695556641 2
-68 -9.8181476593017578 4
41.086956024169922 7.9480252265930176 4
165.9375 64.051551818847656 2
14.399999618530273 -0.4675309956073761 4
103.125 -4.2077779769897461 2
-65.10638427734375 6.0779008865356445 4
53.38983154296875 38.805038452148438 4
-161.4705810546875 62.181453704833984 2
14.096385955810547 -16.363580703735352 4
107.58620452880859 12.623332977294922 4
-63.191497802734375 6.0779008865356445 2
52.3880615234375 31.324558258056641 3
-117.39131164550781 72.4669189453125 1
15.65217399597168 50.960800170898438 2
114.08451080322266 27.584314346313477 4
-58.5 -0.4675309956073761 4
62.068965911865234 66.856689453125 2
-112.5 56.571136474609375 6
20.149253845214844 -31.324558258056641 2
121.89873504638672 -20.103824615478516 1
-51.428558349609375 -8.883087158203125 4
64.6875 34.129737854003906 3
-101.7391357421875 72.4669189453125 2
23.823530197143555 62.181453704833984 2
128.57142639160156 67.791732788085938 2
-42.289154052734375 -16.363580703735352 4
73.846153259277344 57.506191253662109 2
-101.11111450195312 18.23370361328125 2
25.471698760986328 44.415393829345703 2
129.60000610351562 70.596855163574219 2
-45.58441162109375 -21.973947525024414 4
72.794120788574219 30.389497756958008 3
-91.607147216796875 41.610218048095703 2
26.526315689086914 -5.1428399085998535 4
136.80000305175781 70.596855163574219 2
-41.6842041015625 -5.1428399085998535 4
75.441177368164062 30.389497756958008 2
-84.70587158203125 78.077003479003906 2
28.421052932739258 -5.1428399085998535 4
144.375 -4.2077779769897461 5
-6.1016845703125 38.805038452148438 3
87.692306518554688 57.506191253662109 2
-72.765960693359375 50.025741577148438 1
33.260868072509766 -7.9480252265930176 4
154.28572082519531 67.791732788085938 2
-2.872344970703125 6.0779008865356445 4
92.307693481445312 57.506191253662109 2
-68.10809326171875 -24.779132843017578 1
38.793102264404297 39.740100860595703 2
-136.66667175292969 68.726776123046875 1
9.1304349899291992 29.454435348510742 2
98.289474487304688 22.90900993347168 4
-65.93023681640625 -13.558395385742188 4
34.897960662841797 48.155628204345703 2
-114.54545593261719 42.545276641845703 2
9.7297296524047852 59.376296997070312 2
99.863014221191406 25.714193344116211 3
-64.545440673828125 1.4025930166244507 4
35.581394195556641 53.765968322753906 2
-118.53659057617188 55.636081695556641 4
9.6923074722290039 33.194679260253906 2
100 43.480335235595703 2
-60.810821533203125 -24.779132843017578 2
39.767440795898438 53.765968322753906 2
-116.66667175292969 68.726776123046875 2
13.561643600463867 25.714193344116211 1
96.136360168457031 52.830913543701172 2
-60.909088134765625 1.4025930166244507 3
43.548385620117188 7.012962818145752 2
-111 65.921646118164062 1
16.027397155761719 25.714193344116211 2
105.15789794921875 -5.1428399085998535 4
-57.272735595703125 -1.4025930166244507 4
45.483871459960938 7.012962818145752 2
-105.36585998535156 55.636081695556641 1
16.714284896850586 -28.519374847412109 1
101.25 71.531890869140625 2
-54 70.596855163574219 1
52.325580596923828 53.765968322753906 2
-98.18182373046875 42.545276641845703 1
20.958904266357422 25.714193344116211 2
112.17391204833984 29.454435348510742 4
-46.79998779296875 70.596855163574219 1
60.517242431640625 39.740100860595703 6
-87.142852783203125 35.064800262451172 4
23.424657821655273 25.714193344116211 2
116.25 71.531890869140625 2
-10.7608642578125 7.9480252265930176 2
70.985916137695312 27.584314346313477 1
-87 65.921646118164062 1
25 -9.8181476593017578 2
117.39130401611328 29.454435348510742 4
-30 77.142013549804688 1
64.285713195800781 48.155628204345703 2
-87.80487060546875 55.636081695556641 5
27 -28.519374847412109 3
120 29.454435348510742 4
2.25 19.168764114379883 2
70.540542602539062 24.779132843017578 1
-85.090911865234375 42.545276641845703 2
29 -9.8181476593017578 3
126.66666412353516 43.480335235595703 2
-3.21429443359375 15.428518295288086 2
72.931037902832031 39.740100860595703 3
-88.941162109375 14.493456840515137 2
30 -18.23370361328125 2
124.02439117431641 -17.298641204833984 1
1.914893627166748 50.025741577148438 2
76.03448486328125 39.740100860595703 4
-81.81817626953125 73.401947021484375 1
30.405405044555664 -24.779132843017578 4
127.5 60.311347961425781 2
1.40625 34.129737854003906 2
77.837837219238281 24.779132843017578 4
-77.142852783203125 -8.883087158203125 2
31.690141677856445 -27.584314346313477 2
132.5 60.311347961425781 2
4 9.8181476593017578 3
80.270271301269531 24.779132843017578 3
-72 42.545276641845703 1
34.411766052246094 30.389497756958008 2
137.5 60.311347961425781 2
12.272727012634277 52.830913543701172 2
86.326530456542969 48.155628204345703 2
-68.210540771484375 -5.1428399085998535 3
38.181819915771484 1.4025930166244507 2
142.5 60.311347961425781 2
16.941177368164062 -14.493456840515137 1
100 68.726776123046875 2
-60.65216064453125 -7.9480252265930176 3
49.315067291259766 25.714193344116211 1
150.88235473632812 -30.389497756958008 2
19.756097793579102 17.298641204833984 1
106.66666412353516 68.726776123046875 2
-62.164947509765625 3.2727160453796387 4
51.818180084228516 63.116500854492188 1
-122.55319213867188 50.025741577148438 2
21.923076629638672 21.038887023925781 2
106.74418640136719 13.558395385742188 4
-62.52630615234375 -5.1428399085998535 3
52.258064270019531 64.986602783203125 2
-118.72340393066406 50.025741577148438 2
23.294116973876953 -14.493456840515137 1
105 32.259616851806641 3
-60 51.895858764648438 1
56.842105865478516 22.90900993347168 2
-108.75 26.649253845214844 2
21.724138259887695 66.856689453125 1
104.28571319580078 35.064800262451172 2
-57.469879150390625 -16.363580703735352 3
63.870967864990234 64.986602783203125 1
-102.27273559570312 52.830913543701172 3
24.107143402099609 41.610218048095703 2
110 1.4025930166244507 1
-56.84210205078125 -5.1428399085998535 4
56.666667938232422 43.480335235595703 3
-98.18182373046875 52.830913543701172 3
27.321428298950195 41.610218048095703 3
120 -1.4025930166244507 2
-53.132537841796875 -16.363580703735352 1
60 43.480335235595703 1
-94.576263427734375 38.805038452148438 2
31.224489212036133 -2.3376541137695312 3
123.48837280273438 53.765968322753906 2
-45.918365478515625 -2.3376541137695312 2
81.290321350097656 64.986602783203125 1
-91.40625 34.129737854003906 3
33.061225891113281 -2.3376541137695312 4
127.67441558837891 53.765968322753906 2
-10.465118408203125 13.558395385742188 2
79.34210205078125 22.90900993347168 4
-86.666656494140625 43.480335235595703 1
30 60.311347961425781 2
131.35134887695312 59.376296997070312 2
-1.153839111328125 21.038887023925781 3
92.903228759765625 64.986602783203125 2
-81 75.271995544433594 1
36.818180084228516 32.259616851806641 2
140.32258605957031 -7.012962818145752 4
1.1392405033111572 20.103824615478516 3
93.75 49.090686798095703 2
-69.428558349609375 -28.519374847412109 2
40.235294342041016 -14.493456840515137 1
145.55555725097656 -18.23370361328125 2
4.4444446563720703 18.23370361328125 2
100.28571319580078 28.519374847412109 3
-70.3636474609375 -42.545276641845703 3
42.272727966308594 32.259616851806641 2
150.84507751464844 -27.584314346313477 3
0 22.90900993347168 2
101.25 49.090686798095703 3
-68.399993896484375 -23.844070434570312 2
39.056602478027344 44.415393829345703 2
-153 65.921646118164062 2
2.3684210777282715 22.90900993347168 3
102.85713958740234 15.428518295288086 3
-65.17242431640625 -12.623332977294922 4
42.452831268310547 44.415393829345703 2
-117.20930480957031 53.765968322753906 2
15.319149017333984 6.0779008865356445 2
108.75 49.090686798095703 2
-59.142852783203125 -28.519374847412109 4
50.454544067382812 32.259616851806641 2
-107.30769348144531 69.661819458007812 2
17.234043121337891 6.0779008865356445 2
112.5 49.090686798095703 3
-54.574462890625 -6.0779008865356445 4
55.125 19.168764114379883 3
-100.14083862304688 27.584314346313477 2
20.602409362792969 16.363580703735352 1
122.35955047607422 10.753210067749023 4
-52.659576416015625 -6.0779008865356445 4
55.588233947753906 62.181453704833984 2
-91.071441650390625 15.428518295288086 3
22.771083831787109 16.363580703735352 2
124.61538696289062 -21.038887023925781 1
-92.727264404296875 32.259616851806641 4
18.888889312744141 18.23370361328125 2
116.25 4.2077779769897461 3
-46.516845703125 -10.753210067749023 4
63.529411315917969 62.181453704833984 1
-90 50.960800170898438 1
21.111110687255859 18.23370361328125 2
121.03448486328125 66.856689453125 2
-38.571441650390625 74.33697509765625 1
65.25 56.571136474609375 2
-87.272735595703125 32.259616851806641 4
22.784811019897461 20.103824615478516 2
117.79412078857422 -30.389497756958008 2
-38.076934814453125 69.661819458007812 1
75.599998474121094 47.220569610595703 2
-82.173919677734375 50.960800170898438 6
25.063291549682617 20.103824615478516 2
133.125 49.090686798095703 2
-15 15.428518295288086 2
79.199996948242188 47.220569610595703 2
-71.25 4.2077779769897461 4
28.536584854125977 55.636081695556641 2
136.875 49.090686798095703 2
-4.675323486328125 21.973947525024414 3
86.538459777832031 21.038887023925781 3
-67.215179443359375 -20.103824615478516 2
32.926830291748047 55.636081695556641 2
142.10527038574219 -5.1428399085998535 3
5.8064517974853516 35.999858856201172 2
92.686569213867188 31.324558258056641 3
-63 -37.869979858398438 2
36.593406677246094 8.883087158203125 4
144 -5.1428399085998535 3
13.125 -4.2077779769897461 4
95.373130798339844 31.324558258056641 3
-69.06976318359375 53.765968322753906 1
35.425533294677734 6.0779008865356445 4
146.41790771484375 -31.324558258056641 2
14.210526466369629 58.441242218017578 1
95 26.649253845214844 4
-63.75 4.2077779769897461 4
37.741935729980469 35.999858856201172 2
-156.77420043945312 64.986602783203125 2
16.875 -4.2077779769897461 1
97.5 26.649253845214844 4
-68.8775634765625 -2.3376541137695312 3
40.645160675048828 35.999858856201172 3
-133.84616088867188 57.506191253662109 2
14.117647171020508 46.285511016845703 2
101.25 56.571136474609375 2
-64.28570556640625 80.881912231445312 2
44.430377960205078 20.103824615478516 1
-126 61.246402740478516 1
15.697674751281738 -13.558395385742188 2
103.2786865234375 36.934921264648438 3
-63 0.4675309956073761 3
43.714286804199219 61.246402740478516 2
-120 54.701026916503906 2
15.9375 4.2077779769897461 2
105.59999847412109 23.844070434570312 3
-62.5423583984375 -38.805038452148438 2
45.789474487304688 40.675159454345703 2
-115.71427917480469 54.701026916503906 2
19.213483810424805 10.753210067749023 3
111 65.921646118164062 2
-48.987335205078125 -20.103824615478516 4
50.625 49.090686798095703 2
-111.42857360839844 54.701026916503906 3
21.976743698120117 -13.558395385742188 1
115.19999694824219 47.220569610595703 2
-37.894744873046875 76.207008361816406 1
66 51.895858764648438 2
-98.709686279296875 35.999858856201172 2
28.125 -4.2077779769897461 4
122.14286041259766 41.610218048095703 3
-13.170745849609375 17.298641204833984 2
73.285713195800781 28.519374847412109 1
-94.736846923828125 40.675159454345703 2
30 -4.2077779769897461 4
124.80000305175781 -23.844070434570312 1
-9.13043212890625 29.454435348510742 2
74.444442749023438 18.23370361328125 4
-80.625 49.090686798095703 1
31.875 -4.2077779769897461 3
126.66666412353516 -18.23370361328125 1
-6.352935791015625 14.493456840515137 2
77.884613037109375 45.350452423095703 2
-88.421051025390625 40.675159454345703 2
30.681818008422852 52.830913543701172 2
129.60000610351562 -23.844070434570312 1
-12.375 19.168764114379883 1
78.888885498046875 18.23370361328125 3
-76.153839111328125 57.506191253662109 2
33.870967864990234 -7.012962818145752 4
132.95454406738281 -11.688272476196289 2
-4.3902587890625 17.298641204833984 1
83.571426391601562 28.519374847412109 3
-74.68084716796875 -6.0779008865356445 3
35.409835815429688 36.934921264648438 3
136.66667175292969 68.726776123046875 2
1.6981132030487061 44.415393829345703 3
90 37.869979858398438 3
-70.786529541015625 -10.753210067749023 3
37.241378784179688 66.856689453125 6
143.33332824707031 68.726776123046875 2
5.0943398475646973 44.415393829345703 2
95.684211730957031 5.1428399085998535 3
-68.571441650390625 -54.701026916503906 3
45.957447052001953 50.025741577148438 2
148.84616088867188 69.661819458007812 2
9.7297296524047852 24.779132843017578 3
100.80000305175781 70.596855163574219 2
-66.7415771484375 -10.753210067749023 4
46.7088623046875 -20.103824615478516 3
171 65.921646118164062 2
12.162161827087402 24.779132843017578 1
105.42857360839844 61.246402740478516 2
-62.448974609375 2.3376541137695312 4
53.617019653320312 50.025741577148438 2
-154.6875 64.051551818847656 2
17.532466888427734 -21.973947525024414 2
115.19999694824219 70.596855163574219 2
-60 54.701026916503906 1
57.446807861328125 50.025741577148438 2
-115 60.311347961425781 5
21.600000381469727 -0.4675309956073761 2
120.73170471191406 55.636081695556641 2
-54.899993896484375 -0.4675309956073761 4
61.276596069335938 50.025741577148438 2
-114.08450317382812 27.584314346313477 2
21.724138259887695 39.740100860595703 2
118.125 -34.129737854003906 3
-54.782623291015625 -29.454435348510742 4
63.134326934814453 31.324558258056641 2
-104.81011962890625 20.103824615478516 2
21.891891479492188 24.779132843017578 1
126 61.246402740478516 6
-51.29998779296875 -0.4675309956073761 3
65.820892333984375 31.324558258056641 4
-97.20001220703125 47.220569610595703 2
24.545454025268555 21.973947525024414 1
133.90243530273438 55.636081695556641 2
-40.344818115234375 66.856689453125 1
75.681816101074219 52.830913543701172 2
-90 56.571136474609375 6
28.799999237060547 -0.4675309956073761 4
142.875 -19.168764114379883 1
-8.0596923828125 31.324558258056641 2
79.772727966308594 52.830913543701172 2
-73.36956787109375 7.9480252265930176 4
31.445783615112305 -16.363580703735352 2
147.65625 -34.129737854003906 2
0 51.895858764648438 4
93.529411315917969 46.285511016845703 2
-70.909088134765625 -32.259616851806641 4
31.621622085571289 24.779132843017578 2
-130 68.726776123046875 2
6.9230771064758301 33.194679260253906 1
86.029411315917969 30.389497756958008 3
-108 70.596855163574219 2
12.162161827087402 59.376296997070312 1
101.84210205078125 22.90900993347168 4
-55.20001220703125 -23.844070434570312 4
52.826087951660156 50.960800170898438 2
-101.02041625976562 48.155628204345703 2
15.65217399597168 29.454435348510742 2
107.14286041259766 54.701026916503906 2
-52.22222900390625 -18.23370361328125 4
49.655174255371094 39.740100860595703 2
-98.4375 64.051551818847656 1
17.763158798217773 22.90900993347168 2
106.57894897460938 22.90900993347168 3
-50.399993896484375 -23.844070434570312 4
60.652172088623047 50.960800170898438 2
-93.6734619140625 48.155628204345703 6
20.869565963745117 29.454435348510742 2
115.71428680419922 54.701026916503906 2
-47.77777099609375 -18.23370361328125 4
64.565216064453125 50.960800170898438 2
-84.905670166015625 44.415393829345703 1
23.478260040283203 29.454435348510742 1
120 54.701026916503906 2
-40.909088134765625 -11.688272476196289 2
70.909088134765625 32.259616851806641 3
-74.34783935546875 50.960800170898438 1
26.086956024169922 29.454435348510742 1
125.73529052734375 -30.389497756958008 2
-3.417724609375 20.103824615478516 1
81.5625 64.051551818847656 1
-73.255828857421875 53.765968322753906 1
28.695652008056641 29.454435348510742 1
129.03614807128906 -16.363580703735352 2
1.2000000476837158 23.844070434570312 2
87.1875 64.051551818847656 2
-74.71697998046875 44.415393829345703 1
29.605262756347656 22.90900993347168 2
127.5 71.531890869140625 2
2.307692289352417 21.038887023925781 3
80.217391967773438 50.960800170898438 2
-73.36956787109375 -7.9480252265930176 4
33.157894134521484 40.675159454345703 2
144.23077392578125 -21.038887023925781 4
8.1818180084228516 63.116500854492188 1
81.818183898925781 32.259616851806641 3
-73.54840087890625 7.012962818145752 4
33.510639190673828 -6.0779008865356445 4
146.53846740722656 -21.038887023925781 3
10 26.649253845214844 2
88.301887512207031 44.415393829345703 6
-68.644073486328125 -38.805038452148438 1
39.078948974609375 22.90900993347168 2
147.36264038085938 -8.883087158203125 3
9.8780488967895508 17.298641204833984 1
87.272727966308594 32.259616851806641 3
-67.5 -7.9480252265930176 3
37.894737243652344 58.441242218017578 2
144.21687316894531 -16.363580703735352 1
11.538461685180664 21.038887023925781 2
84.929580688476562 27.584314346313477 3
-67.741943359375 7.012962818145752 4
36 -9.8181476593017578 2
-133.54838562011719 64.986602783203125 1
13.84615421295166 21.038887023925781 2
92.727272033691406 32.259616851806641 3
-61.791046142578125 -31.324558258056641 4
45.616439819335938 25.714193344116211 3
-124.77272033691406 52.830913543701172 2
17.448980331420898 -2.3376541137695312 2
103.69565582275391 50.960800170898438 2
-52.5 4.2077779769897461 4
53.333332061767578 18.23370361328125 3
-114.40678405761719 38.805038452148438 4
22.5 26.649253845214844 1
116.75675964355469 -24.779132843017578 2
-45.9375 -4.2077779769897461 2
58.064517974853516 35.999858856201172 4
-109.6875 34.129737854003906 3
23.4375 4.2077779769897461 4
119.18918609619141 -24.779132843017578 2
-50.357147216796875 -15.428518295288086 4
61.643836975097656 25.714193344116211 3
-105.88235473632812 46.285511016845703 2
25.3125 4.2077779769897461 4
117.5 26.649253845214844 4
-42.1875 -4.2077779769897461 4
65.625 49.090686798095703 2
-104.0625 34.129737854003906 2
27.1875 4.2077779769897461 4
121.39534759521484 13.558395385742188 4
-51.923065185546875 -21.038887023925781 1
66.575340270996094 25.714193344116211 3
-98.709686279296875 64.986602783203125 1
28.799999237060547 0.4675309956073761 4
126.98629760742188 -25.714193344116211 2
-43.928558349609375 -15.428518295288086 2
70.909088134765625 63.116500854492188 6
-92.903228759765625 64.986602783203125 1
30 21.038887023925781 2
128.91891479492188 -24.779132843017578 1
-9.23077392578125 21.038887023925781 1
80.526313781738281 58.441242218017578 2
-84.19354248046875 64.986602783203125 1
32.307693481445312 21.038887023925781 2
131.91780090332031 -25.714193344116211 1
-6.923065185546875 21.038887023925781 1
88.714286804199219 28.519374847412109 3
-75.789459228515625 40.675159454345703 3
37.415729522705078 10.753210067749023 4
135 50.960800170898438 2
-1.93548583984375 7.012962818145752 4
95.192306518554688 45.350452423095703 2
-70.71429443359375 -41.610218048095703 1
36.923076629638672 21.038887023925781 3
140 -18.23370361328125 4
5.5102043151855469 48.155628204345703 3
97.974685668945312 20.103824615478516 4
-67.5 -11.688272476196289 4
41.460674285888672 10.753210067749023 2
144.50704956054688 -27.584314346313477 2
9.1836738586425781 48.155628204345703 2
102.11538696289062 45.350452423095703 2
-65.10638427734375 -6.0779008865356445 3
43.483146667480469 10.753210067749023 2
170 68.726776123046875 2
15.773196220397949 -3.2727160453796387 1
105.57691955566406 45.350452423095703 2
-62.164947509765625 -3.2727160453796387 3
48.705883026123047 -14.493456840515137 3
-143.4375 64.051551818847656 2
12.857142448425293 8.883087158203125 2
108.40908813476562 11.688272476196289 4
-61.3636474609375 -11.688272476196289 4
47.5 60.311347961425781 2
-119.48275756835938 39.740100860595703 4
14.651163101196289 53.765968322753906 2
112.5 45.350452423095703 2
-58.45361328125 -3.2727160453796387 3
50.487804412841797 17.298641204833984 2
-109.56521606445312 50.960800170898438 2
16.813186645507812 8.883087158203125 4
118.42105102539062 58.441242218017578 2
-54.60675048828125 -10.753210067749023 4
61.967212677001953 36.934921264648438 6
-101.68832397460938 21.973947525024414 2
23.023256301879883 53.765968322753906 2
123.15789794921875 58.441242218017578 2
-50 -9.8181476593017578 4
70 26.649253845214844 1
-90 18.23370361328125 3
25.714284896850586 2.3376541137695312 4
130 51.895858764648438 2
-27.39129638671875 72.4669189453125 1
75.731704711914062 17.298641204833984 4
-83.076934814453125 69.661819458007812 1
24 65.921646118164062 1
134 51.895858764648438 2
-14.4444580078125 18.23370361328125 2
75 26.649253845214844 2
-126.66667175292969 68.726776123046875 2
0.97826087474822998 7.9480252265930176 2
85.78125 34.129737854003906 3
-62.79071044921875 -13.558395385742188 4
37.674419403076172 53.765968322753906 2
-120 65.921646118164062 6
10.421052932739258 5.1428399085998535 2
90 30.389497756958008 3
-60 -1.4025930166244507 4
41.860466003417969 53.765968322753906 2
-114.92308044433594 33.194679260253906 3
12.315789222717285 5.1428399085998535 2
93.829788208007812 50.025741577148438 2
-58.604644775390625 -13.558395385742188 4
46.046512603759766 53.765968322753906 2
-109.5 37.869979858398438 2
14.210526466369629 5.1428399085998535 2
98.350517272949219 3.2727160453796387 3
-56.511627197265625 -13.558395385742188 4
46.451614379882812 7.012962818145752 2
-103.17074584960938 55.636081695556641 1
17.777778625488281 -18.23370361328125 1
105 71.531890869140625 2
-51.78082275390625 -25.714193344116211 4
54 42.545276641845703 3
-96 65.921646118164062 1
20.625 49.090686798095703 2
113.19587707519531 3.2727160453796387 4
-40.2127685546875 -6.0779008865356445 4
62.068965911865234 39.740100860595703 6
-85.71429443359375 35.064800262451172 4
24 -9.8181476593017578 4
116.08695983886719 29.454435348510742 4
-9.782623291015625 7.9480252265930176 4
62.790699005126953 53.765968322753906 4
-90 42.545276641845703 2
24.44444465637207 -18.23370361328125 2
116.90721893310547 3.2727160453796387 3
-25 77.142013549804688 1
64.285713195800781 80.881912231445312 3
-80 35.064800262451172 4
28.285715103149414 -28.519374847412109 3
122.72727203369141 52.830913543701172 2
-4.28570556640625 15.428518295288086 4
61.578948974609375 76.207008361816406 3
-91.5 37.869979858398438 4
28.421052932739258 58.441242218017578 2
123.91304016113281 -29.454435348510742 1
-1.956512451171875 50.960800170898438 2
73.469390869140625 48.155628204345703 4
-81.710540771484375 22.90900993347168 4
31.111110687255859 -18.23370361328125 2
125.1219482421875 -17.298641204833984 1
0 14.493456840515137 4
76.395347595214844 13.558395385742188 3
-77.727264404296875 73.401947021484375 1
30.441177368164062 30.389497756958008 2
129.13043212890625 -29.454435348510742 1
0 7.012962818145752 3
76.909088134765625 42.545276641845703 3
-78.75 71.531890869140625 1
31.263158798217773 5.1428399085998535 2
135 60.311347961425781 2
5 9.8181476593017578 1
81.486488342285156 24.779132843017578 3
-70.71429443359375 67.791732788085938 1
35.735294342041016 30.389497756958008 3
140 60.311347961425781 2
8.4375 34.129737854003906 2
91.428573608398438 35.064800262451172 3
-63.8709716796875 7.012962818145752 3
39.090908050537109 1.4025930166244507 3
143.7662353515625 -21.973947525024414 4
18.409090042114258 52.830913543701172 2
101.48936462402344 6.0779008865356445 4
-63.0927734375 3.2727160453796387 4
49.090908050537109 63.116500854492188 2
152.20588684082031 -30.389497756958008 2
20.506328582763672 -20.103824615478516 1
105.69767761230469 13.558395385742188 4
-62.891571044921875 -16.363580703735352 4
49.354839324951172 64.986602783203125 2
-120.63829040527344 50.025741577148438 2
21.375 19.168764114379883 2
103.63636016845703 32.259616851806641 3
-60.722900390625 -16.363580703735352 4
48.333332061767578 43.480335235595703 2
-116.80851745605469 50.025741577148438 2
20.454545974731445 -32.259616851806641 3
103.01204681396484 16.363580703735352 3
-64.852935791015625 -30.389497756958008 3
49.411766052246094 46.285511016845703 4
-107.5 26.649253845214844 2
23.181818008422852 -32.259616851806641 2
108 75.271995544433594 3
-62.30767822265625 45.350452423095703 2
52.941177368164062 30.389497756958008 3
-105 26.649253845214844 2
21.600000381469727 47.220569610595703 3
110.90908813476562 1.4025930166244507 7
-54.21685791015625 -16.363580703735352 1
69.13043212890625 29.454435348510742 3
-102.5 26.649253845214844 2
22.5 -15.428518295288086 1
117.39130401611328 72.4669189453125 3
-52.048187255859375 -16.363580703735352 1
74.210525512695312 40.675159454345703 3
-95.42169189453125 16.363580703735352 3
32.142856597900391 -2.3376541137695312 3
125.21739196777344 72.4669189453125 2
-45.978271484375 -7.9480252265930176 4
78.15789794921875 22.90900993347168 4
-90 38.805038452148438 2
26.785715103149414 -15.428518295288086 4
128.25 -19.168764114379883 1
-9.418609619140625 13.558395385742188 2
80.526313781738281 40.675159454345703 4
-85.5 75.271995544433594 1
35.454544067382812 32.259616851806641 3
135.9375 -4.2077779769897461 2
-3.15789794921875 40.675159454345703 3
91.875 49.090686798095703 2
-76.736846923828125 5.1428399085998535 4
37.5 60.311347961425781 2
141.78082275390625 -25.714193344116211 4
7.1428570747375488 35.064800262451172 2
99 28.519374847412109 3
-71.590911865234375 52.830913543701172 1
40.909091949462891 32.259616851806641 2
146.25 -26.649253845214844 2
4.5569620132446289 20.103824615478516 3
99.642860412597656 15.428518295288086 4
-72.727264404296875 -1.4025930166244507 4
37.142856597900391 35.064800262451172 2
152.1126708984375 -27.584314346313477 4
0 29.454435348510742 1
99.900001525878906 0.4675309956073761 3
-67.058837890625 46.285511016845703 2
40 35.064800262451172 3
-132.1875 64.051551818847656 1
3.5526316165924072 22.90900993347168 3
104.69387817382812 -2.3376541137695312 7
-64.137939453125 -12.623332977294922 4
44.150943756103516 44.415393829345703 2
-115.11627197265625 53.765968322753906 2
15.824175834655762 -8.883087158203125 2
109.80000305175781 0.4675309956073761 2
-61.111114501953125 -18.23370361328125 4
48.214286804199219 -15.428518295288086 3
-105.28302001953125 44.415393829345703 2
18.191490173339844 6.0779008865356445 2
113.87754821777344 -2.3376541137695312 1
-53.18182373046875 -11.688272476196289 4
57.692306518554688 21.038887023925781 3
-98.87322998046875 27.584314346313477 2
20.106382369995117 6.0779008865356445 2
115.71428680419922 -2.3376541137695312 3
-51.030914306640625 -3.2727160453796387 3
58.235294342041016 62.181453704833984 2
-37.058837890625 78.077003479003906 1
75 60.311347961425781 2
-71.32073974609375 -44.415393829345703 2
29.117647171020508 -30.389497756958008 2
139.73684692382812 58.441242218017578 2
-12.16217041015625 24.779132843017578 2
78.461540222167969 21.038887023925781 4
-70.786529541015625 10.753210067749023 4
31.546392440795898 -3.2727160453796387 4
137.75509643554688 -2.3376541137695312 2
-9.729736328125 24.779132843017578 2
80.769233703613281 21.038887023925781 3
-73.79998779296875 47.220569610595703 1
31.621622085571289 59.376296997070312 2
156.77420043945312 64.986602783203125 2
-6.666656494140625 18.23370361328125 1
85.178573608398438 41.610218048095703 2
-70.20001220703125 47.220569610595703 2
32.441860198974609 13.558395385742188 1
160.90908813476562 63.116500854492188 2
0 40.675159454345703 2
88.392860412597656 41.610218048095703 3
-57.375 -19.168764114379883 3
37.1134033203125 -3.2727160453796387 2
-154.28572082519531 61.246402740478516 2
10.760869979858398 7.9480252265930176 2
100 60.311347961425781 2
-52.325592041015625 -13.558395385742188 4
43.815788269042969 -22.90900993347168 2
-120 49.090686798095703 2
17.191011428833008 -10.753210067749023 3
103.23529052734375 30.389497756958008 3
-50.909088134765625 -1.4025930166244507 3
41.538459777832031 45.350452423095703 2
-121.57894897460938 40.675159454345703 4
17.260274887084961 -25.714193344116211 2
103.91752624511719 -3.2727160453796387 4
-57.176483154296875 -14.493456840515137 4
43.902439117431641 55.636081695556641 2
-112.5 49.090686798095703 2
21.25 -26.649253845214844 1
108.52941131591797 30.389497756958008 4
-55.161285400390625 -7.012962818145752 4
46.626506805419922 16.363580703735352 1
-114.67741394042969 35.999858856201172 3
21.477272033691406 -11.688272476196289 1
111.09375 34.129737854003906 3
-53.225799560546875 -7.012962818145752 4
48.795181274414062 16.363580703735352 3
-105 49.090686798095703 2
22.5 67.791732788085938 1
113.82353210449219 62.181453704833984 6
-54.375 -4.2077779769897461 4
52 51.895858764648438 2
-99.47369384765625 76.207008361816406 2
22.5 15.428518295288086 2
116.47058868408203 30.389497756958008 2
-52.5 -4.2077779769897461 4
47.903224945068359 35.999858856201172 2
-97.5 49.090686798095703 4
23.4375 -4.2077779769897461 2
116.40000152587891 -23.844070434570312 2
-45 73.401947021484375 1
60 51.895858764648438 4
-97.875 19.168764114379883 1
26.413043975830078 7.9480252265930176 2
118.80000305175781 -23.844070434570312 2
-13.76470947265625 14.493456840515137 2
70.243904113769531 55.636081695556641 4
-81.69232177734375 33.194679260253906 4
28.928571701049805 15.428518295288086 1
127.28571319580078 -28.519374847412109 1
3.5999999046325684 47.220569610595703 2
90 39.740100860595703 3
-82.087921142578125 8.883087158203125 3
33.75 -11.688272476196289 3
136.09756469726562 -17.298641204833984 1
-3 37.869979858398438 2
90 42.545276641845703 2
-75.6383056640625 6.0779008865356445 2
35.795455932617188 -11.688272476196289 3
138.29267883300781 -17.298641204833984 3
-2.368408203125 22.90900993347168 2
86.086959838867188 72.4669189453125 2
-74.38775634765625 2.3376541137695312 4
35.357143402099609 15.428518295288086 4
141.58537292480469 -17.298641204833984 2
11.612903594970703 7.012962818145752 4
87.804878234863281 55.636081695556641 2
-72.580657958984375 -35.999858856201172 2
37.241378784179688 -12.623332977294922 3
144 65.921646118164062 2
9.8999996185302734 -0.4675309956073761 4
92.195121765136719 55.636081695556641 2
-71 -9.8181476593017578 3
38.863636016845703 11.688272476196289 4
157.5 64.051551818847656 2
11.699999809265137 -0.4675309956073761 4
96.585365295410156 55.636081695556641 2
-67.978729248046875 6.0779008865356445 4
45 15.428518295288086 2
169.41175842285156 62.181453704833984 2
12.5 60.311347961425781 1
100.94594573974609 24.779132843017578 4
-65.454559326171875 63.116500854492188 1
48.358207702636719 31.324558258056641 3
-132.5 60.311347961425781 1
17.5 60.311347961425781 1
107.41935729980469 -7.012962818145752 2
-63.658538818359375 -17.298641204833984 4
57.65625 34.129737854003906 3
-119.25 56.571136474609375 3
17.100000381469727 -0.4675309956073761 2
112.81690216064453 27.584314346313477 4
-58.06451416015625 -35.999858856201172 4
60.46875 34.129737854003906 3
-113.39999389648438 47.220569610595703 2
19.894737243652344 -5.1428399085998535 4
118.92857360839844 67.791732788085938 2
-52.417572021484375 -8.883087158203125 4
66.923080444335938 57.506191253662109 2
-104.75410461425781 36.934921264648438 2
21.789474487304688 -5.1428399085998535 4
125.68965148925781 39.740100860595703 2
-16.265045166015625 16.363580703735352 2
74.117645263671875 46.285511016845703 6
-90 31.324558258056641 4
26.470588684082031 62.181453704833984 1
135 -19.168764114379883 2
-38.15216064453125 -7.9480252265930176 4
77.142860412597656 54.701026916503906 4
-87.313446044921875 31.324558258056641 4
27.931034088134766 39.740100860595703 2
137.25 -19.168764114379883 4
-36.195648193359375 -7.9480252265930176 3
80.769233703613281 57.506191253662109 2
-81.195648193359375 7.9480252265930176 3
30.326086044311523 -7.9480252265930176 4
143.18182373046875 -32.259616851806641 2
-9.759033203125 16.363580703735352 3
85.714286804199219 54.701026916503906 2
-76.304351806640625 7.9480252265930176 4
34.137931823730469 39.740100860595703 3
151.07142639160156 67.791732788085938 2
0 33.194679260253906 1
92.608695983886719 29.454435348510742 3
-69.06976318359375 -13.558395385742188 2
37.241378784179688 39.740100860595703 3
-138 65.921646118164062 1
5.1923074722290039 45.350452423095703 2
97.105262756347656 22.90900993347168 4
-65.454559326171875 -1.4025930166244507 3
42.1875 64.051551818847656 1
-121.5 37.869979858398438 2
7.3972601890563965 25.714193344116211 2
98.630134582519531 25.714193344116211 3
-62.5 -26.649253845214844 2
43 9.8181476593017578 2
-1.343292236328125 31.324558258056641 2
78 23.844070434570312 4
-66.375 -19.168764114379883 2
35.099998474121094 -0.4675309956073761 4
176.78572082519531 67.791732788085938 2
2.0454545021057129 11.688272476196289 2
82.5 71.531890869140625 3
-64.090911865234375 -32.259616851806641 2
39.036144256591797 -16.363580703735352 3
-135 58.441242218017578 1
4.0909090042114258 11.688272476196289 2
91.40625 34.129737854003906 3
-61.875 -19.168764114379883 2
42.077922821044922 21.973947525024414 2
-120 51.895858764648438 2
6.6176471710205078 30.389497756958008 1
97.5 71.531890869140625 2
-59.0625 -34.129737854003906 4
41.538459777832031 33.194679260253906 2
-109.38461303710938 33.194679260253906 4
16.105262756347656 5.1428399085998535 1
100.58823394775391 14.493456840515137 4
-54.418609619140625 -13.558395385742188 4
46.753246307373047 21.973947525024414 1
-103.5 37.869979858398438 2
19.655172348022461 12.623332977294922 4
106 9.8181476593017578 3
-43.333343505859375 -18.23370361328125 2
57.272727966308594 42.545276641845703 3
-94.3902587890625 55.636081695556641 2
22.222221374511719 -18.23370361328125 2
115.05154418945312 3.2727160453796387 3
-36 70.596855163574219 1
55.945945739746094 24.779132843017578 2
-101.07693481445312 33.194679260253906 2
22.153846740722656 -33.194679260253906 2
110 60.311347961425781 2
-36.666656494140625 68.726776123046875 1
54 28.519374847412109 2
-94.5 37.869979858398438 4
26.666666030883789 -18.23370361328125 4
121.30434417724609 -29.454435348510742 2
-30 68.726776123046875 1
56.103897094726562 21.973947525024414 3
-98.653839111328125 45.350452423095703 2
26.756755828857422 -24.779132843017578 2
120 60.311347961425781 6
-5.71429443359375 35.064800262451172 2
65.675674438476562 59.376296997070312 2
-92 51.895858764648438 1
27.887323379516602 -27.584314346313477 4
120.78947448730469 -22.90900993347168 2
-4.655181884765625 39.740100860595703 3
70.540542602539062 59.376296997070312 2
-85.76470947265625 14.493456840515137 2
28.928571701049805 67.791732788085938 1
126.61016845703125 38.805038452148438 3
-14.210540771484375 22.90900993347168 2
73.636360168457031 21.973947525024414 4
-83.647064208984375 14.493456840515137 4
29.325841903686523 -10.753210067749023 3
129.51219177246094 -17.298641204833984 2
0 27.584314346313477 2
75.974029541015625 21.973947525024414 4
-77.399993896484375 -0.4675309956073761 4
31.34831428527832 -10.753210067749023 3
135.95744323730469 50.025741577148438 2
3.8709676265716553 7.012962818145752 4
86.896553039550781 39.740100860595703 6
-67.263153076171875 -5.1428399085998535 3
35.052631378173828 5.1428399085998535 4
139.7872314453125 50.025741577148438 2
16.875 19.168764114379883 2
98.181816101074219 32.259616851806641 3
-68.275848388671875 -39.740100860595703 3
41.029411315917969 30.389497756958008 3
146.10389709472656 -21.973947525024414 3
12.061855316162109 3.2727160453796387 3
100.46511840820312 53.765968322753906 2
-66 51.895858764648438 1
42.727272033691406 1.4025930166244507 4
148.44155883789062 -21.973947525024414 3
13 9.8181476593017578 3
99.729728698730469 59.376296997070312 2
-66.26373291015625 -8.883087158203125 4
43.59375 34.129737854003906 2
-160 60.311347961425781 1
16.071428298950195 -15.428518295288086 3
100.14084625244141 27.584314346313477 3
-68.399993896484375 -0.4675309956073761 3
42.857143402099609 54.701026916503906 2
-117.9310302734375 66.856689453125 2
18 47.220569610595703 2
105.18072509765625 16.363580703735352 4
-66.600006103515625 -0.4675309956073761 3
47.142856597900391 54.701026916503906 2
-111.72413635253906 66.856689453125 1
19.484535217285156 3.2727160453796387 4
108.57142639160156 35.064800262451172 2
-60.329681396484375 -8.883087158203125 4
55.588233947753906 30.389497756958008 3
-105.51724243164062 66.856689453125 1
21.176469802856445 14.493456840515137 2
112.72727203369141 1.4025930166244507 3
-56.911773681640625 -30.389497756958008 4
61.666667938232422 43.480335235595703 6
-100.74627685546875 31.324558258056641 2
24.230770111083984 -21.038887023925781 1
117.27272796630859 32.259616851806641 2
-52.105255126953125 -5.1428399085998535 4
76.4383544921875 25.714193344116211 2
-93.253021240234375 16.363580703735352 2
25.35211181640625 27.584314346313477 1
120 -4.2077779769897461 3
-47.710845947265625 -16.363580703735352 4
76.956520080566406 29.454435348510742 2
-86.94915771484375 38.805038452148438 2
28.846153259277344 -21.038887023925781 2
133.78378295898438 59.376296997070312 2
-7.941162109375 30.389497756958008 2
82.894737243652344 22.90900993347168 2
-81.666656494140625 43.480335235595703 1
30.422534942626953 27.584314346313477 2
138.64865112304688 59.376296997070312 2
-3.600006103515625 23.844070434570312 1
86.84210205078125 40.675159454345703 6
-74.545440673828125 -1.4025930166244507 3
33.214286804199219 -15.428518295288086 2
143.51351928710938 -24.779132843017578 2
-3.1395263671875 13.558395385742188 1
90 35.999858856201172 3
-75 43.480335235595703 1
33.75 56.571136474609375 2
146.71232604980469 -25.714193344116211 2
-5.625 34.129737854003906 4
90 22.90900993347168 7
-70.819671630859375 -36.934921264648438 2
37.058822631835938 62.181453704833984 2
-153.33332824707031 68.726776123046875 2
0 25.714193344116211 2
99.101119995117188 10.753210067749023 4
-67.868865966796875 -36.934921264648438 2
42.75 56.571136474609375 2
-124.41175842285156 62.181453704833984 1
10 -1.4025930166244507 1
105.16854095458984 10.753210067749023 3
-63.380279541015625 -27.584314346313477 2
47.25 56.571136474609375 2
-110.93023681640625 53.765968322753906 2
14.44444465637207 18.23370361328125 1
108.21428680419922 15.428518295288086 4
-58.888885498046875 -18.23370361328125 1
52.941177368164062 62.181453704833984 1
-105.71427917480469 35.064800262451172 4
15.949367523193359 20.103824615478516 1
113.40000152587891 0.4675309956073761 3
-52.71429443359375 -28.519374847412109 4
54.507041931152344 27.584314346313477 2
-1.0843505859375 16.363580703735352 1
79.024391174316406 17.298641204833984 3
-63.6363525390625 1.4025930166244507 4
36.867469787597656 -16.363580703735352 3
-180 67.791732788085938 2
2.9347825050354004 7.9480252265930176 3
88.474578857421875 38.805038452148438 3
-61.81817626953125 1.4025930166244507 3
39.740261077880859 21.973947525024414 2
-124 51.895858764648438 2
4.8913044929504395 7.9480252265930176 3
91.525421142578125 38.805038452148438 3
-61.3636474609375 -32.259616851806641 4
42.56756591796875 24.779132843017578 2
-119.42308044433594 45.350452423095703 2
6.8478260040283203 7.9480252265930176 1
97.659576416015625 50.025741577148438 3
-58.6363525390625 -32.259616851806641 4
44.415584564208984 21.973947525024414 2
-106.71427917480469 28.519374847412109 2
16.875 49.090686798095703 2
101.48936462402344 50.025741577148438 2
-54 5.1428399085998535 4
47.43243408203125 24.779132843017578 3
-98.780487060546875 55.636081695556641 6
20 -18.23370361328125 1
110.45454406738281 52.830913543701172 2
-43.20001220703125 70.596855163574219 1
58.604652404785156 53.765968322753906 2
-93.272735595703125 42.545276641845703 2
23.142856597900391 -28.519374847412109 2
115.89041137695312 25.714193344116211 4
-35 77.142013549804688 1
60.545455932617188 42.545276641845703 6
-99 28.519374847412109 4
23.142856597900391 61.246402740478516 2
110.45454406738281 73.401947021484375 3
-36.382965087890625 -6.0779008865356445 4
55.945945739746094 59.376296997070312 2
-86.727264404296875 42.545276641845703 1
28 -9.8181476593017578 1
121.30434417724609 29.454435348510742 4
-10.28570556640625 28.519374847412109 2
56.571430206298828 28.519374847412109 2
-96 51.895858764648438 6
27.69230842590332 69.661819458007812 1
120.63829803466797 50.025741577148438 2
-3.913055419921875 7.9480252265930176 4
66.666664123535156 68.726776123046875 2
-88.5 37.869979858398438 2
29.189189910888672 -24.779132843017578 2
124.46808624267578 50.025741577148438 2
-2.093017578125 53.765968322753906 2
71.298698425292969 21.973947525024414 4
-85.5 37.869979858398438 2
29.36842155456543 5.1428399085998535 2
127.31707000732422 -17.298641204833984 1
-2.571441650390625 28.519374847412109 1
73.734939575195312 16.363580703735352 4
-82.5 37.869979858398438 2
29.589040756225586 -25.714193344116211 2
131.7391357421875 -29.454435348510742 3
1.9354838132858276 7.012962818145752 4
80.181816101074219 42.545276641845703 3
-74.175811767578125 -8.883087158203125 3
32.054794311523438 -25.714193344116211 2
137.319580078125 -3.2727160453796387 3
6.3529410362243652 14.493456840515137 1
88.16326904296875 48.155628204345703 3
-67.228912353515625 -16.363580703735352 2
38.275863647460938 12.623332977294922 4
141.23077392578125 -33.194679260253906 2
18 -14.493456840515137 1
100.38461303710938 69.661819458007812 2
-65.368408203125 -5.1428399085998535 3
41.666667938232422 43.480335235595703 2
148 -9.8181476593017578 3
19.125 19.168764114379883 2
100.90908813476562 32.259616851806641 3
-65.17242431640625 -39.740100860595703 1
43.676471710205078 30.389497756958008 2
162.5 60.311347961425781 2
13.917526245117188 3.2727160453796387 2
100 35.064800262451172 3
-62 51.895858764648438 1
45.882354736328125 46.285511016845703 2
-124.13792419433594 66.856689453125 2
16.071428298950195 41.610218048095703 2
102.85713958740234 35.064800262451172 3
-67.5 45.350452423095703 2
46.125 -19.168764114379883 3
-112.97872924804688 50.025741577148438 2
18.214284896850586 -15.428518295288086 1
105.71428680419922 35.064800262451172 2
-63.11688232421875 -21.973947525024414 2
48.375 -19.168764114379883 4
-109.14894104003906 50.025741577148438 2
19.615385055541992 -21.038887023925781 1
109.56521606445312 72.4669189453125 2
-59.558837890625 -30.389497756958008 4
56.470588684082031 46.285511016845703 2
-105.31915283203125 50.025741577148438 2
21.340206146240234 3.2727160453796387 2
113.87754821777344 48.155628204345703 2
-54.375 49.090686798095703 2
71.739128112792969 29.454435348510742 3
-100 26.649253845214844 2
24.642856597900391 -15.428518295288086 2
117.55101776123047 48.155628204345703 2
-49.8795166015625 -16.363580703735352 4
77.368423461914062 40.675159454345703 3
-93.10345458984375 66.856689453125 1
25.411764144897461 14.493456840515137 1
120 32.259616851806641 2
-44.021728515625 -7.9480252265930176 2
78.904106140136719 25.714193344116211 3
-86.89654541015625 66.856689453125 1
28.928571701049805 -15.428518295288086 2
133.9534912109375 53.765968322753906 2
-7.325592041015625 13.558395385742188 2
83.684211730957031 40.675159454345703 6
-78.18182373046875 1.4025930166244507 2
31.071428298950195 -15.428518295288086 2
141.08108520507812 -24.779132843017578 4
2.2784810066223145 20.103824615478516 3
87.096771240234375 35.999858856201172 3
-74.117645263671875 46.285511016845703 1
33.461540222167969 -21.038887023925781 1
144.24658203125 -25.714193344116211 2
-2.647064208984375 30.389497756958008 2
90 40.675159454345703 2
-74.545440673828125 1.4025930166244507 4
33.882354736328125 14.493456840515137 4
148.75 -26.649253845214844 3
-2.5 26.649253845214844 1
92.903228759765625 35.999858856201172 3
-68.450714111328125 -27.584314346313477 4
37.5 -15.428518295288086 3
-150 65.921646118164062 2
1.0344827175140381 12.623332977294922 2
101.69999694824219 0.4675309956073761 5
-65.915496826171875 -27.584314346313477 2
42.857143402099609 35.064800262451172 2
-122.72727966308594 42.545276641845703 4
11.39240550994873 20.103824615478516 2
106.07142639160156 15.428518295288086 3
-62.399993896484375 -23.844070434570312 2
47.547168731689453 44.415393829345703 2
-110.17240905761719 39.740100860595703 2
17.80219841003418 -8.883087158203125 2
111.59999847412109 0.4675309956073761 2
-55.28570556640625 -28.519374847412109 4
54.545455932617188 32.259616851806641 3
-101.88677978515625 44.415393829345703 4
16.666666030883789 18.23370361328125 3
114.375 4.2077779769897461 4
-51.702117919921875 -6.0779008865356445 4
56.25 56.571136474609375 2
-68.18182373046875 -32.259616851806641 4
33.896102905273438 21.973947525024414 2
173.57142639160156 67.791732788085938 2
1.95652174949646 7.9480252265930176 3
88.085105895996094 50.025741577148438 2
-62.727264404296875 1.4025930166244507 3
37.894737243652344 -5.1428399085998535 4
-156.3157958984375 58.441242218017578 2
11.368420600891113 5.1428399085998535 2
90 38.805038452148438 3
-63.28125 -34.129737854003906 2
37.799999237060547 -0.4675309956073761 2
-121.15383911132812 45.350452423095703 2
13.263157844543457 5.1428399085998535 3
96.585365295410156 17.298641204833984 3
-60 -32.259616851806641 4
40.153846740722656 33.194679260253906 3
-110.76922607421875 33.194679260253906 4
15.157895088195801 5.1428399085998535 4
99.278350830078125 3.2727160453796387 4
-55.465118408203125 -13.558395385742188 4
45.584415435791016 21.973947525024414 2
-105 37.869979858398438 2
18.75 49.090686798095703 2
103.40425872802734 50.025741577148438 2
-50 77.142013549804688 1
55.636363983154297 42.545276641845703 3
-96.585357666015625 55.636081695556641 6
21.857143402099609 -28.519374847412109 2
114.65753173828125 25.714193344116211 4
-39.25531005859375 -6.0779008865356445 4
60.697673797607422 53.765968322753906 4
-99 37.869979858398438 2
22.758621215820312 12.623332977294922 2
116.59091186523438 52.830913543701172 2
-40 68.726776123046875 1
53.513511657714844 59.376296997070312 2
-97.71429443359375 28.519374847412109 2
24.827587127685547 12.623332977294922 2
114.86842346191406 -22.90900993347168 2
-5.357147216796875 15.428518295288086 4
67.959182739257812 48.155628204345703 2
-96.923065185546875 33.194679260253906 4
26.30769157409668 -33.194679260253906 2
118.72340393066406 50.025741577148438 2
-9 28.519374847412109 2
66.315788269042969 76.207008361816406 3
-94.153839111328125 33.194679260253906 4
26.619718551635742 -27.584314346313477 2
119.60526275634766 -22.90900993347168 2
-1.071441650390625 15.428518295288086 1
75.306121826171875 48.155628204345703 4
-90 51.895858764648438 1
28.421052932739258 5.1428399085998535 2
121.97368621826172 -22.90900993347168 1
-0.978271484375 7.9480252265930176 3
75.272727966308594 42.545276641845703 3
-84 37.869979858398438 2
30 -26.649253845214844 2
128.41462707519531 -17.298641204833984 1
-1.28570556640625 28.519374847412109 1
77.837837219238281 59.376296997070312 2
-75.164825439453125 -8.883087158203125 4
30.821918487548828 -25.714193344116211 2
134.04255676269531 50.025741577148438 2
5.2941174507141113 14.493456840515137 1
82.702705383300781 24.779132843017578 2
-72.9310302734375 -39.740100860595703 4
34.105262756347656 5.1428399085998535 3
138.24742126464844 -3.2727160453796387 3
13.84615421295166 57.506191253662109 1
94.186042785644531 53.765968322753906 2
-66.14459228515625 -16.363580703735352 2
40.645160675048828 64.986602783203125 1
143.61701965332031 50.025741577148438 2
19.058822631835938 -14.493456840515137 1
101.81818389892578 -1.4025930166244507 2
-66.724151611328125 -39.740100860595703 3
42.352939605712891 30.389497756958008 1
149 -9.8181476593017578 3
20.25 19.168764114379883 2
102.27272796630859 32.259616851806641 3
-67.25274658203125 -8.883087158203125 3
44.117645263671875 46.285511016845703 2
-162.5 60.311347961425781 2
15.517241477966309 66.856689453125 2
101.42857360839844 35.064800262451172 3
-66.176483154296875 -30.389497756958008 1
47.647060394287109 30.389497756958008 3
-120.53572082519531 41.610218048095703 2
16.701030731201172 3.2727160453796387 1
101.408447265625 27.584314346313477 2
-63.5294189453125 -30.389497756958008 2
51.176471710205078 46.285511016845703 4
-111.06382751464844 50.025741577148438 2
18.55670166015625 3.2727160453796387 2
106.26506042480469 16.363580703735352 4
-61.94805908203125 -21.973947525024414 2
50.625 34.129737854003906 3
-104.776123046875 31.324558258056641 2
21.428571701049805 -15.428518295288086 1
113.47826385498047 72.4669189453125 3
-58.23529052734375 -30.389497756958008 4
53.571430206298828 54.701026916503906 2
-102.08953857421875 31.324558258056641 2
23.076923370361328 -21.038887023925781 1
115.90908813476562 32.259616851806641 2
-50.9638671875 -16.363580703735352 1
76.704544067382812 11.688272476196289 3
-96.2069091796875 66.856689453125 1
25.384614944458008 -21.038887023925781 1
119.38775634765625 48.155628204345703 2
-45 -7.9480252265930176 4
77.671234130859375 25.714193344116211 3
-88.59375 34.129737854003906 4
26.619718551635742 27.584314346313477 1
129.375 -19.168764114379883 1
-8.372100830078125 13.558395385742188 2
82.105262756347656 40.675159454345703 6
-84.82757568359375 12.623332977294922 3
30 -15.428518295288086 2
136.21621704101562 59.376296997070312 2
-6.279083251953125 13.558395385742188 2
84.078948974609375 22.90900993347168 2
-75.454559326171875 -1.4025930166244507 4
38.571430206298828 -2.3376541137695312 2
143.01370239257812 -25.714193344116211 2
-2.399993896484375 23.844070434570312 2
88.548385620117188 35.999858856201172 3
-73.894744873046875 5.1428399085998535 4
34.285713195800781 -15.428518295288086 4
147.5 -26.649253845214844 2
-3.75 26.649253845214844 3
91.451614379882812 35.999858856201172 3
-71.81817626953125 -1.4025930166244507 4
36 56.571136474609375 2
150 -26.649253845214844 3
-1.25 26.649253845214844 1
94.354835510253906 35.999858856201172 3
-67.18310546875 -27.584314346313477 1
40.5 56.571136474609375 2
-129.375 64.051551818847656 1
10.253164291381836 20.103824615478516 2
104.15730285644531 10.753210067749023 4
-63.600006103515625 -23.844070434570312 2
45 62.181453704833984 1
-113.02325439453125 53.765968322753906 2
13.333333015441895 18.23370361328125 1
107.14286041259766 15.428518295288086 4
-60 -18.23370361328125 1
49.5 56.571136474609375 2
-107.14285278320312 35.064800262451172 3
19.636363983154297 42.545276641845703 2
116.30769348144531 33.194679260253906 4
-57.77777099609375 -18.23370361328125 3
52.641510009765625 44.415393829345703 2
-97.605621337890625 27.584314346313477 4
21.06382942199707 6.0779008865356445 2
119.07691955566406 33.194679260253906 2
-51.428558349609375 -28.519374847412109 4
50.869564056396484 50.960800170898438 2
-91.956512451171875 50.960800170898438 1
20 18.23370361328125 2
117.93103790283203 66.856689453125 2
-45.505615234375 -10.753210067749023 2
58.309860229492188 27.584314346313477 3
-93.396240234375 44.415393829345703 2
22.222221374511719 18.23370361328125 2
116.47058868408203 -30.389497756958008 1
-46.391754150390625 -3.2727160453796387 3
61.875 64.051551818847656 1
-90 44.415393829345703 1
23.924051284790039 20.103824615478516 2
130.34483337402344 66.856689453125 2
-41.460662841796875 -10.753210067749023 3
66.818183898925781 32.259616851806641 3
-80.217376708984375 50.960800170898438 6
26.202531814575195 20.103824615478516 2
121.76470947265625 -30.389497756958008 2
-37 -9.8181476593017578 4
78 9.8181476593017578 3
-70.3125 64.051551818847656 1
29.423076629638672 45.350452423095703 2
136.15383911132812 -21.038887023925781 1
-2.43243408203125 24.779132843017578 1
87.352943420410156 62.181453704833984 2
-66.075958251953125 -20.103824615478516 2
32.637363433837891 -8.883087158203125 4
140 -35.064800262451172 2
7.2580647468566895 35.999858856201172 2
94.029853820800781 31.324558258056641 3
-68.478271484375 50.960800170898438 1
34.468086242675781 6.0779008865356445 4
142.85714721679688 -35.064800262451172 2
8.0898876190185547 10.753210067749023 3
91.800003051757812 47.220569610595703 3
-69 65.921646118164062 1
35.316455841064453 20.103824615478516 2
145.71427917480469 -35.064800262451172 3
16.071428298950195 15.428518295288086 2
96.428573608398438 80.881912231445312 1
-69.795928955078125 -2.3376541137695312 4
37.777778625488281 18.23370361328125 2
176.94915771484375 -38.805038452148438 1
12.352941513061523 46.285511016845703 2
99 47.220569610595703 3
-68.399993896484375 -47.220569610595703 3
37.826087951660156 29.454435348510742 1
-144.54545593261719 63.116500854492188 2
15.882352828979492 46.285511016845703 2
102.59999847412109 47.220569610595703 2
-66.1224365234375 -2.3376541137695312 3
41.142856597900391 61.246402740478516 2
-126.92308044433594 57.506191253662109 1
15.300000190734863 0.4675309956073761 2
103.7755126953125 2.3376541137695312 4
-64.28570556640625 -2.3376541137695312 3
42.631580352783203 22.90900993347168 2
-122.03390502929688 38.805038452148438 2
16.875 4.2077779769897461 1
106.80000305175781 23.844070434570312 3
-61.016937255859375 -38.805038452148438 2
45.652172088623047 29.454435348510742 1
-117.69230651855469 57.506191253662109 3
18.899999618530273 0.4675309956073761 2
110.65573883056641 36.934921264648438 2
-53.4375 4.2077779769897461 4
52.222221374511719 18.23370361328125 2
-111.17646789550781 30.389497756958008 2
23.023256301879883 -13.558395385742188 1
117 47.220569610595703 2
-33.15789794921875 76.207008361816406 1
69.230766296386719 45.350452423095703 2
-105 54.701026916503906 1
27.096775054931641 -7.012962818145752 4
122.95774841308594 -27.584314346313477 1
-40.23529052734375 -14.493456840515137 4
72 51.895858764648438 2
-94.354827880859375 35.999858856201172 4
30 57.506191253662109 2
124.19999694824219 47.220569610595703 3
-39.67742919921875 -7.012962818145752 4
75.517242431640625 12.623332977294922 4
-96.428558349609375 54.701026916503906 2
28.799999237060547 70.596855163574219 1
127.77777862548828 -18.23370361328125 1
-13.5 19.168764114379883 2
77.586204528808594 12.623332977294922 3
-88.54840087890625 35.999858856201172 4
30.983606338500977 36.934921264648438 2
127.5 -26.649253845214844 1
-8.709686279296875 7.012962818145752 4
80 18.23370361328125 3
-83.6842041015625 40.675159454345703 2
32.359550476074219 10.753210067749023 4
132.22222900390625 -18.23370361328125 1
-1.058837890625 14.493456840515137 1
82.800003051757812 70.596855163574219 3
-72.371124267578125 -3.2727160453796387 3
35.581394195556641 -13.558395385742188 4
138.46153259277344 69.661819458007812 2
-1.097564697265625 17.298641204833984 2
88.615386962890625 33.194679260253906 3
-70.71429443359375 -54.701026916503906 2
39.599998474121094 23.844070434570312 2
145.28572082519531 -28.519374847412109 2
6.7924528121948242 44.415393829345703 2
97.777778625488281 18.23370361328125 4
-69.67742919921875 64.986602783203125 1
43.75 26.649253845214844 1
147.85714721679688 -28.519374847412109 4
9 56.571136474609375 1
100 51.895858764648438 2
-66.428558349609375 54.701026916503906 1
45.978260040283203 7.9480252265930176 2
160 68.726776123046875 2
13.775509834289551 2.3376541137695312 3
108 61.246402740478516 2
-62.142852783203125 54.701026916503906 1
48.75 26.649253845214844 1
-151.875 64.051551818847656 2
15.882352828979492 62.181453704833984 1
108 51.895858764648438 2
-55.79998779296875 -0.4675309956073761 4
59.104476928710938 31.324558258056641 3
-119.34782409667969 50.960800170898438 2
20.172412872314453 39.740100860595703 2
116.71875 -34.129737854003906 2
-57 -9.8181476593017578 4
56.25 41.610218048095703 3
-115.43478393554688 50.960800170898438 2
19.285715103149414 2.3376541137695312 2
116 51.895858764648438 2
-55 -9.8181476593017578 4
59.464286804199219 41.610218048095703 6
-105 32.259616851806641 2
20.571428298950195 28.519374847412109 2
120 51.895858764648438 2
-50.48779296875 -17.298641204833984 4
67.164176940917969 31.324558258056641 3
-95.5555419921875 18.23370361328125 2
25.714284896850586 21.973947525024414 3
133.41175842285156 -14.493456840515137 1
-38.84210205078125 -5.1428399085998535 4
76.271186828613281 38.805038452148438 3
-78.75 -4.2077779769897461 2
28.051948547363281 21.973947525024414 2
135.5294189453125 -14.493456840515137 1
-5.42169189453125 16.363580703735352 1
80.15625 34.129737854003906 3
-72.39129638671875 7.9480252265930176 4
32.530120849609375 -16.363580703735352 2
146.25 -19.168764114379883 3
-4.02984619140625 31.324558258056641 2
82.340423583984375 50.025741577148438 2
-69.545440673828125 -32.259616851806641 1
33.299999237060547 -0.4675309956073761 3
-72.69232177734375 69.661819458007812 1
29.387754440307617 2.3376541137695312 4
140.1265869140625 -20.103824615478516 4
-5.1136474609375 11.688272476196289 2
79.253730773925781 31.324558258056641 3
-67.5 7.9480252265930176 4
33 37.869979858398438 3
148.06451416015625 64.986602783203125 2
3.0681817531585693 11.688272476196289 3
82.317070007324219 17.298641204833984 3
-68.823516845703125 -14.493456840515137 2
33.061225891113281 2.3376541137695312 2
169.71427917480469 61.246402740478516 2
5.1136364936828613 11.688272476196289 2
93.050849914550781 38.805038452148438 2
-65.80645751953125 -7.012962818145752 3
34.897960662841797 2.3376541137695312 2
-154.28572082519531 67.791732788085938 1
7.1590909957885742 11.688272476196289 2
95.625 34.129737854003906 3
-58.5 -19.168764114379883 4
41.400001525878906 -0.4675309956073761 2
-114.23077392578125 45.350452423095703 2
14.157303810119629 -10.753210067749023 4
99.26470947265625 30.389497756958008 3
-53.372100830078125 -13.558395385742188 4
45 37.869979858398438 2
-110 51.895858764648438 2
18.947368621826172 5.1428399085998535 2
103.76470947265625 14.493456840515137 4
-44.482757568359375 -12.623332977294922 1
50.259738922119141 21.973947525024414 1
-106 51.895858764648438 2
20.675676345825195 -24.779132843017578 1
106.36363983154297 73.401947021484375 2
-49.18603515625 -13.558395385742188 4
51 37.869979858398438 3
-103.84616088867188 45.350452423095703 2
21.549295425415039 -27.584314346313477 1
108.30508422851562 38.805038452148438 2
-33.333343505859375 68.726776123046875 1
54.935066223144531 21.973947525024414 1
-100.65789794921875 22.90900993347168 2
24.230770111083984 69.661819458007812 1
112.5 -0.4675309956073761 4
-47.25 -19.168764114379883 4
57.272727966308594 21.973947525024414 1
-98.289459228515625 22.90900993347168 3
24.269662857055664 -10.753210067749023 4
114.40677642822266 38.805038452148438 2
-6.428558349609375 28.519374847412109 2
68.108108520507812 59.376296997070312 2
-95.48779296875 17.298641204833984 4
25.714284896850586 67.791732788085938 6
117.45762634277344 38.805038452148438 3
-15.394744873046875 22.90900993347168 2
63 28.519374847412109 3
-90 76.207008361816406 2
23.79310417175293 -12.623332977294922 2
120.85713958740234 -28.519374847412109 2
-40.5 -19.168764114379883 2
65.571426391601562 28.519374847412109 3
-83.571441650390625 67.791732788085938 1
25.714284896850586 15.428518295288086 1
126.71052551269531 -22.90900993347168 1
-8.18182373046875 42.545276641845703 3
76.987953186035156 16.363580703735352 4
-78 37.869979858398438 4
28.983051300048828 38.805038452148438 2
132.35293579101562 62.181453704833984 4
4.838709831237793 7.012962818145752 3
88.448272705078125 39.740100860595703 6
-72 51.895858764648438 1
36.5625 34.129737854003906 2
140.10308837890625 -3.2727160453796387 3
9.5294113159179688 14.493456840515137 1
95.421684265136719 16.363580703735352 3
-71.4705810546875 -30.389497756958008 4
39.375 34.129737854003906 3
143.70967102050781 -35.999858856201172 4
11.647058486938477 14.493456840515137 4
97.297294616699219 59.376296997070312 2
-71.100006103515625 -0.4675309956073761 3
38.426967620849609 -10.753210067749023 3
146.61289978027344 -35.999858856201172 2
14 9.8181476593017578 2
97.758621215820312 39.740100860595703 3
-72.631591796875 -40.675159454345703 2
41.186439514160156 38.805038452148438 2
150.92308044433594 -33.194679260253906 2
15.882352828979492 14.493456840515137 2
97.826087951660156 72.4669189453125 2
-69.23077392578125 -33.194679260253906 1
44.237289428710938 38.805038452148438 2
-150 60.311347961425781 1
16.478872299194336 27.584314346313477 1
101.45454406738281 42.545276641845703 2
-68.225799560546875 -35.999858856201172 1
45.473682403564453 5.1428399085998535 2
-118.03279113769531 36.934921264648438 3
20 9.8181476593017578 3
110 35.064800262451172 2
-63.899993896484375 -0.4675309956073761 3
47.368419647216797 5.1428399085998535 2
-112.5 75.271995544433594 2
21.549295425415039 27.584314346313477 2
112.85713958740234 35.064800262451172 2
-57.362640380859375 -8.883087158203125 3
63.333332061767578 43.480335235595703 6
-99.574462890625 50.025741577148438 2
24 9.8181476593017578 2
115.45454406738281 1.4025930166244507 3
-54.93505859375 -21.973947525024414 4
62.205883026123047 30.389497756958008 3
-95.74468994140625 50.025741577148438 6
22.258064270019531 7.012962818145752 1
118.57142639160156 35.064800262451172 2
-46.45159912109375 64.986602783203125 1
76.071426391601562 15.428518295288086 3
-91.914886474609375 50.025741577148438 1
28 9.8181476593017578 4
131.625 -19.168764114379883 1
-20.32257080078125 64.986602783203125 1
73.333335876464844 43.480335235595703 4
-80 43.480335235595703 2
30.705883026123047 14.493456840515137 2
138.75 -4.2077779769897461 3
-11.868133544921875 8.883087158203125 2
83.478263854980469 29.454435348510742 3
-80.15625 34.129737854003906 4
31.5 56.571136474609375 2
143.37208557128906 -13.558395385742188 3
-13.012054443359375 16.363580703735352 2
80.689651489257812 66.856689453125 2
-73.333343505859375 43.480335235595703 1
33.402061462402344 3.2727160453796387 2
142.5 -4.2077779769897461 5
-9.152557373046875 38.805038452148438 1
86.896553039550781 66.856689453125 2
-71.81817626953125 1.4025930166244507 3
36 9.8181476593017578 4
152.5 -26.649253845214844 2
1.2328766584396362 25.714193344116211 2
96.5625 4.2077779769897461 3
-68.210540771484375 5.1428399085998535 4
39.176471710205078 14.493456840515137 4
-123.75 64.051551818847656 2
7.1052632331848145 22.90900993347168 3
100.16129302978516 35.999858856201172 3
-63.442626953125 -36.934921264648438 2
46.901409149169922 27.584314346313477 1
-116.4705810546875 62.181453704833984 2
14.810126304626465 20.103824615478516 1
112.5 0.4675309956073761 3
-60.491790771484375 -36.934921264648438 4
45 64.051551818847656 1
-104.65116882324219 53.765968322753906 1
15.319149017333984 -6.0779008865356445 1
111.72413635253906 66.856689453125 2
-68.90625 -34.129737854003906 1
32.142856597900391 28.519374847412109 3
151.71427917480469 61.246402740478516 2
1.0227272510528564 11.688272476196289 2
87.1875 34.129737854003906 3
-65.25 -19.168764114379883 2
36.2337646484375 21.973947525024414 3
-176.78572082519531 67.791732788085938 2
8.7804880142211914 55.636081695556641 1
90 34.129737854003906 3
-65.543487548828125 7.9480252265930176 4
37.384616851806641 33.194679260253906 2
-122 51.895858764648438 2
11.25 49.090686798095703 2
95.744682312011719 50.025741577148438 2
-60.46875 -34.129737854003906 4
39.857143402099609 28.519374847412109 1
-117.69230651855469 45.350452423095703 2
15 49.090686798095703 2
98.780487060546875 17.298641204833984 4
-57.272735595703125 1.4025930166244507 4
42.923076629638672 33.194679260253906 2
-105.42857360839844 28.519374847412109 2
18.620689392089844 12.623332977294922 3
102.98969268798828 3.2727160453796387 4
-50.547943115234375 -25.714193344116211 4
48.648647308349609 24.779132843017578 3
-102 37.869979858398438 2
21.111110687255859 -18.23370361328125 1
114.12371063232422 3.2727160453796387 3
-39.600006103515625 70.596855163574219 1
60.61224365234375 48.155628204345703 2
-100.28570556640625 28.519374847412109 4
22.105262756347656 40.675159454345703 3
115.97937774658203 3.2727160453796387 3
-40 -18.23370361328125 2
52.714286804199219 28.519374847412109 2
-99.69232177734375 33.194679260253906 2
23.538461685180664 -33.194679260253906 2
114.54545593261719 73.401947021484375 3
-6.84783935546875 7.9480252265930176 1
65.454544067382812 42.545276641845703 6
-98 51.895858764648438 3
26.052631378173828 58.441242218017578 2
117.5 60.311347961425781 6
-38.275848388671875 -12.623332977294922 4
63.333332061767578 68.726776123046875 2
-96.923065185546875 45.350452423095703 2
26.526315689086914 5.1428399085998535 4
117.69230651855469 -33.194679260253906 3
-1.428558349609375 35.064800262451172 2
72 42.545276641845703 3
-91.384613037109375 33.194679260253906 3
27.5 -26.649253845214844 2
121.54639434814453 -3.2727160453796387 3
-3.10345458984375 39.740100860595703 2
72.972976684570312 59.376296997070312 2
-84.70587158203125 14.493456840515137 3
28.356164932250977 -25.714193344116211 2
124.34210205078125 -22.90900993347168 1
-4.3902587890625 55.636081695556641 4
74.81927490234375 16.363580703735352 4
-78.29998779296875 -0.4675309956073761 2
30.337078094482422 -10.753210067749023 3
133.04347229003906 -29.454435348510742 2
2.9032258987426758 7.012962818145752 1
81.818183898925781 42.545276641845703 3
-73.186798095703125 -8.883087158203125 4
32.359550476074219 -10.753210067749023 2
137.87234497070312 50.025741577148438 2
9.84375 34.129737854003906 1
92.857139587402344 35.064800262451172 3
-66.3157958984375 -5.1428399085998535 3
40 1.4025930166244507 2
143.61701965332031 -6.0779008865356445 4
18 19.168764114379883 2
99.545455932617188 32.259616851806641 3
-68 51.895858764648438 1
41.818180084228516 1.4025930166244507 2
147.27272033691406 -21.973947525024414 4
12.989690780639648 3.2727160453796387 2
99.759033203125 16.363580703735352 3
-68.823516845703125 -30.389497756958008 1
43.636363983154297 1.4025930166244507 2
165 60.311347961425781 2
15 -15.428518295288086 1
101.02040863037109 48.155628204345703 3
-66.623382568359375 -21.973947525024414 2
45 34.129737854003906 2
-121.03448486328125 66.856689453125 2
16.200000762939453 47.220569610595703 2
100.90908813476562 1.4025930166244507 7
-64.0384521484375 45.350452423095703 2
47.8125 34.129737854003906 2
-114.82759094238281 66.856689453125 1
18.461538314819336 -21.038887023925781 1
105.65217590332031 72.4669189453125 2
-65.70001220703125 -0.4675309956073761 3
49.285713195800781 54.701026916503906 2
-107.23403930664062 50.025741577148438 2
20.769229888916016 -21.038887023925781 1
113.18181610107422 32.259616851806641 2
-59.340667724609375 -8.883087158203125 4
53.4375 34.129737854003906 1
-102.41378784179688 66.856689453125 1
22.268041610717773 3.2727160453796387 2
115.90908813476562 -32.259616851806641 1
-53.052642822265625 -5.1428399085998535 4
75.789474487304688 40.675159454345703 3
-98.75 26.649253845214844 2
24.352941513061523 14.493456840515137 2
118.63636016845703 32.259616851806641 2
-48.795166015625 -16.363580703735352 4
75.652175903320312 29.454435348510742 3
-90 75.271995544433594 2
26.470588684082031 14.493456840515137 2
123.06122589111328 48.155628204345703 2
-9.26470947265625 30.389497756958008 2
81.710525512695312 22.90900993347168 2
-85.423736572265625 38.805038452148438 2
30 -21.038887023925781 2
136.0465087890625 53.765968322753906 2
-6.617645263671875 30.389497756958008 2
82.602737426757812 25.714193344116211 2
-75.789459228515625 5.1428399085998535 2
32.307693481445312 -21.038887023925781 4
142.29730224609375 -24.779132843017578 2
-3.9705810546875 30.389497756958008 2
88.421051025390625 40.675159454345703 2
-75.454559326171875 1.4025930166244507 4
32.823528289794922 14.493456840515137 4
145.47944641113281 -25.714193344116211 2
-8.617034912109375 6.0779008865356445 2
88.815788269042969 22.90900993347168 7
-72 5.1428399085998535 4
34.941177368164062 14.493456840515137 4
147.94520568847656 -25.714193344116211 2
-4.21875 34.129737854003906 2
91.184211730957031 22.90900993347168 2
-69.344268798828125 -36.934921264648438 1
39.705883026123047 62.181453704833984 2
-136.21621704101562 59.376296997070312 1
4.736842155456543 22.90900993347168 1
102.59999847412109 0.4675309956073761 7
-64.64788818359375 -27.584314346313477 3
45 56.571136474609375 2
-113.87754821777344 48.155628204345703 2
12.531645774841309 20.103824615478516 2
106.17977905273438 10.753210067749023 4
-61.03448486328125 -12.623332977294922 4
49.285713195800781 -15.428518295288086 4
-108.62069702148438 39.740100860595703 3
19.148935317993164 6.0779008865356445 2
116.25 49.090686798095703 2
-58.79998779296875 -23.844070434570312 3
50 35.064800262451172 3
-98.513519287109375 24.779132843017578 2
20.769229888916016 -8.883087158203125 4
115.71428680419922 28.519374847412109 4
-93.913055419921875 50.960800170898438 1
18.227848052978516 20.103824615478516 2
115.19999694824219 0.4675309956073761 3
-47.142852783203125 74.33697509765625 1
60.75 56.571136474609375 2
-90 32.259616851806641 4
20.506328582763672 20.103824615478516 1
119.57142639160156 28.519374847412109 4
-42 -9.8181476593017578 3
62.727272033691406 32.259616851806641 2
-91.6981201171875 44.415393829345703 2
20.869565963745117 -29.454435348510742 2
115.71428680419922 -21.973947525024414 2
-40 -9.8181476593017578 4
74.117645263671875 62.181453704833984 6
-83.076934814453125 81.816841125488281 1
24.230770111083984 45.350452423095703 2
132.69230651855469 -21.038887023925781 1
-31.153839111328125 69.661819458007812 1
77 9.8181476593017578 4
-75.600006103515625 0.4675309956073761 3
27.777778625488281 18.23370361328125 2
135 -21.038887023925781 1
-5.696197509765625 20.103824615478516 1
85.573768615722656 36.934921264648438 3
-67.5 64.051551818847656 1
31.648351669311523 -8.883087158203125 4
141.04476928710938 -31.324558258056641 2
5.0561800003051758 10.753210067749023 2
91.199996948242188 23.844070434570312 2
-64.93670654296875 -20.103824615478516 2
36.219512939453125 -17.298641204833984 3
143.73133850097656 -31.324558258056641 2
12.857142448425293 15.428518295288086 1
95.294120788574219 62.181453704833984 3
-69.642852783203125 -15.428518295288086 2
34.444442749023438 18.23370361328125 2
144.28572082519531 -35.064800262451172 4
13.5 -19.168764114379883 3
94.426231384277344 36.934921264648438 4
-64.88372802734375 53.765968322753906 1
37.582416534423828 -8.883087158203125 1
175.42372131347656 -38.805038452148438 1
15.75 -19.168764114379883 4
97.377052307128906 36.934921264648438 2
-69 9.8181476593017578 4
39.255317687988281 6.0779008865356445 2
-147.27272033691406 63.116500854492188 2
13.636363983154297 63.116500854492188 1
100.80000305175781 47.220569610595703 3
-64.79998779296875 0.4675309956073761 3
44.400001525878906 -23.844070434570312 2
-129.23077392578125 57.506191253662109 1
15.168539047241211 10.753210067749023 3
103.19999694824219 23.844070434570312 4
-63.658538818359375 55.636081695556641 1
43.125 49.090686798095703 2
-120.85714721679688 61.246402740478516 2
15 26.649253845214844 2
105 65.921646118164062 2
-63 9.8181476593017578 4
45 6.0779008865356445 2
-118.125 34.129737854003906 2
18 0.4675309956073761 2
109.18032836914062 36.934921264648438 2
-49.6875 -4.2077779769897461 4
48.947368621826172 40.675159454345703 2
-112.5 30.389497756958008 3
21.235954284667969 10.753210067749023 2
114.65753173828125 -25.714193344116211 1
-41.25 71.531890869140625 1
59.142856597900391 61.246402740478516 2
-105.42857360839844 61.246402740478516 2
27.857143402099609 54.701026916503906 2
121.69013977050781 -27.584314346313477 2
-28.421051025390625 76.207008361816406 1
70.961540222167969 45.350452423095703 2
-95.80645751953125 35.999858856201172 3
28.064516067504883 -7.012962818145752 4
124.44444274902344 -18.23370361328125 3
-10.975616455078125 17.298641204833984 1
74.423080444335938 45.350452423095703 6
-91.578948974609375 40.675159454345703 2
30 -7.012962818145752 4
126 47.220569610595703 3
-6.521728515625 29.454435348510742 2
77.142860412597656 67.791732788085938 2
-90 35.999858856201172 2
30.638298034667969 50.025741577148438 2
129.2957763671875 -27.584314346313477 1
-13.846160888671875 21.038887023925781 1
78.620689392089844 12.623332977294922 3
-76.595733642578125 -6.0779008865356445 4
32.5 26.649253845214844 2
132 -23.844070434570312 1
-7.741943359375 7.012962818145752 4
81.111114501953125 18.23370361328125 3
-75.68182373046875 -11.688272476196289 2
34.534885406494141 -13.558395385742188 1
135 69.661819458007812 2
1.2857142686843872 28.519374847412109 2
88.269233703613281 45.350452423095703 2
-71.44329833984375 -3.2727160453796387 4
36.627906799316406 -13.558395385742188 4
141.92308044433594 69.661819458007812 2
3.8571429252624512 28.519374847412109 2
95.142860412597656 61.246402740478516 2
-68.7640380859375 -10.753210067749023 4
43.043479919433594 7.9480252265930176 2
148.02632141113281 -22.90900993347168 4
8.4905662536621094 44.415393829345703 2
100.28571319580078 61.246402740478516 2
-66.774200439453125 64.986602783203125 1
45 41.610218048095703 2
156.66667175292969 68.726776123046875 2
12.061855316162109 -3.2727160453796387 4
102 51.895858764648438 2
-62.60870361328125 -29.454435348510742 2
48.214286804199219 41.610218048095703 2
-162.69230651855469 69.661819458007812 2
15.194805145263672 21.973947525024414 2
110.57142639160156 61.246402740478516 2
-60 -9.8181476593017578 4
51.428569793701172 41.610218048095703 2
-121.30435180664062 50.960800170898438 2
21.09375 -34.129737854003906 2
119.15493011474609 27.584314346313477 4
-55.975616455078125 -17.298641204833984 3
60.447761535644531 31.324558258056641 3
-117.39131164550781 50.960800170898438 2
19.87013053894043 21.973947525024414 2
114.32432556152344 24.779132843017578 4
-56 -9.8181476593017578 4
62.5 26.649253845214844 3
-105 60.311347961425781 1
20.204082489013672 48.155628204345703 2
125.21739196777344 7.9480252265930176 4
-51.585357666015625 -17.298641204833984 4
65 26.649253845214844 3
-100 60.311347961425781 1
24.324323654174805 24.779132843017578 2
132.35293579101562 -14.493456840515137 2
-43.043487548828125 72.4669189453125 1
74.745765686035156 38.805038452148438 3
-91.47540283203125 36.934921264648438 4
27.551019668579102 48.155628204345703 2
136.28572082519531 61.246402740478516 2
-8.18182373046875 52.830913543701172 2
78.75 34.129737854003906 3
-74.25 56.571136474609375 2
31.224489212036133 48.155628204345703 2
145.125 -19.168764114379883 4
-0.95745849609375 6.0779008865356445 4
93.333335876464844 43.480335235595703 3
-71.413055419921875 7.9480252265930176 2
31.558441162109375 21.973947525024414 2
167.14285278320312 67.791732788085938 2
0 49.090686798095703 3
84.375 34.129737854003906 3
-118.5 37.869979858398438 3
9.3103446960449219 12.623332977294922 1
98.333335876464844 43.480335235595703 2
-61.578948974609375 5.1428399085998535 3
43.608245849609375 3.2727160453796387 2
-114.32432556152344 59.376296997070312 6
14 -9.8181476593017578 2
102.35294342041016 46.285511016845703 3
-57.5 -26.649253845214844 4
45 65.921646118164062 1
-112.5 37.869979858398438 2
14.794520378112793 25.714193344116211 2
105 43.480335235595703 2
-56.71234130859375 -25.714193344116211 4
49 9.8181476593017578 2
-104.59458923339844 59.376296997070312 1
18 -9.8181476593017578 2
108.33333587646484 43.480335235595703 2
-54.24658203125 -25.714193344116211 4
51.428569793701172 48.155628204345703 2
-91.551727294921875 39.740100860595703 2
20.909090042114258 1.4025930166244507 2
111.31578826904297 22.90900993347168 3
-45.5555419921875 -18.23370361328125 4
63 65.921646118164062 2
-81.509429931640625 44.415393829345703 1
24 -23.844070434570312 1
115 43.480335235595703 2
-10.71429443359375 15.428518295288086 3
72.391304016113281 50.960800170898438 2
-78.11322021484375 44.415393829345703 1
26.363636016845703 -1.4025930166244507 4
120.78947448730469 22.90900993347168 3
-2.727264404296875 32.259616851806641 2
75 65.921646118164062 1
-80.52630615234375 -5.1428399085998535 1
27.123287200927734 25.714193344116211 1
118.69565582275391 29.454435348510742 4
-5.056182861328125 10.753210067749023 2
69.324325561523438 24.779132843017578 1
-76.082489013671875 3.2727160453796387 2
31.200000762939453 -23.844070434570312 2
133.37348937988281 -16.363580703735352 2
4.615384578704834 21.038887023925781 3
71.379310607910156 39.740100860595703 3
-77.142852783203125 80.881912231445312 1
30.857143402099609 -28.519374847412109 3
130.58824157714844 46.285511016845703 2
5.625 19.168764114379883 3
79.859153747558594 27.584314346313477 2
-71.6129150390625 7.012962818145752 4
33.636363983154297 -1.4025930166244507 4
134.11764526367188 46.285511016845703 2
3.8297872543334961 50.025741577148438 2
77.586204528808594 39.740100860595703 4
-71.632659912109375 -48.155628204345703 3
33.636363983154297 1.4025930166244507 2
136.75325012207031 -21.973947525024414 2
6.1363635063171387 52.830913543701172 1
80.689651489257812 39.740100860595703 6
-71.052642822265625 -5.1428399085998535 4
34.137931823730469 12.623332977294922 4
139.09091186523438 -21.973947525024414 4
12.375 19.168764114379883 2
87.464790344238281 27.584314346313477 3
-66.3157958984375 58.441242218017578 1
38.181819915771484 63.116500854492188 1
175.34483337402344 -39.740100860595703 2
15.882352828979492 -14.493456840515137 2
96.666664123535156 68.726776123046875 2
-59.1044921875 -31.324558258056641 4
48.082191467285156 25.714193344116211 3
-121.93548583984375 64.986602783203125 6
19.285715103149414 -2.3376541137695312 2
107.60869598388672 50.960800170898438 2
-57.857147216796875 -2.3376541137695312 3
55.555557250976562 18.23370361328125 3
-116.1290283203125 64.986602783203125 2
22.5 52.830913543701172 2
111.52173614501953 50.960800170898438 2
-56.5384521484375 -21.038887023925781 4
58.5 75.271995544433594 3
-109.09091186523438 63.116500854492188 2
23.04878044128418 17.298641204833984 2
112.07546997070312 44.415393829345703 2
-54.23077392578125 -21.038887023925781 4
61.304347991943359 29.454435348510742 3
-105.25424194335938 38.805038452148438 2
25.063291549682617 -20.103824615478516 1
112.72727203369141 -1.4025930166244507 3
-58 51.895858764648438 1
60.967742919921875 64.986602783203125 2
-101.66665649414062 43.480335235595703 2
26.632652282714844 -2.3376541137695312 4
114.54545593261719 -1.4025930166244507 1
-55.67010498046875 3.2727160453796387 4
66.774192810058594 64.986602783203125 1
-98.4375 34.129737854003906 2
28.469387054443359 -2.3376541137695312 4
117.20930480957031 53.765968322753906 2
-47.30767822265625 -21.038887023925781 4
72.580642700195312 64.986602783203125 2
-95.625 34.129737854003906 4
30.375 19.168764114379883 2
123.75 -19.168764114379883 1
-45 -21.038887023925781 4
80.625 49.090686798095703 4
-91.666656494140625 43.480335235595703 2
34.177215576171875 -20.103824615478516 1
132.72727966308594 -1.4025930166244507 3
-10.79998779296875 23.844070434570312 2
87.272727966308594 63.116500854492188 2
-84.375 79.011993408203125 2
34.941177368164062 -14.493456840515137 4
136.21621704101562 -24.779132843017578 1
-1.125 19.168764114379883 2
92.727272033691406 63.116500854492188 3
-78.18182373046875 -1.4025930166244507 2
37.125 19.168764114379883 3
140.1639404296875 -36.934921264648438 1
6.5060238838195801 16.363580703735352 2
98.307693481445312 33.194679260253906 3
-71.379302978515625 66.856689453125 1
39.599998474121094 0.4675309956073761 2
146.39999389648438 -23.844070434570312 2
10.465116500854492 13.558395385742188 4
103.63636016845703 63.116500854492188 2
-65.17242431640625 66.856689453125 1
43.200000762939453 47.220569610595703 2
176.66667175292969 68.726776123046875 2
10.531914710998535 6.0779008865356445 4
103.84615325927734 33.194679260253906 3
-68.275848388671875 -12.623332977294922 4
44.0625 4.2077779769897461 2
-141.92308044433594 69.661819458007812 2
12.07317066192627 -17.298641204833984 1
104.14286041259766 28.519374847412109 4
-63.409088134765625 52.830913543701172 1
46.363636016845703 32.259616851806641 3
-119.30232238769531 53.765968322753906 1
14.268292427062988 -17.298641204833984 3
114 37.869979858398438 2
-57.446807861328125 -6.0779008865356445 4
53.076923370361328 21.038887023925781 1
-108.67924499511719 44.415393829345703 2
17.349397659301758 16.363580703735352 1
117 37.869979858398438 3
-54.742279052734375 -3.2727160453796387 4
57.599998474121094 47.220569610595703 2
-101.408447265625 27.584314346313477 2
20.769229888916016 8.883087158203125 3
122.23880767822266 -31.324558258056641 2
-50.561798095703125 -10.753210067749023 4
70.714286804199219 41.610218048095703 3
-88.860748291015625 20.103824615478516 3
21.686746597290039 16.363580703735352 2
124.92537689208984 -31.324558258056641 2
-42.80487060546875 -17.298641204833984 4
72.5 60.311347961425781 2
-13.333343505859375 18.23370361328125 1
76.25 26.649253845214844 2
-67.5 82.751724243164062 2
33.428569793701172 28.519374847412109 3
145.16128540039062 64.986602783203125 2
1.0714285373687744 15.428518295288086 1
80.597015380859375 31.324558258056641 3
-64.6875 -34.129737854003906 1
36.900001525878906 -0.4675309956073761 2
167.14285278320312 61.246402740478516 2
3.2142856121063232 15.428518295288086 1
85 60.311347961425781 2
-64.565216064453125 7.9480252265930176 2
38.700000762939453 -0.4675309956073761 2
-157.5 67.791732788085938 1
5.3571429252624512 15.428518295288086 1
94.576271057128906 38.805038452148438 2
-62.60870361328125 7.9480252265930176 4
40.5 37.869979858398438 3
-116 51.895858764648438 1
8.8043479919433594 7.9480252265930176 4
97.941177368164062 30.389497756958008 3
-55 77.142013549804688 1
43.714286804199219 28.519374847412109 3
-106.61538696289062 33.194679260253906 4
17.027027130126953 -24.779132843017578 2
102.70587921142578 14.493456840515137 4
-45.517242431640625 -12.623332977294922 1
49.090908050537109 21.973947525024414 1
-101.57144165039062 28.519374847412109 2
20.526315689086914 40.675159454345703 2
109.14893341064453 50.025741577148438 2
-41.111114501953125 -18.23370361328125 4
51.428569793701172 21.973947525024414 1
-104.21052551269531 22.90900993347168 2
21.789474487304688 5.1428399085998535 1
106.94117736816406 14.493456840515137 4
-48.1395263671875 -13.558395385742188 4
52.615383148193359 33.194679260253906 3
-100 51.895858764648438 3
24.923076629638672 -33.194679260253906 2
116.80850982666016 50.025741577148438 2
-46.0465087890625 -13.558395385742188 1
55.384616851806641 33.194679260253906 1
-99.47369384765625 22.90900993347168 2
25.35211181640625 -27.584314346313477 2
116.30769348144531 -33.194679260253906 1
-7.75860595703125 39.740100860595703 2
58.5 37.869979858398438 3
-94.090911865234375 73.401947021484375 1
27.473684310913086 5.1428399085998535 2
119.07691955566406 -33.194679260253906 3
-39 65.921646118164062 1
61.714286804199219 28.519374847412109 3
-88 51.895858764648438 1
27.303371429443359 -10.753210067749023 4
121.84615325927734 -33.194679260253906 1
-41.625 -19.168764114379883 4
64.285713195800781 28.519374847412109 3
-87.23077392578125 33.194679260253906 4
24.827587127685547 -12.623332977294922 3
124.41176605224609 62.181453704833984 6
-3.6734619140625 48.155628204345703 2
67.5 37.869979858398438 2
-79.5 37.869979858398438 4
27.457626342773438 38.805038452148438 2
131.70732116699219 -17.298641204833984 1
0 47.220569610595703 3
83.918922424316406 24.779132843017578 2
-71.379302978515625 -39.740100860595703 2
31.935483932495117 64.986602783203125 1
136.95652770996094 -29.454435348510742 1
10.206185340881348 3.2727160453796387 2
96 79.94696044921875 1
-70.21978759765625 -8.883087158203125 4
40.344825744628906 12.623332977294922 2
144 -33.194679260253906 4
10.588234901428223 14.493456840515137 2
97.142860412597656 35.064800262451172 3
-70.147064208984375 -30.389497756958008 2
42.352939605712891 46.285511016845703 2
146.48936462402344 -6.0779008865356445 3
12.70588207244873 14.493456840515137 4
97.605636596679688 27.584314346313477 3
-67.792205810546875 -21.973947525024414 2
39.661018371582031 38.805038452148438 4
150.88235473632812 62.181453704833984 2
15 9.8181476593017578 2
99.310348510742188 39.740100860595703 2
-71.052642822265625 -40.675159454345703 1
42.631580352783203 5.1428399085998535 2
-155 60.311347961425781 2
17.30769157409668 -21.038887023925781 2
102.41379547119141 39.740100860595703 6
-67.894744873046875 -40.675159454345703 3
44.526317596435547 5.1428399085998535 2
-119.50819396972656 36.934921264648438 2
19 9.8181476593017578 3
105.51724243164062 39.740100860595703 2
-63.15789794921875 -40.675159454345703 1
51.428569793701172 54.701026916503906 2
-116.557373046875 36.934921264648438 3
20.28169059753418 27.584314346313477 2
108.62068939208984 39.740100860595703 2
-58.441558837890625 -21.973947525024414 4
58.235294342041016 30.389497756958008 3
-108 75.271995544433594 2
23.195877075195312 3.2727160453796387 2
114.54545593261719 1.4025930166244507 3
-56.1038818359375 -21.973947525024414 4
65 43.480335235595703 6
-97.659576416015625 50.025741577148438 4
25 60.311347961425781 2
117.14286041259766 35.064800262451172 2
-50.210540771484375 -5.1428399085998535 4
68.333335876464844 43.480335235595703 2
-91.0843505859375 16.363580703735352 3
27.529411315917969 14.493456840515137 1
130.5 -19.168764114379883 1
-42.065216064453125 -7.9480252265930176 4
79.565216064453125 29.454435348510742 4
-84.375 34.129737854003906 4
29 9.8181476593017578 4
135.71427917480469 35.064800262451172 4
-5.29412841796875 30.389497756958008 2
83.835617065429688 25.714193344116211 2
-76.3636474609375 1.4025930166244507 4
31.764705657958984 14.493456840515137 2
142.32557678222656 -13.558395385742188 3
-9.574462890625 6.0779008865356445 2
86.301368713378906 25.714193344116211 2
-77.796600341796875 38.805038452148438 4
32.474227905273438 3.2727160453796387 1
145.16128540039062 -7.012962818145752 3
-8.901092529296875 8.883087158203125 3
87.391304016113281 29.454435348510742 3
-71.052642822265625 5.1428399085998535 4
35 9.8181476593017578 4
149.17808532714844 -25.714193344116211 4
-5.74468994140625 6.0779008865356445 4
95.806449890136719 35.999858856201172 3
-69.15789794921875 5.1428399085998535 4
39.642856597900391 -15.428518295288086 3
-133.78378295898438 59.376296997070312 1
5.2173914909362793 29.454435348510742 1
98.709678649902344 35.999858856201172 3
-64.91802978515625 -36.934921264648438 1
45.633804321289062 27.584314346313477 1
-119.11764526367188 62.181453704833984 6
13.090909004211426 42.545276641845703 2
102.63157653808594 40.675159454345703 6
-60 -23.844070434570312 3
50.943397521972656 44.415393829345703 2
-107.0689697265625 39.740100860595703 2
13.636363983154297 -1.4025930166244507 4
107.14286041259766 74.33697509765625 2
-56.666656494140625 -18.23370361328125 3
51.428569793701172 35.064800262451172 3
-15.194793701171875 21.973947525024414 2
75.535713195800781 41.610218048095703 3
-68.478271484375 7.9480252265930176 4
31.5 37.869979858398438 2
142.5 -37.869979858398438 3
-4.5 56.571136474609375 6
80 60.311347961425781 2
-67.924530029296875 -44.415393829345703 3
36 28.519374847412109 2
150 63.116500854492188 2
-6.428558349609375 41.610218048095703 2
82.800003051757812 23.844070434570312 2
-67.76470947265625 -14.493456840515137 2
37.5 37.869979858398438 2
175.5 -37.869979858398438 2
-3.21429443359375 41.610218048095703 2
90 60.311347961425781 2
-65 77.142013549804688 1
36.486488342285156 59.376296997070312 2
-151.07142639160156 67.791732788085938 1
7.5 15.428518295288086 1
97.03125 34.129737854003906 3
-55.909088134765625 -32.259616851806641 3
42.299999237060547 -0.4675309956073761 3
-112.5 45.350452423095703 2
15.789473533630371 40.675159454345703 2
100.80000305175781 -0.4675309956073761 3
-49.8648681640625 -24.779132843017578 4
46.5 37.869979858398438 2
-108 51.895858764648438 2
19.45945930480957 -24.779132843017578 1
104.82353210449219 14.493456840515137 4
-43.448272705078125 -12.623332977294922 3
49.846153259277344 33.194679260253906 3
-111.3157958984375 58.441242218017578 1
19.213483810424805 -10.753210067749023 1
106.46341705322266 17.298641204833984 4
-50.625 -19.168764114379883 4
46.097560882568359 -17.298641204833984 2
-102.11538696289062 45.350452423095703 2
23.684209823608398 5.1428399085998535 3
115 60.311347961425781 2
-48.375 -19.168764114379883 4
48.461540222167969 45.350452423095703 4
-104.79452514648438 25.714193344116211 2
23.75 -26.649253845214844 1
113.40000152587891 -0.4675309956073761 3
-45 65.921646118164062 1
58.153846740722656 33.194679260253906 3
-96.585357666015625 17.298641204833984 2
25.280899047851562 -10.753210067749023 4
115.93220520019531 38.805038452148438 3
-43.875 -19.168764114379883 4
60.923076629638672 33.194679260253906 2
-91.73077392578125 45.350452423095703 2
27.123287200927734 -25.714193344116211 2
119.11764526367188 62.181453704833984 6
-48.70587158203125 -14.493456840515137 4
61.463413238525391 55.636081695556641 4
-90 67.791732788085938 1
24.545454025268555 11.688272476196289 2
119.53125 34.129737854003906 3
-13.5616455078125 25.714193344116211 2
66.461540222167969 33.194679260253906 3
-84.80767822265625 45.350452423095703 1
26.785715103149414 15.428518295288086 1
127.89473724365234 -22.90900993347168 1
-9.47369384765625 22.90900993347168 3
78.311691284179688 21.973947525024414 3
-74 51.895858764648438 1
30.508474349975586 38.805038452148438 2
133.90243530273438 -17.298641204833984 2
8.4705886840820312 14.493456840515137 1
92.535209655761719 27.584314346313477 3
-73.79998779296875 -0.4675309956073761 3
37.96875 34.129737854003906 3
141.03092956542969 -3.2727160453796387 3
7.6056337356567383 27.584314346313477 1
95.070419311523438 27.584314346313477 4
-72 -0.4675309956073761 3
38.842105865478516 5.1428399085998535 2
145.16128540039062 -35.999858856201172 3
10.14084529876709 27.584314346313477 1
93.272727966308594 42.545276641845703 2
-70.434783935546875 -50.960800170898438 2
38.571430206298828 54.701026916503906 2
148.06451416015625 -35.999858856201172 2
14.823529243469238 14.493456840515137 2
96.545455932617188 42.545276641845703 2
-72 61.246402740478516 2
39.886363983154297 -11.688272476196289 1
156.17646789550781 62.181453704833984 2
16.941177368164062 14.493456840515137 2
101.73912811279297 72.4669189453125 2
-69.89361572265625 6.0779008865356445 4
42.985073089599609 31.324558258056641 2
-142.5 60.311347961425781 1
15.483870506286621 7.012962818145752 4
103.09091186523438 42.545276641845703 2
-65.076934814453125 -33.194679260253906 2
48.461540222167969 57.506191253662109 2
-124.19999694824219 47.220569610595703 2
16.630434036254883 -7.9480252265930176 1
106.36363983154297 42.545276641845703 2
-63 -0.4675309956073761 3
54.84375 34.129737854003906 1
-113.60655212402344 36.934921264648438 3
22.816902160644531 27.584314346313477 1
111.72413635253906 39.740100860595703 2
-59.5384521484375 -33.194679260253906 4
60.882354736328125 30.389497756958008 3
-106.07142639160156 41.610218048095703 2
21.290323257446289 7.012962818145752 2
115.57894897460938 5.1428399085998535 3
-53.7662353515625 -21.973947525024414 4
64.285713195800781 54.701026916503906 4
-95.373138427734375 31.324558258056641 4
26.907217025756836 3.2727160453796387 4
124.89795684814453 48.155628204345703 3
-45.54217529296875 -16.363580703735352 3
71.666664123535156 43.480335235595703 6
-90 50.025741577148438 1
25.161291122436523 7.012962818145752 2
133.9534912109375 -13.558395385742188 1
-7.5 26.649253845214844 2
80.217391967773438 7.9480252265930176 2
-80.847442626953125 38.805038452148438 3
30.618556976318359 3.2727160453796387 4
139.6875 -4.2077779769897461 3
-12.413787841796875 12.623332977294922 2
78.333335876464844 43.480335235595703 3
-82.173919677734375 72.4669189453125 1
29.34782600402832 50.960800170898438 2
140.45454406738281 -32.259616851806641 2
-11.927703857421875 16.363580703735352 2
81.666664123535156 43.480335235595703 2
-72.727264404296875 1.4025930166244507 4
33.260868072509766 50.960800170898438 2
147.09677124023438 -7.012962818145752 3
-6.923065185546875 8.883087158203125 4
91.232879638671875 25.714193344116211 4
-70.909088134765625 1.4025930166244507 4
37.173912048339844 50.960800170898438 2
-146.66667175292969 68.726776123046875 1
2.4657533168792725 25.714193344116211 3
96.206893920898438 66.856689453125 2
-67.272735595703125 -1.4025930166244507 3
41.086956024169922 50.960800170898438 2
-120.9375 64.051551818847656 6
10 1.4025930166244507 4
102.1875 4.2077779769897461 4
-61.96722412109375 -36.934921264648438 2
48.169013977050781 27.584314346313477 1
-113.82353210449219 62.181453704833984 1
10.657895088195801 22.90900993347168 2
104.51612854003906 35.999858856201172 2
-57.9310302734375 -12.623332977294922 4
47.8125 64.051551818847656 1
-50.74468994140625 -6.0779008865356445 4
55.774646759033203 27.584314346313477 2
-88.928558349609375 15.428518295288086 3
22.978723526000977 6.0779008865356445 2
121.2244873046875 -2.3376541137695312 3
-43 -9.8181476593017578 2
61.363636016845703 32.259616851806641 2
-88.043487548828125 50.960800170898438 1
24.893617630004883 6.0779008865356445 2
123.30000305175781 0.4675309956073761 3
-43.483154296875 -10.753210067749023 2
64.090911865234375 32.259616851806641 2
-85.909088134765625 32.259616851806641 4
26.703296661376953 -8.883087158203125 4
131.53846740722656 -21.038887023925781 1
-34.615386962890625 69.661819458007812 1
72 56.571136474609375 2
-76.5 0.4675309956073761 4
26.666666030883789 18.23370361328125 2
135 49.090686798095703 2
-13.928558349609375 15.428518295288086 1
82.058822631835938 62.181453704833984 6
-68.35443115234375 -20.103824615478516 1
30.659339904785156 -8.883087158203125 3
139.70149230957031 -31.324558258056641 2
-1.79998779296875 47.220569610595703 2
90 23.844070434570312 2
-63.75 -4.2077779769897461 3
35.121952056884766 55.636081695556641 2
143.05262756347656 -5.1428399085998535 3
12.1875 -4.2077779769897461 4
94.821426391601562 41.610218048095703 2
-63.797454833984375 -20.103824615478516 2
36 51.895858764648438 2
145.07463073730469 -31.324558258056641 2
11.842104911804199 58.441242218017578 1
93.75 26.649253845214844 4
-68.571441650390625 -15.428518295288086 2
36.290321350097656 35.999858856201172 3
161.37930297851562 66.856689453125 2
16.551723480224609 -12.623332977294922 3
99.230766296386719 21.038887023925781 4
-67.5 0.4675309956073761 3
38.571430206298828 -8.883087158203125 4
-153.8709716796875 64.986602783203125 2
16.071428298950195 67.791732788085938 2
99.599998474121094 23.844070434570312 4
-67.959197998046875 -2.3376541137695312 3
40.212764739990234 6.0779008865356445 2
-128.57142639160156 61.246402740478516 1
17.419355392456055 -7.012962818145752 4
103.84615325927734 21.038887023925781 4
-66 9.8181476593017578 4
42.127658843994141 6.0779008865356445 2
-122.14285278320312 54.701026916503906 2
16.744186401367188 -13.558395385742188 1
104.75409698486328 36.934921264648438 3
-64 9.8181476593017578 4
44.042552947998047 6.0779008865356445 2
-118.28572082519531 61.246402740478516 2
17.419355392456055 64.986602783203125 1
108 65.921646118164062 2
-57.857147216796875 -15.428518295288086 3
47.368419647216797 40.675159454345703 2
-115.14706420898438 30.389497756958008 2
20.930233001708984 -13.558395385742188 1
113.40000152587891 47.220569610595703 2
-47.848114013671875 -20.103824615478516 4
52.5 49.090686798095703 2
-108 61.246402740478516 1
25 43.480335235595703 2
120 -9.8181476593017578 4
-14.268280029296875 17.298641204833984 2
72 33.194679260253906 3
-97.258056640625 35.999858856201172 2
30 54.701026916503906 2
123.59999847412109 -23.844070434570312 1
-23.6842041015625 76.207008361816406 1
73.333335876464844 18.23370361328125 4
-82.5 49.090686798095703 1
32.282608032226562 7.9480252265930176 4
125.55555725097656 -18.23370361328125 2
-22.5 71.531890869140625 2
76 51.895858764648438 2
-90 40.675159454345703 2
30.967741012573242 -7.012962818145752 4
128.02816772460938 -27.584314346313477 1
-7.68292236328125 17.298641204833984 1
79.615386962890625 45.350452423095703 3
-86.84210205078125 40.675159454345703 2
31.395349502563477 -13.558395385742188 3
130.56338500976562 -27.584314346313477 1
-4 51.895858764648438 2
82.285713195800781 61.246402740478516 6
-75.6383056640625 -6.0779008865356445 4
33.75 26.649253845214844 3
133.19999694824219 -23.844070434570312 1
0 28.519374847412109 2
85.846153259277344 33.194679260253906 3
-71.16278076171875 -53.765968322753906 2
36.885246276855469 36.934921264648438 3
142.19999694824219 47.220569610595703 2
1.9780219793319702 8.883087158203125 3
90 70.596855163574219 2
-69.7752685546875 -10.753210067749023 4
40.344825744628906 66.856689453125 1
146.66667175292969 68.726776123046875 2
9.3506488800048828 21.973947525024414 1
101.25 79.011993408203125 1
-67.7528076171875 -10.753210067749023 4
45.569622039794922 -20.103824615478516 3
152.30769348144531 69.661819458007812 2
10.945945739746094 24.779132843017578 1
102.85713958740234 61.246402740478516 2
-64.28570556640625 8.883087158203125 2
46.607143402099609 41.610218048095703 2
-157.5 64.051551818847656 2
15.75 56.571136474609375 1
111.59999847412109 70.596855163574219 2
-61.304351806640625 -29.454435348510742 4
55.531913757324219 50.025741577148438 2
-123.96226501464844 44.415393829345703 2
18.701297760009766 -21.973947525024414 2
113.14286041259766 61.246402740478516 2
-49.5 75.271995544433594 1
61.363636016845703 52.830913543701172 4
-110.45454406738281 32.259616851806641 3
21.686746597290039 -16.363580703735352 1
120.42253875732422 27.584314346313477 4
-54.8780517578125 -17.298641204833984 4
61.791046142578125 31.324558258056641 3
-107.72727966308594 32.259616851806641 4
21.038961410522461 21.973947525024414 2
124.23912811279297 7.9480252265930176 4
-53.478271484375 -29.454435348510742 4
64.477615356445312 31.324558258056641 4
-102.5 60.311347961425781 1
22.040817260742188 48.155628204345703 3
129.27272033691406 42.545276641845703 2
-46.956512451171875 72.4669189453125 1
73.2203369140625 38.805038452148438 3
-92.9508056640625 36.934921264648438 4
27.899999618530273 -0.4675309956073761 4
136.09756469726562 55.636081695556641 2
-12.272735595703125 11.688272476196289 2
77.727272033691406 52.830913543701172 2
-76.45159912109375 -7.012962818145752 4
29.700000762939453 -0.4675309956073761 4
144 -19.168764114379883 2
-2.967041015625 8.883087158203125 4
82.058822631835938 30.389497756958008 3
-70 60.311347961425781 2
33.061225891113281 48.155628204345703 2
151.36363220214844 -32.259616851806641 3
-2.0689697265625 12.623332977294922 1
82.96875 34.129737854003906 3
-67.5 56.571136474609375 6
34.698795318603516 -16.363580703735352 4
-63.243255615234375 -24.779132843017578 2
36 -5.1428399085998535 1
-116.75675964355469 59.376296997070312 5
11.095890045166016 25.714193344116211 1
101.73912811279297 29.454435348510742 3
-60.41094970703125 -25.714193344116211 2
42 65.921646118164062 1
-114.14634704589844 55.636081695556641 6
15.600000381469727 -23.844070434570312 1
104.11764526367188 46.285511016845703 3
-59.090911865234375 -1.4025930166244507 4
45.542167663574219 -16.363580703735352 2
-109.756103515625 55.636081695556641 3
18 -23.844070434570312 1
106.95652008056641 29.454435348510742 3
-55.945953369140625 -24.779132843017578 4
48.139533996582031 53.765968322753906 2
-102.16217041015625 59.376296997070312 1
19 -9.8181476593017578 1
109.56521606445312 29.454435348510742 4
-53.013702392578125 -25.714193344116211 4
53.265304565429688 48.155628204345703 1
-90 35.064800262451172 3
21.818181991577148 1.4025930166244507 2
112.5 22.90900993347168 3
-44.4444580078125 -18.23370361328125 4
67.142860412597656 35.064800262451172 3
-84.48980712890625 48.155628204345703 1
25.200000762939453 -23.844070434570312 1
118.23529052734375 46.285511016845703 2
-8.089874267578125 10.753210067749023 4
74.347824096679688 50.960800170898438 2
-83.7930908203125 39.740100860595703 2
25.890411376953125 25.714193344116211 1
121.76470947265625 46.285511016845703 2
-7.5 15.428518295288086 1
66.724136352539062 39.740100860595703 2
-80.689666748046875 39.740100860595703 3
27.272727966308594 1.4025930166244507 4
120.73170471191406 17.298641204833984 3
4.3902440071105957 17.298641204833984 1
76.05633544921875 27.584314346313477 2
-78.571441650390625 35.064800262451172 4
29.571428298950195 -28.519374847412109 3
130.90908813476562 -21.973947525024414 1
4.029850959777832 31.324558258056641 2
73.255813598632812 53.765968322753906 4
-75.789459228515625 -5.1428399085998535 3
30.909090042114258 1.4025930166244507 1
128.86363220214844 52.830913543701172 2
6.75 19.168764114379883 3
81.126762390136719 27.584314346313477 2
-78.545440673828125 42.545276641845703 3
32.222221374511719 -18.23370361328125 3
132.95454406738281 52.830913543701172 2
5 43.480335235595703 3
79.137931823730469 39.740100860595703 2
-73.421051025390625 58.441242218017578 2
32.142856597900391 67.791732788085938 1
137.04545593261719 52.830913543701172 6
8.1818180084228516 52.830913543701172 2
82.653060913085938 48.155628204345703 2
-70.105255126953125 -5.1428399085998535 4
35.454544067382812 63.116500854492188 1
140.25973510742188 -21.973947525024414 4
13.5 19.168764114379883 1
90 35.064800262451172 3
-65.87628173828125 3.2727160453796387 4
40 -1.4025930166244507 2
148.23529052734375 -30.389497756958008 4
17.234043121337891 50.025741577148438 2
102.55813598632812 13.558395385742188 3
-58.7755126953125 -2.3376541137695312 4
53.684211730957031 40.675159454345703 1
-126.38298034667969 50.025741577148438 2
20.454545974731445 52.830913543701172 2
109.56521606445312 50.960800170898438 2
-58.695648193359375 -7.9480252265930176 1
56.842105865478516 40.675159454345703 3
-113.22579956054688 64.986602783203125 2
22.040817260742188 -2.3376541137695312 2
110.76923370361328 69.661819458007812 2
-60.30926513671875 3.2727160453796387 3
57.272727966308594 63.116500854492188 2
-110.45454406738281 52.830913543701172 2
23.924051284790039 -20.103824615478516 1
108.83721160888672 13.558395385742188 4
-58.45361328125 3.2727160453796387 4
62.608695983886719 29.454435348510742 4
-103.72882080078125 38.805038452148438 2
24.75 19.168764114379883 2
107.02702331542969 59.376296997070312 2
-52.826080322265625 -7.9480252265930176 4
66.315788269042969 40.675159454345703 2
-100.677978515625 38.805038452148438 2
27 19.168764114379883 2
111.89189147949219 59.376296997070312 2
-54.742279052734375 3.2727160453796387 4
69.473686218261719 40.675159454345703 2
-97.03125 34.129737854003906 2
29.387754440307617 -2.3376541137695312 4
122.625 -19.168764114379883 1
-48.913055419921875 -7.9480252265930176 4
72.631576538085938 40.675159454345703 2
-94.090911865234375 52.830913543701172 6
31.764705657958984 -14.493456840515137 4
127.35848999023438 44.415393829345703 3
-12.558135986328125 13.558395385742188 2
84.545455932617188 63.116500854492188 1
-90 52.830913543701172 2
33.882354736328125 -14.493456840515137 4
133.63636779785156 -1.4025930166244507 4
-7.894744873046875 40.675159454345703 3
86.25 49.090686798095703 2
-82.941162109375 46.285511016845703 1
34.897960662841797 -2.3376541137695312 2
134.15093994140625 44.415393829345703 2
2.8571429252624512 35.064800262451172 2
95.454544067382812 63.116500854492188 3
-77.727264404296875 52.830913543701172 6
38.117645263671875 -14.493456840515137 3
141.63934326171875 -36.934921264648438 2
5.7142858505249023 35.064800262451172 2
98.709678649902344 64.986602783203125 2
-64.43182373046875 -11.688272476196289 4
41.25 4.2077779769897461 2
148.30986022949219 -27.584314346313477 2
9.574467658996582 6.0779008865356445 4
103.67088317871094 20.103824615478516 4
-69.310333251953125 -12.623332977294922 4
43.125 4.2077779769897461 2
-163.33332824707031 68.726776123046875 2
6.6666665077209473 18.23370361328125 3
102.85713958740234 28.519374847412109 3
-67.090911865234375 -42.545276641845703 3
45 4.2077779769897461 2
-132.35293579101562 62.181453704833984 1
8.8888893127441406 18.23370361328125 2
105 49.090686798095703 3
-61.71429443359375 -28.519374847412109 2
47.727272033691406 32.259616851806641 2
-114.23077392578125 69.661819458007812 2
15.394737243652344 -22.90900993347168 1
111.12245178222656 -2.3376541137695312 1
-56.489349365234375 -6.0779008865356445 4
53.780487060546875 17.298641204833984 3
-103.69564819335938 50.960800170898438 3
17.763158798217773 -22.90900993347168 2
113.53845977783203 33.194679260253906 2
-53.814422607421875 -3.2727160453796387 4
59.400001525878906 47.220569610595703 2
-98.18182373046875 21.973947525024414 3
21.758241653442383 8.883087158203125 2
124.61538696289062 45.350452423095703 3
-51.958770751953125 -3.2727160453796387 4
63 47.220569610595703 1
-84.600006103515625 47.220569610595703 1
23.736263275146484 8.883087158203125 2
127.5 -15.428518295288086 1
-45 -9.8181476593017578 2
66.599998474121094 47.220569610595703 2
-73.125 -4.2077779769897461 3
26.162790298461914 13.558395385742188 2
131.53846740722656 33.194679260253906 3
-13.6708984375 20.103824615478516 3
76.23529052734375 14.493456840515137 3
-75.9375 4.2077779769897461 2
27.69230842590332 8.883087158203125 2
131.78572082519531 -15.428518295288086 2
-11.39239501953125 20.103824615478516 1
78.352943420410156 14.493456840515137 3
-78.29998779296875 0.4675309956073761 2
29.670330047607422 8.883087158203125 4
145.82278442382812 -20.103824615478516 3
-8.18182373046875 21.973947525024414 1
83.076919555664062 21.038887023925781 3
-72 70.596855163574219 1
31.648351669311523 8.883087158203125 4
142.5 -15.428518295288086 3
-4.4444580078125 18.23370361328125 1
86.25 26.649253845214844 2
-62.903228759765625 -7.012962818145752 3
34.342105865478516 -22.90900993347168 2
166.36363220214844 63.116500854492188 2
9.642857551574707 15.428518295288086 1
95.625 19.168764114379883 4
-53.18182373046875 -32.259616851806641 2
38.969070434570312 -3.2727160453796387 2
-149.14285278320312 61.246402740478516 1
15.340909004211426 -11.688272476196289 3
102.59999847412109 -0.4675309956073761 7
-52.875 -19.168764114379883 1
39.512195587158203 55.636081695556641 2
-144 61.246402740478516 1
14.67391300201416 7.9480252265930176 4
98.035713195800781 41.610218048095703 2
-60 -4.2077779769897461 3
40.813953399658203 13.558395385742188 2
-118.42105102539062 40.675159454345703 2
20.769229888916016 69.661819458007812 2
105.773193359375 -3.2727160453796387 7
-59.240509033203125 -20.103824615478516 4
44 51.895858764648438 2
-116.25 71.531890869140625 2
18.586956024169922 7.9480252265930176 3
104.625 19.168764114379883 4
-56.9620361328125 -20.103824615478516 3
46.046512603759766 13.558395385742188 2
-108.2608642578125 29.454435348510742 2
20.543478012084961 7.9480252265930176 3
110.25 19.168764114379883 3
-57.857147216796875 80.881912231445312 1
45.599998474121094 -23.844070434570312 2
-101.25 49.090686798095703 2
22.5 7.9480252265930176 1
110.89286041259766 41.610218048095703 2
-56.93878173828125 48.155628204345703 2
47.777778625488281 18.23370361328125 7
-103.04348754882812 29.454435348510742 2
21.355932235717773 38.805038452148438 3
114.10713958740234 41.610218048095703 2
-47.419342041015625 -7.012962818145752 1
50.806449890136719 35.999858856201172 2
-101.5384521484375 21.038887023925781 2
25.875 -19.168764114379883 2
117.32142639160156 41.610218048095703 3
-36.81817626953125 73.401947021484375 1
69.230766296386719 33.194679260253906 3
-90 19.168764114379883 3
28.369565963745117 7.9480252265930176 2
121.5 56.571136474609375 2
-6 37.869979858398438 3
86.351348876953125 24.779132843017578 2
-87.75 19.168764114379883 3
31.071428298950195 15.428518295288086 1
132.63157653808594 -22.90900993347168 1
-5.5384521484375 33.194679260253906 2
82.987014770507812 21.973947525024414 2
-77 -9.8181476593017578 2
34.285713195800781 54.701026916503906 2
132.42857360839844 -28.519374847412109 1
-3.698638916015625 25.714193344116211 3
83.414634704589844 55.636081695556641 2
-76.153839111328125 8.883087158203125 4
34.875 -19.168764114379883 1
137.36842346191406 -22.90900993347168 2
0 21.973947525024414 3
82.5 37.869979858398438 6
-74.175811767578125 8.883087158203125 4
36.195652008056641 7.9480252265930176 4
139.73684692382812 -22.90900993347168 4
2.3376622200012207 21.973947525024414 2
86.785713195800781 67.791732788085938 2
-71.590911865234375 -52.830913543701172 3
36.818180084228516 52.830913543701172 2
150 -29.454435348510742 4
5.4545454978942871 32.259616851806641 2
93.214286804199219 67.791732788085938 2
-68.8775634765625 2.3376541137695312 4
40.909091949462891 11.688272476196289 2
156 65.921646118164062 2
7.0129871368408203 21.973947525024414 3
95.844154357910156 21.973947525024414 4
-66.0638427734375 6.0779008865356445 4
45 52.830913543701172 2
174.70588684082031 62.181453704833984 2
15.300000190734863 -0.4675309956073761 2
106.07142639160156 67.791732788085938 2
-65 -9.8181476593017578 3
52.758621215820312 66.856689453125 2
-127.5 60.311347961425781 1
13.695652008056641 50.960800170898438 2
110.32257843017578 -7.012962818145752 4
-61.463409423828125 -17.298641204833984 4
57.966102600097656 38.805038452148438 6
-114.75 56.571136474609375 3
18.80596923828125 -31.324558258056641 2
117.93103790283203 39.740100860595703 2
-56.25 79.011993408203125 1
65.172416687011719 66.856689453125 2
-109.80000305175781 47.220569610595703 2
21.492536544799805 -31.324558258056641 2
123.03797149658203 -20.103824615478516 1
-40.10870361328125 -7.9480252265930176 3
71.538459777832031 57.506191253662109 2
-97.826080322265625 72.4669189453125 2
25.434782028198242 50.960800170898438 2
131.78572082519531 67.791732788085938 2
-41.204833984375 -16.363580703735352 3
71.470588684082031 30.389497756958008 3
-98.852447509765625 36.934921264648438 2
26.865671157836914 -31.324558258056641 3
133.19999694824219 70.596855163574219 2
-44.41558837890625 -21.973947525024414 4
74.117645263671875 30.389497756958008 3
-90 41.610218048095703 2
26.100000381469727 -0.4675309956073761 4
140.39999389648438 70.596855163574219 4
-22.5 75.271995544433594 1
85 43.480335235595703 3
-79.411773681640625 78.077003479003906 1
32.282608032226562 -7.9480252265930176 4
147.60000610351562 70.596855163574219 2
-4.576263427734375 38.805038452148438 3
90 57.506191253662109 2
-69.324310302734375 -24.779132843017578 2
34.239131927490234 -7.9480252265930176 4
160.243896484375 55.636081695556641 2
4.9315066337585449 25.714193344116211 3
95.217391967773438 29.454435348510742 3
-66.89190673828125 -24.779132843017578 4
40.344825744628906 39.740100860595703 2
-125.1219482421875 55.636081695556641 2
7.2413792610168457 12.623332977294922 1
97.826087951660156 29.454435348510742 3
-63.6363525390625 -1.4025930166244507 3
38.709678649902344 7.012962818145752 4
-63.83721923828125 -13.558395385742188 4
35.783130645751953 -16.363580703735352 3
-117 37.869979858398438 3
10.344827651977539 12.623332977294922 1
100.58823394775391 46.285511016845703 2
-60.631591796875 5.1428399085998535 1
41.612903594970703 7.012962818145752 4
-116.30769348144531 33.194679260253906 3
15 -9.8181476593017578 2
103.33333587646484 43.480335235595703 2
-59.651153564453125 -13.558395385742188 4
43.953487396240234 53.765968322753906 2
-110.57142639160156 28.519374847412109 3
17 -9.8181476593017578 3
106.66666412353516 43.480335235595703 2
-56.84210205078125 5.1428399085998535 5
47.710842132568359 -16.363580703735352 3
-105 65.921646118164062 1
18.49315071105957 25.714193344116211 2
104.31818389892578 52.830913543701172 2
-53.513519287109375 -24.779132843017578 4
52.363636016845703 42.545276641845703 2
-97.29730224609375 59.376296997070312 1
21 -9.8181476593017578 2
112.19178009033203 25.714193344116211 4
-46.551727294921875 -12.623332977294922 4
66 65.921646118164062 1
-86.89654541015625 39.740100860595703 2
23.636363983154297 1.4025930166244507 2
116.66666412353516 43.480335235595703 2
-9.642852783203125 15.428518295288086 1
72 65.921646118164062 1
-84.28570556640625 35.064800262451172 4
25.454545974731445 1.4025930166244507 4
120 43.480335235595703 2
-8.804351806640625 7.9480252265930176 2
64.883720397949219 53.765968322753906 4
-81.428558349609375 35.064800262451172 4
27 -9.8181476593017578 4
120.68181610107422 52.830913543701172 2
3.461538553237915 21.038887023925781 3
75.714286804199219 35.064800262451172 3
-83.571441650390625 80.881912231445312 2
29.090909957885742 1.4025930166244507 4
128.82353210449219 46.285511016845703 2
-2.0224609375 10.753210067749023 2
72.972976684570312 24.779132843017578 2
-81.81817626953125 42.545276641845703 4
30.789474487304688 58.441242218017578 2
125.21739196777344 -29.454435348510742 3
6.7164177894592285 31.324558258056641 1
77.441864013671875 53.765968322753906 4
-80.52630615234375 22.90900993347168 4
31.034482955932617 12.623332977294922 4
127.82608795166016 -29.454435348510742 1
2 9.8181476593017578 3
78.979591369628906 48.155628204345703 2
-75.272735595703125 42.545276641845703 3
31.764705657958984 30.389497756958008 3
134.53608703613281 -3.2727160453796387 3
4.21875 34.129737854003906 2
82.241378784179688 39.740100860595703 6
-70.48193359375 -16.363580703735352 2
35.172412872314453 12.623332977294922 4
139.7872314453125 -6.0779008865356445 5
13.404254913330078 50.025741577148438 2
88.732391357421875 27.584314346313477 3
-67.5 67.791732788085938 1
39 -9.8181476593017578 2
142.59739685058594 -21.973947525024414 4
17.088607788085938 -20.103824615478516 2
100.53191375732422 6.0779008865356445 4
-60 -21.038887023925781 2
49.736843109130859 22.90900993347168 1
-139.65516662597656 66.856689453125 1
20.204082489013672 -2.3376541137695312 2
106.98113250732422 44.415393829345703 2
-60.967742919921875 7.012962818145752 3
52.105262756347656 22.90900993347168 1
-114.54545593261719 52.830913543701172 2
21.95121955871582 17.298641204833984 2
110.37735748291016 44.415393829345703 2
-61.807220458984375 -16.363580703735352 4
54.473682403564453 22.90900993347168 7
-112.8358154296875 31.324558258056641 3
23.87755012512207 -2.3376541137695312 2
106.74418640136719 53.765968322753906 2
-59.6385498046875 -16.363580703735352 3
58.064517974853516 64.986602783203125 2
-106.36363220214844 52.830913543701172 2
21.818181991577148 -32.259616851806641 2
104.69387817382812 48.155628204345703 2
-56.597930908203125 3.2727160453796387 4
65.217391967773438 29.454435348510742 3
-100.79998779296875 23.844070434570312 2
24.545454025268555 -32.259616851806641 2
110.45454406738281 32.259616851806641 3
-55.30120849609375 -16.363580703735352 4
67.826087951660156 29.454435348510742 3
-97.627105712890625 38.805038452148438 2
29.25 19.168764114379883 2
121.44578552246094 16.363580703735352 4
-52.8865966796875 3.2727160453796387 4
70.434783935546875 29.454435348510742 3
-94.21875 34.129737854003906 4
31.5 19.168764114379883 2
124.875 -19.168764114379883 1
-43.846160888671875 -21.038887023925781 4
82.5 49.090686798095703 3
-90 43.480335235595703 2
33.75 19.168764114379883 2
130.75471496582031 44.415393829345703 2
-9.600006103515625 23.844070434570312 3
79.838706970214844 35.999858856201172 3
-85.909088134765625 52.830913543701172 6
34.200000762939453 47.220569610595703 2
131.86045837402344 53.765968322753906 2
0 18.23370361328125 2
95.142860412597656 28.519374847412109 3
-79.411773681640625 46.285511016845703 1
37.799999237060547 47.220569610595703 2
140.54794311523438 -25.714193344116211 1
2.2222223281860352 18.23370361328125 2
97.714286804199219 28.519374847412109 3
-68.275848388671875 66.856689453125 1
40.5 0.4675309956073761 2
147.60000610351562 -23.844070434570312 4
8.5714282989501953 35.064800262451172 2
102.46154022216797 33.194679260253906 3
-69.545440673828125 52.830913543701172 1
42.299999237060547 0.4675309956073761 2
162.97297668457031 59.376296997070312 2
5.6962027549743652 20.103824615478516 3
101.93877410888672 -2.3376541137695312 3
-67.24139404296875 -12.623332977294922 4
39.2957763671875 27.584314346313477 1
-135 64.051551818847656 1
7.9746837615966797 20.103824615478516 2
103.7755126953125 -2.3376541137695312 4
-64.4444580078125 -18.23370361328125 2
46.875 4.2077779769897461 2
-114.82759094238281 39.740100860595703 4
15.365853309631348 -17.298641204833984 2
110.76923370361328 33.194679260253906 3
-57.272735595703125 52.830913543701172 1
52.875 19.168764114379883 1
-106.98112487792969 44.415393829345703 2
17.560976028442383 -17.298641204833984 1
112.95918273925781 -2.3376541137695312 1
-54.204559326171875 -11.688272476196289 4
56.538459777832031 21.038887023925781 3
-99.782623291015625 50.960800170898438 2
21 65.921646118164062 1
123.58209228515625 -31.324558258056641 2
-52.159088134765625 -11.688272476196289 4
55.909091949462891 32.259616851806641 3
-87.721527099609375 20.103824615478516 3
22.909090042114258 42.545276641845703 3
126.26865386962891 -31.324558258056641 2
-47.368408203125 -22.90900993347168 2
60.882354736328125 62.181453704833984 2
-73.820220947265625 10.753210067749023 4
25.714284896850586 8.883087158203125 2
129.64285278320312 -15.428518295288086 1
-26.4705810546875 78.077003479003906 1
75.245903015136719 36.934921264648438 3
-77.399993896484375 47.220569610595703 1
27.236841201782227 -22.90900993347168 3
131.64178466796875 -31.324558258056641 2
-22.5 82.751724243164062 2
78.196723937988281 36.934921264648438 3
-79.20001220703125 70.596855163574219 1
29.605262756347656 -22.90900993347168 2
139.59184265136719 -2.3376541137695312 2
-9.113922119140625 20.103824615478516 1
82.125 19.168764114379883 2
-72.1875 4.2077779769897461 4
31.445783615112305 16.363580703735352 1
141.84782409667969 -7.9480252265930176 4
-4.8648681640625 24.779132843017578 2
85.909088134765625 73.401947021484375 2
-63.5294189453125 -14.493456840515137 4
33.626373291015625 8.883087158203125 4
145.7608642578125 -7.9480252265930176 3
7.7142858505249023 61.246402740478516 1
94.090911865234375 73.401947021484375 2
-54.545440673828125 1.4025930166244507 4
38.076923370361328 45.350452423095703 2
174.19354248046875 64.986602783203125 2
14.558823585510254 30.389497756958008 2
102.27272796630859 73.401947021484375 2
-59.032257080078125 -7.012962818145752 1
38.720932006835938 13.558395385742188 2
-160.90908813476562 63.116500854492188 2
14.482758522033691 -12.623332977294922 2
97.941177368164062 62.181453704833984 2
-61.51898193359375 -20.103824615478516 2
40 51.895858764648438 2
-125.35714721679688 67.791732788085938 2
19.72602653503418 -25.714193344116211 1
103.23529052734375 62.181453704833984 2
-60.65216064453125 50.960800170898438 1
43.953487396240234 13.558395385742188 2
-118.63636779785156 73.401947021484375 2
18.409090042114258 11.688272476196289 3
104.46428680419922 41.610218048095703 2
-58.604644775390625 53.765968322753906 1
43.516483306884766 8.883087158203125 2
-108.75 71.531890869140625 2
20.454545974731445 11.688272476196289 3
108.94736480712891 76.207008361816406 2
-59.0625 4.2077779769897461 3
45.569622039794922 20.103824615478516 1
-102.375 19.168764114379883 2
21.5625 -4.2077779769897461 2
108 56.571136474609375 2
-57.1875 4.2077779769897461 4
47.472526550292969 8.883087158203125 2
-103.84616088867188 21.038887023925781 2
21.290323257446289 -7.012962818145752 1
112.95918273925781 2.3376541137695312 3
-50.1265869140625 -20.103824615478516 2
50.126583099365234 20.103824615478516 1
-102.631591796875 40.675159454345703 2
25.3125 -4.2077779769897461 4
117 56.571136474609375 2
-42.631591796875 76.207008361816406 1
65.769233703613281 45.350452423095703 4
-97.826080322265625 29.454435348510742 4
28.125 -19.168764114379883 1
121.19999694824219 -23.844070434570312 1
-7.105255126953125 22.90900993347168 2
80.64935302734375 21.973947525024414 4
-88.846160888671875 21.038887023925781 3
31.034482955932617 -12.623332977294922 3
129.85714721679688 -28.519374847412109 1
-6.164398193359375 25.714193344116211 3
79.024391174316406 55.636081695556641 4
-77.30767822265625 21.038887023925781 3
33.214286804199219 15.428518295288086 4
132 65.921646118164062 2
-6 9.8181476593017578 3
79.5 37.869979858398438 6
-77.142852783203125 61.246402740478516 2
34.772727966308594 11.688272476196289 4
135 56.571136474609375 2
-1.232879638671875 25.714193344116211 1
80.357139587402344 67.791732788085938 3
-75 49.090686798095703 1
34.6875 -4.2077779769897461 4
138.68852233886719 36.934921264648438 2
1.2162162065505981 24.779132843017578 2
85.5 37.869979858398438 2
-72.19781494140625 8.883087158203125 4
36.5625 -4.2077779769897461 3
142.10527038574219 -22.90900993347168 4
4.6753244400024414 21.973947525024414 3
88.5 37.869979858398438 3
-69 -9.8181476593017578 4
40.212764739990234 50.025741577148438 2
152.60868835449219 -29.454435348510742 2
6.0810809135437012 24.779132843017578 3
95.555557250976562 18.23370361328125 3
-67 -9.8181476593017578 4
44.042552947998047 50.025741577148438 2
168.75 64.051551818847656 2
13.01204776763916 -16.363580703735352 3
105.36585235595703 55.636081695556641 2
-65.204071044921875 2.3376541137695312 4
51.044776916503906 31.324558258056641 3
-158.82353210449219 62.181453704833984 2
13.636363983154297 32.259616851806641 2
109.75609588623047 55.636081695556641 2
-62.234039306640625 6.0779008865356445 3
53.731342315673828 31.324558258056641 3
-115.90908813476562 32.259616851806641 2
17.608695983886719 50.960800170898438 1
117.47368621826172 5.1428399085998535 3
-57.600006103515625 -0.4675309956073761 4
63.28125 34.129737854003906 3
-110.25 56.571136474609375 6
20.700000762939453 -0.4675309956073761 2
119.45454406738281 42.545276641845703 2
-43.373504638671875 -16.363580703735352 4
71.379310607910156 66.856689453125 2
-101.80328369140625 36.934921264648438 2
24.179103851318359 -31.324558258056641 2
126 70.596855163574219 2
-44.52630615234375 -5.1428399085998535 4
68.90625 34.129737854003906 3
-100 18.23370361328125 2
25.578947067260742 -5.1428399085998535 4
127.59494018554688 -20.103824615478516 1
-46.4835205078125 -8.883087158203125 4
71.71875 34.129737854003906 3
-95.901641845703125 36.934921264648438 3
26.02409553527832 -16.363580703735352 4
139.5 -19.168764114379883 1
-40.736846923828125 -5.1428399085998535 4
84.705879211425781 46.285511016845703 2
-80.625 -4.2077779769897461 2
29.36842155456543 -5.1428399085998535 4
145.90908813476562 -32.259616851806641 2
-4.945068359375 8.883087158203125 2
90 54.701026916503906 2
-70.85107421875 50.025741577148438 1
33.75 64.051551818847656 1
157.5 67.791732788085938 2
2.769230842590332 33.194679260253906 2
94.615386962890625 57.506191253662109 2
-66.97674560546875 -13.558395385742188 4
39.896907806396484 3.2727160453796387 2
-132 65.921646118164062 1
6.6315789222717285 5.1428399085998535 4
95.294120788574219 46.285511016845703 2
-64.109588623046875 -25.714193344116211 2
38.152172088623047 -7.9480252265930176 4
-75 82.751724243164062 1
24.545454025268555 42.545276641845703 2
128.57142639160156 -15.428518295288086 1
-14.81011962890625 20.103824615478516 1
77.307693481445312 21.038887023925781 4
-72.321441650390625 41.610218048095703 1
26.703296661376953 8.883087158203125 2
133.16326904296875 -2.3376541137695312 7
-10 18.23370361328125 1
79.615386962890625 21.038887023925781 4
-76.7213134765625 36.934921264648438 3
28.421052932739258 -22.90900993347168 2
138.6734619140625 -2.3376541137695312 4
-7.605621337890625 27.584314346313477 2
83.571426391601562 41.610218048095703 2
-72 -37.869979858398438 2
30.659339904785156 8.883087158203125 4
146.96202087402344 -20.103824615478516 3
-5.0704345703125 27.584314346313477 1
85 26.649253845214844 2
-66.5625 -4.2077779769897461 3
33.157894134521484 -22.90900993347168 2
163.63636779785156 63.116500854492188 2
8.5714282989501953 15.428518295288086 1
94.5 19.168764114379883 4
-56.25 -19.168764114379883 3
35.581394195556641 13.558395385742188 3
-151.71427917480469 61.246402740478516 1
14.318181991577148 -11.688272476196289 4
101.69999694824219 -0.4675309956073761 4
-51.81817626953125 -1.4025930166244507 3
45 -22.90900993347168 2
-135 67.791732788085938 1
16.027397155761719 -25.714193344116211 1
104.0625 34.129737854003906 3
-58.23529052734375 -14.493456840515137 4
42.244899749755859 2.3376541137695312 2
-120 40.675159454345703 3
18.409090042114258 -11.688272476196289 1
101.25 19.168764114379883 4
-56.117645263671875 -14.493456840515137 1
46.097560882568359 55.636081695556641 2
-116.1290283203125 35.999858856201172 3
20.958904266357422 -25.714193344116211 1
103.5 19.168764114379883 4
-58.10125732421875 -20.103824615478516 3
47.710842132568359 16.363580703735352 3
-112.5 71.531890869140625 2
19.431818008422852 11.688272476196289 3
109.125 19.168764114379883 4
-51.882354736328125 -14.493456840515137 4
54.878047943115234 55.636081695556641 2
-105 71.531890869140625 2
21.477272033691406 11.688272476196289 2
109.6875 64.051551818847656 2
-51.428558349609375 80.881912231445312 1
52.048191070556641 16.363580703735352 3
-99.375 49.090686798095703 2
22.5 -19.168764114379883 1
112.5 41.610218048095703 2
-51.5625 -4.2077779769897461 4
49.354839324951172 35.999858856201172 2
-99 19.168764114379883 2
24.375 -4.2077779769897461 2
116.61972045898438 -27.584314346313477 2
-25.71429443359375 80.881912231445312 2
64.038459777832031 45.350452423095703 4
-96.75 19.168764114379883 4
27.391304016113281 7.9480252265930176 2
119.25 56.571136474609375 2
-8.289459228515625 22.90900993347168 3
79.156623840332031 16.363580703735352 3
-83.076934814453125 8.883087158203125 4
32.033897399902344 38.805038452148438 3
131.44737243652344 -22.90900993347168 1
-4.5 37.869979858398438 2
88.363639831542969 42.545276641845703 3
-77.142852783203125 2.3376541137695312 4
32.142856597900391 54.701026916503906 2
137.19512939453125 -17.298641204833984 1
-1.5 37.869979858398438 2
84.155845642089844 21.973947525024414 2
-75.306121826171875 2.3376541137695312 4
34.285713195800781 15.428518295288086 4
135 65.921646118164062 2
10.645161628723145 7.012962818145752 4
86.493507385253906 21.973947525024414 3
-74.571441650390625 61.246402740478516 2
36.428569793701172 15.428518295288086 3
141 65.921646118164062 2
0 24.779132843017578 2
83.571426391601562 67.791732788085938 2
-71.632659912109375 2.3376541137695312 4
38.275863647460938 -12.623332977294922 4
147 65.921646118164062 2
3.5064935684204102 21.973947525024414 1
90 67.791732788085938 2
-69.795928955078125 2.3376541137695312 4
39.130435943603516 7.9480252265930176 2
153 65.921646118164062 2
12.600000381469727 -0.4675309956073761 4
99.729728698730469 24.779132843017578 4
-67.959197998046875 2.3376541137695312 4
41.931819915771484 11.688272476196289 2
172.05882263183594 62.181453704833984 2
15 60.311347961425781 1
103.17073059082031 55.636081695556641 2
-64.756103515625 -17.298641204833984 2
55.384616851806641 57.506191253662109 2
-130 60.311347961425781 1
16.200000762939453 -0.4675309956073761 2
108.38710021972656 -7.012962818145752 4
-62.56097412109375 -17.298641204833984 4
55.862068176269531 66.856689453125 2
-117 56.571136474609375 3
16.265060424804688 -16.363580703735352 1
114.54545593261719 42.545276641845703 2
-55.384613037109375 -33.194679260253906 2
64.615386962890625 57.506191253662109 2
-111.60000610351562 47.220569610595703 2
20.842105865478516 -5.1428399085998535 4
122.14286041259766 67.791732788085938 2
-50.625 79.011993408203125 1
67.5 30.389497756958008 3
-98.03570556640625 41.610218048095703 2
25.434782028198242 -7.9480252265930176 2
130.40815734863281 48.155628204345703 2
-39.375 79.011993408203125 1
74.482757568359375 66.856689453125 2
-100.327880859375 36.934921264648438 2
25.522388458251953 -31.324558258056641 3
134.08163452148438 48.155628204345703 3
-43.578948974609375 -5.1428399085998535 1
76.853935241699219 10.753210067749023 4
-85.97015380859375 31.324558258056641 4
28.208955764770508 -31.324558258056641 2
137.75509643554688 48.155628204345703 2
-35.217376708984375 -7.9480252265930176 4
78.87640380859375 10.753210067749023 3
-83.2835693359375 31.324558258056641 4
31.304347991943359 -7.9480252265930176 4
144.54545593261719 -32.259616851806641 2
-5.934051513671875 8.883087158203125 3
87.857139587402344 54.701026916503906 2
-70.27398681640625 -25.714193344116211 2
33.870967864990234 7.012962818145752 4
158.04878234863281 55.636081695556641 2
1.384615421295166 33.194679260253906 2
93.913040161132812 29.454435348510742 3
-68.02325439453125 -13.558395385742188 4
38.969070434570312 3.2727160453796387 2
-135 65.921646118164062 1
9.4736843109130859 22.90900993347168 1
102.85713958740234 74.33697509765625 2
-65.675689697265625 -24.779132843017578 4
37.173912048339844 -7.9480252265930176 4
-112.5 64.051551818847656 2
10.384614944458008 45.350452423095703 2
100.65789794921875 22.90900993347168 4
-62.727264404296875 -1.4025930166244507 3
39.130435943603516 -7.9480252265930176 3
-106.875 64.051551818847656 1
14.210526466369629 22.90900993347168 2
103.02631378173828 22.90900993347168 4
-54.82757568359375 -12.623332977294922 4
42.545455932617188 42.545276641845703 2
-111.89189147949219 59.376296997070312 1
16.363636016845703 1.4025930166244507 2
104.79451751708984 25.714193344116211 4
-58.378387451171875 -24.779132843017578 3
45.918365478515625 48.155628204345703 3
-104.72727966308594 42.545276641845703 2
18.947368621826172 22.90900993347168 2
107.64705657958984 46.285511016845703 2
-53.75 -26.649253845214844 4
49.591835021972656 48.155628204345703 6
-93.10345458984375 39.740100860595703 2
20.399999618530273 -23.844070434570312 1
110 43.480335235595703 2
-48.620697021484375 -12.623332977294922 4
60 65.921646118164062 2
-88.16326904296875 48.155628204345703 1
23.636363983154297 -1.4025930166244507 2
114.70587921142578 46.285511016845703 2
-40.824737548828125 -3.2727160453796387 4
70.434783935546875 50.960800170898438 2
-78.2608642578125 -7.9480252265930176 2
26.052631378173828 22.90900993347168 2
123.89610290527344 -21.973947525024414 1
-4.090911865234375 32.259616851806641 2
76.415092468261719 44.415393829345703 2
-76.41510009765625 44.415393829345703 1
26.666666030883789 68.726776123046875 1
124.83870697021484 7.012962818145752 3
-5.6842041015625 5.1428399085998535 4
72.857139587402344 35.064800262451172 3
-77.142852783203125 48.155628204345703 1
29.090909957885742 -1.4025930166244507 4
125.29412078857422 46.285511016845703 3
6.25 26.649253845214844 2
82.173912048339844 50.960800170898438 2
-77.586212158203125 39.740100860595703 2
30.857143402099609 61.246402740478516 2
135 -30.389497756958008 2
5.769230842590332 21.038887023925781 3
78.591552734375 27.584314346313477 2
-72.580657958984375 7.012962818145752 4
31.153846740722656 69.661819458007812 1
132.35293579101562 46.285511016845703 2
8.7804880142211914 17.298641204833984 2
85.909088134765625 32.259616851806641 3
-73.469390869140625 -48.155628204345703 3
33 -9.8181476593017578 3
135.58441162109375 -21.973947525024414 1
9 19.168764114379883 2
81.627906799316406 53.765968322753906 4
-72 -5.1428399085998535 4
33.103446960449219 12.623332977294922 4
140.3389892578125 38.805038452148438 2
11.25 19.168764114379883 2
85.813957214355469 53.765968322753906 2
-67.731964111328125 3.2727160453796387 4
37 -9.8181476593017578 1
157.5 52.830913543701172 2
14.810126304626465 -20.103824615478516 3
90 69.661819458007812 2
-63.947357177734375 58.441242218017578 1
46.666667938232422 -18.23370361328125 3
-124.83871459960938 64.986602783203125 1
17.560976028442383 17.298641204833984 3
105.65217590332031 50.960800170898438 2
-56.70001220703125 0.4675309956073761 4
54.473682403564453 58.441242218017578 2
-118.63636779785156 52.830913543701172 1
21.600000381469727 23.844070434570312 2
114 23.844070434570312 3
-56.93878173828125 -2.3376541137695312 3
57.391304016113281 29.454435348510742 3
-110 43.480335235595703 2
24.299999237060547 0.4675309956073761 2
113.47826385498047 50.960800170898438 2
-56.7391357421875 -7.9480252265930176 4
60 40.675159454345703 6
-106.7796630859375 38.805038452148438 2
24.230770111083984 21.038887023925781 2
113.77358245849609 44.415393829345703 2
-54 79.94696044921875 1
63.157894134521484 40.675159454345703 2
-103.20001220703125 23.844070434570312 2
25.714284896850586 -2.3376541137695312 3
110.93022918701172 53.765968322753906 2
-50.76922607421875 -21.038887023925781 1
68.181816101074219 63.116500854492188 6
-99.84375 34.129737854003906 2
27.551019668579102 -2.3376541137695312 4
115.11627960205078 53.765968322753906 2
-49.591827392578125 -2.3376541137695312 4
70.273971557617188 25.714193344116211 1
-95.29412841796875 30.389497756958008 4
30.731706619262695 17.298641204833984 2
129.13043212890625 50.960800170898438 2
-46.153839111328125 -21.038887023925781 2
74.032257080078125 35.999858856201172 3
-92.647064208984375 30.389497756958008 4
33.037975311279297 -20.103824615478516 4
132.56756591796875 -24.779132843017578 1
-5.76922607421875 21.038887023925781 3
90 28.519374847412109 3
-86.4705810546875 46.285511016845703 1
35.121952056884766 17.298641204833984 1
135.51724243164062 -12.623332977294922 1
-2.25 19.168764114379883 1
90 63.116500854492188 2
-79.090911865234375 -1.4025930166244507 2
36 19.168764114379883 3
138.08219909667969 -25.714193344116211 1
5.7446808815002441 6.0779008865356445 4
97.105262756347656 58.441242218017578 2
-73.448272705078125 -12.623332977294922 2
39.375 4.2077779769897461 4
142.64151000976562 44.415393829345703 2
7.6595745086669922 6.0779008865356445 4
100.90908813476562 63.116500854492188 2
-63.947357177734375 -22.90900993347168 2
43.875 19.168764114379883 2
171.81817626953125 -42.545276641845703 2
11.511628150939941 13.558395385742188 4
106.36363983154297 63.116500854492188 2
-66.857147216796875 -28.519374847412109 1
45 60.311347961425781 2
-159 65.921646118164062 2
11.92771053314209 16.363580703735352 1
105.94936370849609 20.103824615478516 3
-65.454559326171875 52.830913543701172 1
46.153846740722656 -21.038887023925781 4
-121.39535522460938 53.765968322753906 1
13.404254913330078 6.0779008865356445 4
108 33.194679260253906 3
-58.404266357421875 -6.0779008865356445 1
51.585365295410156 17.298641204833984 3
-110.37736511230469 44.415393829345703 2
17.79069709777832 13.558395385742188 2
117.69230651855469 -21.038887023925781 2
-55.67010498046875 -3.2727160453796387 4
55.799999237060547 47.220569610595703 2
-102.67605590820312 27.584314346313477 2
19.780220031738281 8.883087158203125 3
120.89552307128906 -31.324558258056641 1
-51.573028564453125 -10.753210067749023 4
66.393440246582031 36.934921264648438 2
-93.4615478515625 69.661819458007812 1
23.823530197143555 -30.389497756958008 2
130.26315307617188 58.441242218017578 2
-49.550567626953125 -10.753210067749023 4
70 60.311347961425781 2
-83.932586669921875 10.753210067749023 3
26.470588684082031 -30.389497756958008 3
135 58.441242218017578 2
-62.876708984375 -25.714193344116211 2
38.571430206298828 48.155628204345703 2
-111.27272033691406 42.545276641845703 2
12 51.895858764648438 2
102.32876586914062 25.714193344116211 3
-58.75 -26.649253845214844 4
42.244899749755859 48.155628204345703 2
-114 37.869979858398438 4
16 51.895858764648438 1
104.34782409667969 29.454435348510742 3
-58.736846923828125 5.1428399085998535 4
45.818180084228516 42.545276641845703 3
-107.02702331542969 59.376296997070312 1
18.181818008422852 1.4025930166244507 2
107.26027679443359 25.714193344116211 4
-55.479461669921875 -25.714193344116211 4
49.090908050537109 42.545276641845703 2
-101.45455932617188 42.545276641845703 1
20 1.4025930166244507 2
109.72602844238281 25.714193344116211 4
-51.25 -26.649253845214844 4
57.413791656494141 39.740100860595703 6
-90 39.740100860595703 2
22.799999237060547 -23.844070434570312 1
113.33333587646484 43.480335235595703 2
-41.17022705078125 -6.0779008865356445 2
68.450706481933594 27.584314346313477 2
-79.811309814453125 44.415393829345703 1
25.454545974731445 -1.4025930166244507 2
123 9.8181476593017578 3
-7.578948974609375 5.1428399085998535 4
75 32.259616851806641 3
-80.816314697265625 48.155628204345703 1
26.25 49.090686798095703 2
123.75 71.531890869140625 2
-6.067413330078125 10.753210067749023 4
68.108108520507812 24.779132843017578 3
-79.578948974609375 -5.1428399085998535 4
28.356164932250977 25.714193344116211 2
123.33333587646484 43.480335235595703 3
4.8000001907348633 23.844070434570312 3
80.454544067382812 32.259616851806641 3
-77.6842041015625 -5.1428399085998535 4
30.821918487548828 25.714193344116211 2
134.45782470703125 -16.363580703735352 2
4.5 19.168764114379883 2
78.571426391601562 35.064800262451172 3
-73.298980712890625 3.2727160453796387 4
31 -9.8181476593017578 3
130 43.480335235595703 2
8.0769233703613281 21.038887023925781 3
81.428573608398438 35.064800262451172 3
-73.894744873046875 -5.1428399085998535 3
32.727272033691406 1.4025930166244507 2
133.33332824707031 43.480335235595703 2
5.7446808815002441 50.025741577148438 2
80 68.726776123046875 2
-72.650604248046875 -16.363580703735352 2
32.837837219238281 -24.779132843017578 4
137.92207336425781 -21.973947525024414 2
9.574467658996582 50.025741577148438 2
83.076919555664062 69.661819458007812 2
-68.6842041015625 58.441242218017578 2
36.363636016845703 1.4025930166244507 2
145.58824157714844 -30.389497756958008 2
14.776119232177734 31.324558258056641 2
90 53.765968322753906 2
-64.838714599609375 7.012962818145752 3
40.909091949462891 63.116500854492188 2
-145.86207580566406 66.856689453125 2
17.30769157409668 21.038887023925781 1
103.58490753173828 44.415393829345703 2
-57.761199951171875 -31.324558258056641 4
54.444442749023438 18.23370361328125 3
-119.03225708007812 64.986602783203125 6
21.06382942199707 50.025741577148438 2
113.75 26.649253845214844 4
-57.69232177734375 -21.038887023925781 3
56.962024688720703 20.103824615478516 3
-111.81817626953125 63.116500854492188 2
24 23.844070434570312 2
113.33333587646484 68.726776123046875 2
-59.032257080078125 7.012962818145752 4
60 29.454435348510742 3
-107.41935729980469 64.986602783203125 1
24.146341323852539 17.298641204833984 3
111.81818389892578 -1.4025930166244507 4
-54.782623291015625 -7.9480252265930176 4
62.727272033691406 63.116500854492188 1
-103.33334350585938 43.480335235595703 4
25.411764144897461 -14.493456840515137 2
107.72727203369141 32.259616851806641 3
-51.428558349609375 -2.3376541137695312 3
67.808219909667969 25.714193344116211 3
-100 43.480335235595703 4
27.529411315917969 -14.493456840515137 3
112.5 75.271995544433594 2
-50.86956787109375 -7.9480252265930176 4
69.677421569824219 64.986602783203125 2
-96.666656494140625 43.480335235595703 2
29.647058486938477 -14.493456840515137 3
123.96226501464844 44.415393829345703 4
-47.755096435546875 -2.3376541137695312 3
72.739723205566406 25.714193344116211 2
-93.333343505859375 43.480335235595703 2
32.926830291748047 17.298641204833984 1
131.81817626953125 -1.4025930166244507 3
-12 23.844070434570312 2
87.631576538085938 58.441242218017578 2
-90 79.011993408203125 2
35.099998474121094 0.4675309956073761 4
135 -24.779132843017578 1
-3.4615478515625 21.038887023925781 3
87.096771240234375 64.986602783203125 1
-82.058837890625 30.389497756958008 1
36 -14.493456840515137 4
137.43243408203125 -24.779132843017578 1
5.4216866493225098 16.363580703735352 1
96.923080444335938 33.194679260253906 3
-77.272735595703125 -1.4025930166244507 4
38.700000762939453 0.4675309956073761 2
142.5 -26.649253845214844 2
7.5903615951538086 16.363580703735352 2
99.692306518554688 33.194679260253906 3
-64.14892578125 -6.0779008865356445 3
41.400001525878906 47.220569610595703 2
159.06976318359375 53.765968322753906 2
9.7590360641479492 16.363580703735352 1
104.51612854003906 64.986602783203125 2
-68.888885498046875 -18.23370361328125 2
45 47.220569610595703 3
-160.54054260253906 59.376296997070312 1
11.489361763000488 6.0779008865356445 2
105.23076629638672 33.194679260253906 3
-66.666656494140625 -18.23370361328125 2
45 32.259616851806641 3
-131.53846740722656 69.661819458007812 2
13.170731544494629 -17.298641204833984 3
105.42857360839844 28.519374847412109 3
-61.3636474609375 52.830913543701172 1
50.625 19.168764114379883 7
-112.85714721679688 35.064800262451172 2
16.265060424804688 16.363580703735352 1
115.5 37.869979858398438 3
-56.25 -11.688272476196289 4
54.230770111083984 21.038887023925781 1
-103.37838745117188 24.779132843017578 2
18.433734893798828 16.363580703735352 1
120 -21.038887023925781 2
-52.105255126953125 -22.90900993347168 4
65 60.311347961425781 6
-96.81817626953125 32.259616851806641 4
21.976743698120117 13.558395385742188 2
125.35713958740234 -15.428518295288086 1
-49.736846923828125 -22.90900993347168 4
69.344261169433594 36.934921264648438 2
-84.098358154296875 36.934921264648438 2
24.069766998291016 13.558395385742188 2
128.07691955566406 45.350452423095703 3
-120.73170471191406 55.636081695556641 2
8.3076925277709961 33.194679260253906 1
87.352943420410156 30.389497756958008 3
-61.81817626953125 -1.4025930166244507 3
40.408164978027344 48.155628204345703 2
-116.34146118164062 55.636081695556641 4
11.379310607910156 12.623332977294922 2
94.090911865234375 52.830913543701172 2
-59.5946044921875 -24.779132843017578 2
44.081634521484375 48.155628204345703 2
-113.33332824707031 68.726776123046875 2
13.333333015441895 -18.23370361328125 3
98.181816101074219 52.830913543701172 2
-57.789459228515625 5.1428399085998535 2
47.454544067382812 42.545276641845703 2
-108 65.921646118164062 1
15.55555534362793 -18.23370361328125 1
102.27272796630859 52.830913543701172 2
-55.894744873046875 5.1428399085998535 5
50.232559204101562 53.765968322753906 2
-99.81817626953125 42.545276641845703 1
19.72602653503418 25.714193344116211 1
110.86956787109375 29.454435348510742 4
-50 -26.649253845214844 4
55.102039337158203 48.155628204345703 1
-88.448272705078125 39.740100860595703 2
22.191780090332031 25.714193344116211 2
113.47826385498047 29.454435348510742 4
-38.8636474609375 -11.688272476196289 3
69 65.921646118164062 1
-84 9.8181476593017578 4
24.545454025268555 1.4025930166244507 2
120 46.285511016845703 2
-7.078643798828125 10.753210067749023 4
71.428573608398438 35.064800262451172 2
-82.857147216796875 35.064800262451172 4
26 -9.8181476593017578 4
118.63636016845703 52.830913543701172 2
-7.826080322265625 7.9480252265930176 4
66.97674560546875 53.765968322753906 4
-78.631591796875 -5.1428399085998535 4
29.589040756225586 25.714193344116211 2
127.05882263183594 46.285511016845703 3
2.6865670680999756 31.324558258056641 1
69.795921325683594 48.155628204345703 4
-83.454559326171875 42.545276641845703 2
30 -9.8181476593017578 3
126.81818389892578 52.830913543701172 2
0 43.480335235595703 3
74.482757568359375 39.740100860595703 3
-74.84210205078125 -5.1428399085998535 3
32 -9.8181476593017578 3
130.90908813476562 52.830913543701172 6
1 9.8181476593017578 3
76.666664123535156 68.726776123046875 2
-75.789459228515625 58.441242218017578 2
32.068965911865234 12.623332977294922 4
133.60824584960938 -3.2727160453796387 3
2.8125 34.129737854003906 2
79.054054260253906 24.779132843017578 3
-73.6363525390625 42.545276641845703 2
33.088233947753906 30.389497756958008 1
135.69230651855469 -33.194679260253906 2
10.227272987365723 52.830913543701172 1
84.489799499511719 48.155628204345703 2
-69.15789794921875 -5.1428399085998535 3
37.272727966308594 1.4025930166244507 2
141.42857360839844 -21.973947525024414 3
14.625 19.168764114379883 1
93.461540222167969 69.661819458007812 2
-61.153839111328125 -21.038887023925781 2
43.636363983154297 63.116500854492188 1
149.55882263183594 -30.389497756958008 3
18.658536911010742 17.298641204833984 3
103.60465240478516 13.558395385742188 4
-59.673919677734375 -7.9480252265930176 3
54.782608032226562 72.4669189453125 3
-124.46807861328125 50.025741577148438 2
20.853658676147461 17.298641204833984 2
108.67924499511719 44.415393829345703 2
-60 7.012962818145752 4
54.545455932617188 63.116500854492188 2
-112.5 52.830913543701172 2
22.784811019897461 -20.103824615478516 1
107.79069519042969 13.558395385742188 4
-59.381439208984375 3.2727160453796387 2
55.657894134521484 22.90900993347168 1
-111.49253845214844 31.324558258056641 3
24.352941513061523 -14.493456840515137 2
106.36363983154297 32.259616851806641 3
-59.6842041015625 -5.1428399085998535 3
51.666667938232422 43.480335235595703 2
-102.20339965820312 38.805038452148438 2
25.875 19.168764114379883 2
109.45945739746094 59.376296997070312 2
-57.789459228515625 -5.1428399085998535 3
55 43.480335235595703 3
-99.600006103515625 23.844070434570312 2
25.909090042114258 -32.259616851806641 2
114.32432556152344 59.376296997070312 2
-49.89129638671875 -7.9480252265930176 4
71.506851196289062 25.714193344116211 1
-96.1363525390625 52.830913543701172 6
28.636363983154297 -32.259616851806641 2
121.39534759521484 53.765968322753906 2
-47.934783935546875 -7.9480252265930176 1
75.789474487304688 22.90900993347168 4
-92.8125 34.129737854003906 4
32.823528289794922 -14.493456840515137 2
126 -19.168764114379883 1
-42.69232177734375 -21.038887023925781 4
84.193550109863281 64.986602783203125 1
-87.954559326171875 52.830913543701172 2
33.979591369628906 -2.3376541137695312 4
129.76744079589844 53.765968322753906 2
-6.3157958984375 40.675159454345703 2
88.125 49.090686798095703 3
-83.8636474609375 52.830913543701172 6
36 47.220569610595703 2
139.3150634765625 -25.714193344116211 1
1.1111111640930176 18.23370361328125 2
96.428573608398438 28.519374847412109 3
-75.68182373046875 52.830913543701172 1
38.181819915771484 32.259616851806641 3
143.75 -26.649253845214844 2
8.6746988296508789 16.363580703735352 1
101.61289978027344 64.986602783203125 2
-70 -18.23370361328125 2
42.1875 4.2077779769897461 2
149.57746887207031 -27.584314346313477 4
10 35.064800262451172 2
101.02040863037109 -2.3376541137695312 3
-69.600006103515625 -23.844070434570312 2
43.200000762939453 0.4675309956073761 2
-158.10810852050781 59.376296997070312 2
6.8354430198669434 20.103824615478516 2
102.85713958740234 -2.3376541137695312 4
-65.5555419921875 -18.23370361328125 2
40.754718780517578 44.415393829345703 2
-128.07691955566406 69.661819458007812 3
10 18.23370361328125 1
106.875 49.090686798095703 2
-60.428558349609375 -28.519374847412109 4
51.75 19.168764114379883 1
-111.42857360839844 35.064800262451172 2
16.463415145874023 -17.298641204833984 1
112.04081726074219 -2.3376541137695312 3
-55.53192138671875 -6.0779008865356445 4
54 19.168764114379883 1
-102.16217041015625 24.779132843017578 2
18.947368621826172 -22.90900993347168 1
114.92308044433594 33.194679260253906 2
-52.8865966796875 -3.2727160453796387 4
67.5 60.311347961425781 6
-95.454559326171875 32.259616851806641 4
21.272727966308594 42.545276641845703 2
118.125 49.090686798095703 2
-48.539337158203125 -10.753210067749023 4
70.819671630859375 36.934921264648438 3
-47.528076171875 -10.753210067749023 4
58.636363983154297 32.259616851806641 3
-73.928558349609375 41.610218048095703 2
24.93975830078125 16.363580703735352 1
128.95523071289062 -31.324558258056641 2
-37.5 82.751724243164062 1
70.199996948242188 47.220569610595703 2
-78.19671630859375 36.934921264648438 4
27.108434677124023 16.363580703735352 1
129.23077392578125 -21.038887023925781 1
-34.28570556640625 74.33697509765625 1
73.800003051757812 47.220569610595703 2
-80 77.142013549804688 1
29.277109146118164 16.363580703735352 3
138.91304016113281 -7.9480252265930176 7
-14.157318115234375 10.753210067749023 3
81.147537231445312 36.934921264648438 2
-72.69232177734375 -45.350452423095703 2
30.731706619262695 -17.298641204833984 2
139.26315307617188 -5.1428399085998535 7
-5.844146728515625 21.973947525024414 2
85.384613037109375 21.038887023925781 2
-65.625 -4.2077779769897461 4
33.614456176757812 16.363580703735352 1
144.64285278320312 -15.428518295288086 1
4.3548388481140137 35.999858856201172 2
92.307693481445312 21.038887023925781 3
-55.125 -19.168764114379883 3
36.627906799316406 13.558395385742188 3
171.81817626953125 63.116500854492188 2
12.857142448425293 61.246402740478516 1
102.06185913085938 -3.2727160453796387 3
-59.29412841796875 -14.493456840515137 4
37.951808929443359 16.363580703735352 2
-165.48387145996094 64.986602783203125 2
14.318181991577148 11.688272476196289 4
96.923080444335938 21.038887023925781 4
-64.565216064453125 50.960800170898438 1
39.560440063476562 8.883087158203125 4
-138.85714721679688 61.246402740478516 1
19.431818008422852 -11.688272476196289 1
102.375 19.168764114379883 4
-62.79071044921875 53.765968322753906 1
41.538459777832031 8.883087158203125 4
-118.92857360839844 67.791732788085938 2
18.214284896850586 15.428518295288086 2
102.08955383300781 31.324558258056641 3
-60.9375 4.2077779769897461 4
43.333332061767578 18.23370361328125 2
-111.77420043945312 35.999858856201172 2
20.357143402099609 15.428518295288086 4
107.67857360839844 41.610218048095703 2
-62.142852783203125 -15.428518295288086 4
45.555557250976562 18.23370361328125 1
-105.65217590332031 29.454435348510742 2
21.375 -19.168764114379883 1
107.46268463134766 31.324558258056641 3
-60 -15.428518295288086 3
46.285713195800781 61.246402740478516 2
-105.78947448730469 40.675159454345703 2
18.837209701538086 -13.558395385742188 1
112.5 56.571136474609375 2
-50.625 -4.2077779769897461 4
50 18.23370361328125 1
-103.06451416015625 35.999858856201172 2
23.225807189941406 -7.012962818145752 4
115 -26.649253845214844 1
-44.4705810546875 -14.493456840515137 3
64 51.895858764648438 2
-99.23077392578125 21.038887023925781 2
27.1875 -4.2077779769897461 4
120.53571319580078 41.610218048095703 3
-8.630126953125 25.714193344116211 2
80.240966796875 16.363580703735352 4
-90 79.94696044921875 1
30.681818008422852 11.688272476196289 2
126 65.921646118164062 6
-8 9.8181476593017578 4
76.5 37.869979858398438 3
-78 79.94696044921875 1
33.103446960449219 -12.623332977294922 3
130.5 56.571136474609375 2
-7.411773681640625 14.493456840515137 2
77.538459777832031 33.194679260253906 2
-77.938140869140625 -3.2727160453796387 4
34.615383148193359 57.506191253662109 2
135 -28.519374847412109 1
-4 9.8181476593017578 4
80.307693481445312 33.194679260253906 3
-75.842681884765625 -10.753210067749023 2
32.903224945068359 -7.012962818145752 4
137.57142639160156 -28.519374847412109 1
-2 9.8181476593017578 2
84 51.895858764648438 2
-73.820220947265625 -10.753210067749023 4
36.382980346679688 50.025741577148438 2
140.14285278320312 -28.519374847412109 1
3.648648738861084 24.779132843017578 3
88 51.895858764648438 2
-69.23077392578125 57.506191253662109 2
40.108695983886719 7.9480252265930176 4
144.47367858886719 -22.90900993347168 4
5.8695650100708008 50.960800170898438 2
92.571426391601562 61.246402740478516 2
-67.040802001953125 2.3376541137695312 4
42.954544067382812 11.688272476196289 2
162 65.921646118164062 2
10.909090995788574 32.259616851806641 1
104.0625 -4.2077779769897461 4
-66.26373291015625 8.883087158203125 4
49.285713195800781 15.428518295288086 3
174.375 64.051551818847656 2
11.938775062561035 2.3376541137695312 2
108.62068939208984 12.623332977294922 4
-63 -9.8181476593017578 4
53.181819915771484 52.830913543701172 2
-122.5 60.311347961425781 5
17.349397659301758 -16.363580703735352 1
116.18181610107422 42.545276641845703 2
-59.268280029296875 -17.298641204833984 3
61.016948699951172 38.805038452148438 6
-113.18182373046875 32.259616851806641 3
20.377359390258789 44.415393829345703 2
118.80000305175781 70.596855163574219 2
-45 79.011993408203125 1
68.823532104492188 30.389497756958008 3
-102.22222900390625 18.23370361328125 4
23.773584365844727 44.415393829345703 3
125.31645202636719 -20.103824615478516 1
-46.75323486328125 -21.973947525024414 4
67.118644714355469 38.805038452148438 3
-101.25 56.571136474609375 1
24.299999237060547 -0.4675309956073761 2
127.31707000732422 55.636081695556641 2
-49.655181884765625 66.856689453125 1
70.16949462890625 38.805038452148438 3
-96.75 56.571136474609375 2
25.714284896850586 -21.973947525024414 1
131.70732116699219 55.636081695556641 2
-42.077911376953125 -21.973947525024414 4
76.76470947265625 30.389497756958008 2
-81.9403076171875 31.324558258056641 1
28.192771911621094 -16.363580703735352 2
143.4375 -34.129737854003906 2
-6.2069091796875 12.623332977294922 2
88.333335876464844 43.480335235595703 3
-71.666656494140625 -43.480335235595703 2
31.263158798217773 -5.1428399085998535 3
154.80000305175781 70.596855163574219 3
-1.525421142578125 38.805038452148438 2
94.285713195800781 54.701026916503906 2
-67.021270751953125 50.025741577148438 1
36.774192810058594 7.012962818145752 4
-133.33332824707031 68.726776123046875 3
6 51.895858764648438 1
95 43.480335235595703 2
-64.45947265625 -24.779132843017578 4
36.734695434570312 48.155628204345703 2
-55.5555419921875 -18.23370361328125 3
50.625 64.051551818847656 1
-96.792449951171875 44.415393829345703 2
19.367088317871094 20.103824615478516 2
117.1875 4.2077779769897461 3
-48.06817626953125 -11.688272476196289 4
56.25 64.051551818847656 1
-96.279083251953125 53.765968322753906 6
21.64556884765625 20.103824615478516 2
113.68421173095703 40.675159454345703 2
-46.914886474609375 -6.0779008865356445 1
60.845069885253906 27.584314346313477 3
-92.093017578125 53.765968322753906 2
22.5 45.350452423095703 2
119.11764526367188 -30.389497756958008 1
-43.977264404296875 -11.688272476196289 3
66.226417541503906 44.415393829345703 4
-83.18182373046875 32.259616851806641 4
25.961538314819336 45.350452423095703 2
120 57.506191253662109 2
-39.438201904296875 -10.753210067749023 4
76.5 56.571136474609375 4
-70.3125 4.2077779769897461 4
28.888889312744141 18.23370361328125 2
127.74193572998047 35.999858856201172 2
-3.506500244140625 21.973947525024414 2
87.049179077148438 36.934921264648438 3
-68.4375 4.2077779769897461 4
32.553192138671875 6.0779008865356445 3
138.46153259277344 -21.038887023925781 4
6.067415714263916 10.753210067749023 2
92.647056579589844 62.181453704833984 2
-70.71429443359375 -15.428518295288086 2
33.333332061767578 18.23370361328125 2
140.76922607421875 -21.038887023925781 4
5.2941174507141113 46.285511016845703 3
90 64.051551818847656 2
-69.29998779296875 0.4675309956073761 3
33.333332061767578 68.726776123046875 1
143.07691955566406 -21.038887023925781 4
15.9375 -4.2077779769897461 1
96.25 26.649253845214844 4
-70 9.8181476593017578 4
35.217391967773438 29.454435348510742 2
167.58621215820312 66.856689453125 2
12.134831428527832 10.753210067749023 2
98.852462768554688 36.934921264648438 3
-69.795928955078125 48.155628204345703 1
37.5 49.090686798095703 2
-148.06451416015625 64.986602783203125 2
14.651163101196289 -13.558395385742188 3
102 23.844070434570312 4
-67.11865234375 -38.805038452148438 3
41.052631378173828 40.675159454345703 2
-139.09091186523438 63.116500854492188 2
15 4.2077779769897461 4
103.75 26.649253845214844 4
-65.71429443359375 -35.064800262451172 1
41.917808532714844 25.714193344116211 2
-122.30769348144531 57.506191253662109 2
16.25 26.649253845214844 2
106.25 26.649253845214844 4
-62 9.8181476593017578 4
45 58.441242218017578 2
-118.23529052734375 46.285511016845703 2
18.75 26.649253845214844 2
109.19999694824219 23.844070434570312 4
-55.71429443359375 -15.428518295288086 4
52.173912048339844 29.454435348510742 2
-113.07691955566406 57.506191253662109 3
22.247190475463867 10.753210067749023 2
116.63265228271484 2.3376541137695312 3
-37.5 71.531890869140625 1
68 51.895858764648438 4
-108.46153259277344 57.506191253662109 1
25.384614944458008 57.506191253662109 2
120.59999847412109 47.220569610595703 2
-41.6129150390625 -7.012962818145752 4
70.434783935546875 72.4669189453125 3
-97.71429443359375 61.246402740478516 6
29.032258987426758 -7.012962818145752 4
122.5 -26.649253845214844 1
-41.012664794921875 -20.103824615478516 4
75.189872741699219 20.103824615478516 4
-99.23077392578125 57.506191253662109 1
28.75 26.649253845214844 2
125 -26.649253845214844 1
-15 21.038887023925781 2
77.468353271484375 20.103824615478516 4
-92.142852783203125 54.701026916503906 2
30.337078094482422 10.753210067749023 2
126.66666412353516 68.726776123046875 2
-11.25 19.168764114379883 1
79.746833801269531 20.103824615478516 4
-84.7674560546875 13.558395385742188 4
31.200000762939453 23.844070434570312 2
131.53846740722656 69.661819458007812 2
-3.292694091796875 17.298641204833984 1
82.222221374511719 18.23370361328125 3
-73.723419189453125 -6.0779008865356445 3
34.382022857666016 10.753210067749023 2
135.63380432128906 -27.584314346313477 1
-4.838714599609375 7.012962818145752 4
87.428573608398438 28.519374847412109 3
-71.808502197265625 -6.0779008865356445 4
38.709678649902344 -7.012962818145752 4
138.16902160644531 -27.584314346313477 1
5.1428570747375488 28.519374847412109 2
97.714286804199219 61.246402740478516 2
-69.89361572265625 -6.0779008865356445 3
43.392856597900391 41.610218048095703 2
144.78260803222656 72.4669189453125 2
7.7142858505249023 28.519374847412109 2
100 18.23370361328125 4
-66.80413818359375 -3.2727160453796387 3
45.737705230712891 36.934921264648438 2
159.23077392578125 69.661819458007812 3
13.378377914428711 24.779132843017578 1
104 51.895858764648438 2
-62.30767822265625 8.883087158203125 4
48.688526153564453 36.934921264648438 2
-159.23077392578125 69.661819458007812 2
15.810811042785645 24.779132843017578 2
105.34091186523438 11.688272476196289 4
-57.07318115234375 -17.298641204833984 3
58.75 26.649253845214844 3
-120.5660400390625 44.415393829345703 2
18.701297760009766 21.973947525024414 2
113.10810852050781 24.779132843017578 4
-57.857147216796875 2.3376541137695312 4
54.590164184570312 36.934921264648438 3
-117.16981506347656 44.415393829345703 2
18.55670166015625 -3.2727160453796387 2
115.54054260253906 24.779132843017578 3
-56.020416259765625 2.3376541137695312 4
57.540985107421875 36.934921264648438 3
-105.19480895996094 21.973947525024414 2
20.412370681762695 -3.2727160453796387 2
117.97297668457031 24.779132843017578 4
-50.86956787109375 -29.454435348510742 4
66.25 26.649253845214844 3
-97.5 60.311347961425781 6
25.54054069519043 24.779132843017578 2
132.15190124511719 -20.103824615478516 1
-39.13043212890625 72.4669189453125 1
74.680854797363281 50.025741577148438 2
-83.571441650390625 41.610218048095703 2
27.972972869873047 24.779132843017578 2
134.43037414550781 -20.103824615478516 1
-6.7164306640625 31.324558258056641 2
79.322036743164062 38.805038452148438 6
-74.516143798828125 -7.012962818145752 4
31.5 -0.4675309956073761 3
144 61.246402740478516 2
-8.18182373046875 11.688272476196289 2
76.829269409179688 17.298641204833984 4
-70.3125 -34.129737854003906 2
32.837837219238281 24.779132843017578 2
170.35714721679688 67.791732788085938 2
-112.90908813476562 42.545276641845703 2
9.8630132675170898 25.714193344116211 3
98.823532104492188 46.285511016845703 2
-60 -26.649253845214844 3
45 9.8181476593017578 2
-109.63636779785156 42.545276641845703 2
14 51.895858764648438 2
103.04347991943359 29.454435348510742 4
-53.7930908203125 -12.623332977294922 4
45.463916778564453 3.2727160453796387 3
-111.95121765136719 55.636081695556641 6
16 -9.8181476593017578 1
105.65217590332031 29.454435348510742 3
-55 -26.649253845214844 4
51 65.921646118164062 2
-103.09091186523438 42.545276641845703 2
19.090909957885742 1.4025930166244507 2
108.49314880371094 25.714193344116211 4
-52.5 -26.649253845214844 4
55.862068176269531 39.740100860595703 6
-91.428558349609375 35.064800262451172 4
21.600000381469727 -23.844070434570312 1
111.66666412353516 43.480335235595703 2
-45 62.181453704833984 1
65.714286804199219 35.064800262451172 3
-77.441864013671875 53.765968322753906 1
24.545454025268555 -1.4025930166244507 2
116.47058868408203 46.285511016845703 2
-9.10113525390625 10.753210067749023 3
73.636360168457031 32.259616851806641 3
-77.282623291015625 -7.9480252265930176 2
26.399999618530273 -23.844070434570312 2
125.06493377685547 -21.973947525024414 1
-1.139251708984375 20.103824615478516 2
76.304344177246094 50.960800170898438 2
-78.979583740234375 48.155628204345703 1
28.125 49.090686798095703 2
121.66666412353516 43.480335235595703 2
-1.894744873046875 5.1428399085998535 2
74.285713195800781 35.064800262451172 3
-75.483856201171875 7.012962818145752 4
31.595745086669922 -6.0779008865356445 4
133.67646789550781 -30.389497756958008 2
5.4878048896789551 17.298641204833984 1
71.756759643554688 24.779132843017578 1
-76.736846923828125 -5.1428399085998535 3
31.818181991577148 -1.4025930166244507 2
132.07792663574219 -21.973947525024414 1
6.9230771064758301 21.038887023925781 2
80 35.064800262451172 3
-70 -35.064800262451172 1
35.425533294677734 -6.0779008865356445 4
134.41558837890625 -21.973947525024414 1
7.875 19.168764114379883 2
79.534881591796875 53.765968322753906 4
-70.515472412109375 3.2727160453796387 4
34 -9.8181476593017578 3
137.64706420898438 46.285511016845703 2
7.6595745086669922 50.025741577148438 2
80.816329956054688 48.155628204345703 2
-71.052642822265625 58.441242218017578 2
35.357143402099609 67.791732788085938 1
139.09091186523438 52.830913543701172 2
13.432835578918457 31.324558258056641 2
87.906974792480469 53.765968322753906 2
-65.80645751953125 7.012962818145752 4
39.090908050537109 -1.4025930166244507 2
-148.96551513671875 66.856689453125 2
15.949367523193359 -20.103824615478516 2
98.901100158691406 8.883087158203125 4
-58.571441650390625 -35.064800262451172 4
48.552631378173828 22.90900993347168 1
-120.68182373046875 52.830913543701172 1
20.399999618530273 23.844070434570312 2
112.5 26.649253845214844 4
-56.41790771484375 -31.324558258056641 3
55.822784423828125 20.103824615478516 3
-114.54545593261719 63.116500854492188 2
22.799999237060547 23.844070434570312 2
115 26.649253845214844 4
-56.020416259765625 -2.3376541137695312 3
58.695652008056641 29.454435348510742 3
-108.33332824707031 43.480335235595703 2
23.076923370361328 21.038887023925781 2
114.23076629638672 69.661819458007812 2
-54.183685302734375 -2.3376541137695312 3
61.578948974609375 40.675159454345703 6
-105 43.480335235595703 2
25.243902206420898 17.298641204833984 1
115.47169494628906 44.415393829345703 2
-57.525787353515625 3.2727160453796387 4
63.913043975830078 29.454435348510742 3
-101.25 34.129737854003906 2
27.341772079467773 -20.103824615478516 2
118.86792755126953 44.415393829345703 2
-51.84783935546875 -7.9480252265930176 4
67.894737243652344 40.675159454345703 2
-98.333343505859375 43.480335235595703 2
28.588235855102539 -14.493456840515137 3
121.5 -19.168764114379883 1
-41.78570556640625 -15.428518295288086 4
73.421051025390625 22.90900993347168 4
-95 43.480335235595703 2
30.705883026123047 -14.493456840515137 2
125.66037750244141 44.415393829345703 3
-39.642852783203125 -15.428518295288086 2
81.818183898925781 63.116500854492188 1
-91.323516845703125 30.389497756958008 3
34.200000762939453 0.4675309956073761 2
133.78378295898438 -24.779132843017578 1
-4.615386962890625 21.038887023925781 3
90 58.441242218017578 2
-83.382354736328125 30.389497756958008 1
36 0.4675309956073761 1
136.84931945800781 -25.714193344116211 1
0 6.0779008865356445 4
93.857139587402344 28.519374847412109 3
-74.482757568359375 -12.623332977294922 2
37.799999237060547 0.4675309956073761 2
141.25 -26.649253845214844 4
6.7021274566650391 6.0779008865356445 1
99.473686218261719 58.441242218017578 2
-70.71429443359375 -28.519374847412109 2
39.599998474121094 47.220569610595703 2
147.04225158691406 -27.584314346313477 2
10.879120826721191 8.883087158203125 2
104.21052551269531 58.441242218017578 2
-63.409088134765625 -11.688272476196289 4
45 19.168764114379883 1
-180 68.726776123046875 2
10.84337329864502 16.363580703735352 1
104.81012725830078 20.103824615478516 4
-67.77777099609375 -18.23370361328125 2
45 -21.038887023925781 2
-137.8125 64.051551818847656 1
12.446808815002441 6.0779008865356445 2
106.61538696289062 33.194679260253906 3
-63 -28.519374847412109 2
47.307693481445312 -21.038887023925781 3
-116.37930297851562 39.740100860595703 2
14.361701965332031 6.0779008865356445 4
115.96154022216797 45.350452423095703 2
-57.272735595703125 -11.688272476196289 4
54 47.220569610595703 1
-105.65217590332031 50.960800170898438 2
18.791208267211914 8.883087158203125 3
118.84615325927734 -21.038887023925781 2
-53.289459228515625 -22.90900993347168 2
62.5 60.311347961425781 2
-99.35064697265625 21.973947525024414 2
20.930233001708984 13.558395385742188 2
122.88461303710938 45.350452423095703 3
-48 -9.8181476593017578 4
72.5 26.649253845214844 1
-86.399993896484375 47.220569610595703 1
22.5 37.869979858398438 2
126.34615325927734 45.350452423095703 3
-42.352935791015625 78.077003479003906 1
73.928573608398438 41.610218048095703 3
-61.25 -26.649253845214844 2
42.680412292480469 3.2727160453796387 2
-104.39999389648438 70.596855163574219 2
14.545454978942871 1.4025930166244507 3
106.15384674072266 57.506191253662109 2
-54 -23.844070434570312 4
46 9.8181476593017578 2
-101.25 64.051551818847656 1
16.956521987915039 29.454435348510742 2
105.39473724365234 22.90900993347168 4
-56.25 -26.649253845214844 4
48 9.8181476593017578 2
-96.2069091796875 39.740100860595703 2
20 -1.4025930166244507 2
113.57142639160156 54.701026916503906 2
-49.436614990234375 -27.584314346313477 4
54 65.921646118164062 2
-91.83673095703125 48.155628204345703 1
21.818181991577148 -1.4025930166244507 2
111.17646789550781 46.285511016845703 2
-46.79998779296875 -23.844070434570312 4
65.915489196777344 27.584314346313477 3
-83.207550048828125 44.415393829345703 2
24.782608032226562 29.454435348510742 1
122.14286041259766 54.701026916503906 2
-37.415740966796875 -10.753210067749023 3
73.018867492675781 44.415393829345703 4
-75.306121826171875 -2.3376541137695312 4
27.391304016113281 29.454435348510742 3
127.05882263183594 -30.389497756958008 2
-1.1688232421875 21.973947525024414 3
85.5 56.571136474609375 2
-75 9.8181476593017578 4
27.600000381469727 -23.844070434570312 2
129.70588684082031 -30.389497756958008 2
0 19.168764114379883 2
77.727272033691406 32.259616851806641 2
-76.45159912109375 7.012962818145752 4
30 49.090686798095703 2
132.28915405273438 -16.363580703735352 2
9.375 4.2077779769897461 2
84 65.921646118164062 1
-74.6341552734375 55.636081695556641 1
32.400001525878906 -23.844070434570312 2
146.25 71.531890869140625 2
7.1999998092651367 23.844070434570312 3
86.086959838867188 50.960800170898438 2
-71.19403076171875 -31.324558258056641 4
33.287670135498047 25.714193344116211 3
136.62651062011719 -16.363580703735352 1
11.020408630371094 -2.3376541137695312 4
90 50.960800170898438 2
-70.645172119140625 7.012962818145752 4
35.526317596435547 58.441242218017578 2
140.29411315917969 -30.389497756958008 1
10.384614944458008 21.038887023925781 2
84.285713195800781 35.064800262451172 3
-69.587615966796875 3.2727160453796387 4
34.545455932617188 1.4025930166244507 2
143.33332824707031 43.480335235595703 2
12.692307472229004 21.038887023925781 2
86.666664123535156 68.726776123046875 2
-64.615386962890625 -21.038887023925781 2
38.571430206298828 67.791732788085938 2
-130.64515686035156 64.986602783203125 1
15 21.038887023925781 2
94.090911865234375 32.259616851806641 3
-62.30767822265625 -21.038887023925781 2
47.368419647216797 22.90900993347168 1
-122.72727966308594 63.116500854492188 6
19.200000762939453 23.844070434570312 2
111.59999847412109 23.844070434570312 3
-48.21429443359375 67.791732788085938 1
54.782608032226562 29.454435348510742 3
-113.33332824707031 43.480335235595703 2
22.5 4.2077779769897461 4
116.80850982666016 6.0779008865356445 3
-54.899993896484375 0.4675309956073761 4
59.516128540039062 35.999858856201172 2
-108.28125 34.129737854003906 3
24.545454025268555 52.830913543701172 2
116.40000152587891 23.844070434570312 4
-55.10205078125 -2.3376541137695312 3
62.876712799072266 25.714193344116211 3
-106.36363220214844 63.116500854492188 1
26.25 4.2077779769897461 4
117.69230651855469 69.661819458007812 2
-53.076934814453125 -21.038887023925781 1
65.34246826171875 25.714193344116211 3
-101.6129150390625 64.986602783203125 1
26.341463088989258 17.298641204833984 1
117.16981506347656 44.415393829345703 2
-45 -15.428518295288086 1
69.868423461914062 22.90900993347168 2
-97.058837890625 46.285511016845703 2
28.481012344360352 -20.103824615478516 4
120.5660400390625 44.415393829345703 2
-42.857147216796875 -15.428518295288086 4
72.236839294433594 22.90900993347168 2
-90 64.986602783203125 1
31.153846740722656 21.038887023925781 2
130.6849365234375 -25.714193344116211 1
-18 79.94696044921875 2
75.483871459960938 64.986602783203125 6
-79.838714599609375 35.999858856201172 4
33.461540222167969 21.038887023925781 2
133.15068054199219 -25.714193344116211 1
-2.903228759765625 7.012962818145752 4
93.461540222167969 45.350452423095703 2
-76.93548583984375 35.999858856201172 3
35.769229888916016 21.038887023925781 2
136.95652770996094 50.960800170898438 2
0 35.064800262451172 2
92.571426391601562 28.519374847412109 3
-75.517242431640625 -12.623332977294922 2
37.317073822021484 17.298641204833984 2
141.11111450195312 -18.23370361328125 4
7.3469386100769043 48.155628204345703 2
100.38461303710938 45.350452423095703 2
-66.3157958984375 -22.90900993347168 1
42.471908569335938 10.753210067749023 2
145.19999694824219 -23.844070434570312 4
9.8901100158691406 8.883087158203125 4
101.84210205078125 58.441242218017578 2
-61.685394287109375 -10.753210067749023 4
45 21.038887023925781 1
-165 65.921646118164062 2
14.693877220153809 48.155628204345703 2
106.57894897460938 58.441242218017578 2
-62.234039306640625 -6.0779008865356445 3
47.195121765136719 17.298641204833984 1
-140.625 64.051551818847656 2
13.60465145111084 13.558395385742188 1
109.87013244628906 21.973947525024414 4
-60.340911865234375 -11.688272476196289 4
48.599998474121094 47.220569610595703 6
-117.9310302734375 39.740100860595703 2
15.697674751281738 13.558395385742188 2
114.23076629638672 45.350452423095703 2
-57.525787353515625 -3.2727160453796387 3
52.200000762939453 47.220569610595703 4
-105.81080627441406 24.779132843017578 2
18.529411315917969 -30.389497756958008 2
118.20895385742188 -31.324558258056641 2
-53.59552001953125 -10.753210067749023 4
63.442623138427734 36.934921264648438 4
-99.545440673828125 32.259616851806641 2
21.176469802856445 -30.389497756958008 2
125.52631378173828 58.441242218017578 2
-46.097564697265625 -17.298641204833984 3
71.25 26.649253845214844 1
-88.888885498046875 18.23370361328125 3
26.632652282714844 2.3376541137695312 4
133.54838562011719 64.986602783203125 2
-47 -9.8181476593017578 1
73.125 19.168764114379883 2
-76.153839111328125 69.661819458007812 1
27.835052490234375 -3.2727160453796387 4
138.98733520507812 -20.103824615478516 1
-103.96551513671875 39.740100860595703 3
13.043478012084961 29.454435348510742 2
103.84615325927734 57.506191253662109 2
-50.142852783203125 -28.519374847412109 4
54.285713195800781 35.064800262451172 2
-100 35.064800262451172 2
17.272727966308594 -1.4025930166244507 2
110.32257843017578 35.999858856201172 2
-47.319580078125 -3.2727160453796387 3
57.142856597900391 35.064800262451172 2
-97.75860595703125 39.740100860595703 2
18.260869979858398 29.454435348510742 2
113.07691955566406 57.506191253662109 2
-45.95745849609375 -6.0779008865356445 4
64.528305053710938 44.415393829345703 4
-92.8125 64.051551818847656 1
22 51.895858764648438 1
117.69230651855469 57.506191253662109 2
-43.608245849609375 -3.2727160453796387 2
67.924530029296875 44.415393829345703 4
-83.333343505859375 68.726776123046875 1
26 51.895858764648438 2
122.30769348144531 57.506191253662109 2
-24.23077392578125 69.661819458007812 1
75.9375 64.051551818847656 2
-73.79998779296875 0.4675309956073761 4
29.62025260925293 20.103824615478516 2
126.86746978759766 -16.363580703735352 2
-1.216217041015625 24.779132843017578 2
86.400001525878906 47.220569610595703 3
-71.78570556640625 -15.428518295288086 2
32.222221374511719 18.23370361328125 2
137.90322875976562 35.999858856201172 2
3.529411792755127 46.285511016845703 2
90 47.220569610595703 3
-72.551025390625 -2.3376541137695312 3
30 40.675159454345703 2
131.20481872558594 -16.363580703735352 4
3.5999999046325684 23.844070434570312 3
81.509437561035156 44.415393829345703 3
-71.32073974609375 44.415393829345703 1
36.455696105957031 20.103824615478516 2
149.10447692871094 -31.324558258056641 3
10.588234901428223 46.285511016845703 1
84.905662536621094 44.415393829345703 3
-71.694915771484375 -38.805038452148438 2
34.342105865478516 22.90900993347168 3
151.79104614257812 -31.324558258056641 2
12.1875 4.2077779769897461 2
99.183670043945312 2.3376541137695312 4
-67.959197998046875 48.155628204345703 4
39.375 49.090686798095703 2
176.89654541015625 66.856689453125 2
11.938775062561035 -2.3376541137695312 2
91.956520080566406 50.960800170898438 2
-67.142852783203125 -35.064800262451172 1
41.447368621826172 22.90900993347168 2
-139.35484313964844 64.986602783203125 1
12.07317066192627 17.298641204833984 1
90 32.259616851806641 3
-65.543487548828125 -7.9480252265930176 3
42.631580352783203 58.441242218017578 2
-121.66667175292969 43.480335235595703 1
15.600000381469727 23.844070434570312 2
99.418601989746094 13.558395385742188 4
-61.428558349609375 -35.064800262451172 2
46.216217041015625 -24.779132843017578 2
-117.45762634277344 38.805038452148438 2
19.6875 4.2077779769897461 4
110.40000152587891 23.844070434570312 4
-47.8125 -4.2077779769897461 4
53.544303894042969 20.103824615478516 1
-112.5 34.129737854003906 3
23.258426666259766 10.753210067749023 1
117.123291015625 -25.714193344116211 2
-44.430389404296875 -20.103824615478516 4
59.178081512451172 25.714193344116211 2
-107.20588684082031 30.389497756958008 2
25.280899047851562 10.753210067749023 1
119.58904266357422 -25.714193344116211 2
-42.151885986328125 -20.103824615478516 4
67.5 67.791732788085938 2
-101.5384521484375 57.506191253662109 1
26.808509826660156 50.025741577148438 2
121.19999694824219 23.844070434570312 3
-16.153839111328125 21.038887023925781 2
74.571426391601562 61.246402740478516 2
-102.35293579101562 46.285511016845703 2
29.325841903686523 10.753210067749023 2
124.05405426025391 -24.779132843017578 1
-48 79.94696044921875 1
69.375 49.090686798095703 2
-90 54.701026916503906 2
30 23.844070434570312 2
128.75 -26.649253845214844 1
-38.4375 -4.2077779769897461 4
73.125 49.090686798095703 2
-85.71429443359375 54.701026916503906 6
30.9375 4.2077779769897461 2
131.25 -26.649253845214844 1
-5.80645751953125 7.012962818145752 1
83.333335876464844 18.23370361328125 3
-78.947357177734375 40.675159454345703 4
32.8125 4.2077779769897461 2
133.75 -26.649253845214844 1
-3.8709716796875 7.012962818145752 4
91.730766296386719 45.350452423095703 2
-72.580657958984375 64.986602783203125 1
40.799999237060547 23.844070434570312 2
137.77777099609375 -18.23370361328125 1
2.1686747074127197 16.363580703735352 1
96 37.869979858398438 2
-69.545440673828125 -11.688272476196289 4
43.200000762939453 23.844070434570312 2
141.97183227539062 -27.584314346313477 4
6.9230771064758301 8.883087158203125 1
99 37.869979858398438 3
-65.87628173828125 -3.2727160453796387 3
45.599998474121094 23.844070434570312 2
163.33332824707031 68.726776123046875 2
13.235294342041016 62.181453704833984 1
104.02597045898438 21.973947525024414 4
-62.696624755859375 -10.753210067749023 4
43.902439117431641 17.298641204833984 2
-155.76922607421875 69.661819458007812 2
17.027027130126953 24.779132843017578 2
106.36363983154297 21.973947525024414 4
-58.7755126953125 2.3376541137695312 2
50.400001525878906 23.844070434570312 1
-127.67442321777344 53.765968322753906 2
16.714284896850586 28.519374847412109 2
108.94736480712891 58.441242218017578 2
-60.394744873046875 -22.90900993347168 2
48.461540222167969 21.038887023925781 1
-115.47169494628906 44.415393829345703 2
16.875 64.051551818847656 1
113.68421173095703 58.441242218017578 2
-56.62921142578125 -10.753210067749023 4
52.5 60.311347961425781 2
-106.47886657714844 27.584314346313477 2
21.340206146240234 -3.2727160453796387 2
120 63.116500854492188 4
-52 -9.8181476593017578 4
67.5 26.649253845214844 3
-100.253173828125 20.103824615478516 2
23.87755012512207 2.3376541137695312 2
125.45454406738281 63.116500854492188 6
-41.5384521484375 -8.883087158203125 4
72 23.844070434570312 2
-88.52459716796875 36.934921264648438 2
27.20930290222168 53.765968322753906 2
130.90908813476562 63.116500854492188 4
-5.373138427734375 31.324558258056641 2
80.847457885742188 38.805038452148438 6
-78.75 41.610218048095703 2
26.907217025756836 -3.2727160453796387 4
136.45161437988281 64.986602783203125 2
-2.686553955078125 31.324558258056641 2
76.800003051757812 23.844070434570312 4
-98.490570068359375 44.415393829345703 2
16.276596069335938 -6.0779008865356445 1
114.82758331298828 66.856689453125 2
-49.090911865234375 -11.688272476196289 4
60 32.259616851806641 3
-93.600006103515625 70.596855163574219 1
18.260869979858398 -29.454435348510742 2
117 0.4675309956073761 3
-44.494384765625 -10.753210067749023 2
61.132076263427734 44.415393829345703 1
-94.18603515625 53.765968322753906 6
20.769229888916016 45.350452423095703 2
115.26316070556641 40.675159454345703 3
-42.471923828125 -10.753210067749023 3
69.75 56.571136474609375 2
-84.545440673828125 32.259616851806641 4
24.146341323852539 55.636081695556641 3
120.44117736816406 -30.389497756958008 2
-38 -9.8181476593017578 3
74.25 56.571136474609375 2
-78.06121826171875 -2.3376541137695312 3
27.69230842590332 45.350452423095703 2
124.69879150390625 -16.363580703735352 1
-8.18182373046875 32.259616851806641 2
84.705879211425781 62.181453704833984 1
-67.5 -45.350452423095703 3
31.595745086669922 6.0779008865356445 4
137.30769348144531 -21.038887023925781 2
0 46.285511016845703 3
90 62.181453704833984 2
-67.5 4.2077779769897461 4
34 51.895858764648438 2
141.42857360839844 -35.064800262451172 2
8.7096776962280273 35.999858856201172 2
93.599998474121094 23.844070434570312 3
-70.20001220703125 0.4675309956073761 3
34.177215576171875 20.103824615478516 2
141.92308044433594 -21.038887023925781 4
9.1011238098144531 10.753210067749023 2
93.599998474121094 47.220569610595703 2
-67.5 -15.428518295288086 2
37.340427398681641 6.0779008865356445 2
164.48275756835938 66.856689453125 2
14.516129493713379 -7.012962818145752 4
97.199996948242188 47.220569610595703 3
-70.20001220703125 -47.220569610595703 3
36.521739959716797 29.454435348510742 1
-150.96774291992188 64.986602783203125 2
13.60465145111084 -13.558395385742188 2
100.80000305175781 23.844070434570312 4
-66.600006103515625 -47.220569610595703 3
43.548385620117188 35.999858856201172 2
-141.81817626953125 63.116500854492188 2
14.399999618530273 0.4675309956073761 4
102.85713958740234 2.3376541137695312 4
-65 9.8181476593017578 4
43.085105895996094 6.0779008865356445 2
-123.5294189453125 46.285511016845703 2
14.516129493713379 64.986602783203125 1
105 26.649253845214844 3
-63.367340087890625 -2.3376541137695312 3
44.347827911376953 29.454435348510742 2
-120 57.506191253662109 6
17.8125 4.2077779769897461 2
108 23.844070434570312 4
-54.375 4.2077779769897461 4
47.368419647216797 58.441242218017578 2
-115.3125 34.129737854003906 3
20.149253845214844 31.324558258056641 3
114.32432556152344 -24.779132843017578 2
-43.411773681640625 -14.493456840515137 3
55.161289215087891 35.999858856201172 3
-107.14285278320312 54.701026916503906 1
26.666666030883789 43.480335235595703 2
118.80000305175781 47.220569610595703 2
-33.75 71.531890869140625 1
70 51.895858764648438 4
-100.28570556640625 61.246402740478516 6
27.69230842590332 57.506191253662109 2
124.22534942626953 -27.584314346313477 1
-26.25 71.531890869140625 1
74.050636291503906 20.103824615478516 4
-92.903228759765625 35.999858856201172 4
28.255813598632812 -13.558395385742188 3
123.75 -26.649253845214844 1
-8.780487060546875 17.298641204833984 1
76.666664123535156 18.23370361328125 4
-94.28570556640625 54.701026916503906 2
30.348836898803711 -13.558395385742188 3
128.88888549804688 -18.23370361328125 2
-36.774200439453125 -7.012962818145752 4
78.607597351074219 20.103824615478516 4
-85.263153076171875 40.675159454345703 2
32.459014892578125 36.934921264648438 2
131.83097839355469 -27.584314346313477 1
-10.125 19.168764114379883 1
80.886077880859375 20.103824615478516 2
-82.105255126953125 40.675159454345703 2
33.370784759521484 10.753210067749023 4
134.39999389648438 -23.844070434570312 1
0.98901098966598511 8.883087158203125 2
87.230766296386719 33.194679260253906 3
-72.765960693359375 -6.0779008865356445 4
35.393257141113281 10.753210067749023 2
136.90141296386719 -27.584314346313477 1
2.9670329093933105 8.883087158203125 3
94 51.895858764648438 2
-69.587615966796875 -3.2727160453796387 3
42.5 26.649253845214844 2
146.57142639160156 -28.519374847412109 2
6.4285712242126465 28.519374847412109 2
99.35064697265625 21.973947525024414 4
-67.731964111328125 -3.2727160453796387 3
45 26.649253845214844 1
155.76922607421875 69.661819458007812 2
11.886792182922363 44.415393829345703 3
101.68830871582031 21.973947525024414 4
-63.29669189453125 8.883087158203125 2
47.5 26.649253845214844 1
-180 65.921646118164062 2
14.693877220153809 2.3376541137695312 4
109.45945739746094 24.779132843017578 4
-60 -29.454435348510742 4
50.163932800292969 36.934921264648438 3
-122.26414489746094 44.415393829345703 2
20.602409362792969 -16.363580703735352 1
115.71428680419922 61.246402740478516 6
-57.39129638671875 -29.454435348510742 4
60 26.649253845214844 3
-118.867919921875 44.415393829345703 2
19.45945930480957 24.779132843017578 1
114 51.895858764648438 2
-56.93878173828125 2.3376541137695312 4
57.857143402099609 41.610218048095703 4
-106.36363220214844 32.259616851806641 2
20.204082489013672 2.3376541137695312 2
118 51.895858764648438 2
-52.173919677734375 -29.454435348510742 4
61.071430206298828 41.610218048095703 6
-102.53164672851562 20.103824615478516 2
23.87755012512207 48.155628204345703 2
131.14285278320312 61.246402740478516 6
-43.5164794921875 -8.883087158203125 2
72.765960693359375 50.025741577148438 2
-93.333343505859375 18.23370361328125 3
26.88311767578125 21.973947525024414 2
134.4705810546875 -14.493456840515137 1
-11.25 11.688272476196289 2
77.796607971191406 38.805038452148438 6
-75.483856201171875 -7.012962818145752 4
30.600000381469727 -0.4675309956073761 3
141.88235473632812 -14.493456840515137 3
-1.97802734375 8.883087158203125 2
83.863639831542969 52.830913543701172 4
-73.54840087890625 -7.012962818145752 4
31.395349502563477 53.765968322753906 2
150.46875 -34.129737854003906 2
0 7.9480252265930176 3
84.255317687988281 50.025741577148438 2
-56.399993896484375 -23.844070434570312 4
48.705883026123047 14.493456840515137 3
-100.46511840820312 53.765968322753906 3
17.234043121337891 -6.0779008865356445 1
116.09999847412109 0.4675309956073761 3
-48.2474365234375 -3.2727160453796387 3
55.714286804199219 35.064800262451172 1
-98.571441650390625 35.064800262451172 2
19.565217971801758 -29.454435348510742 2
112.5 -7.9480252265930176 2
-51.111114501953125 -18.23370361328125 4
58.695652008056641 50.960800170898438 2
-95.29412841796875 62.181453704833984 1
22.173913955688477 -29.454435348510742 2
116.88311767578125 -21.973947525024414 2
-44.53607177734375 -3.2727160453796387 4
63.380283355712891 27.584314346313477 3
-86.603759765625 44.415393829345703 1
24.782608032226562 -29.454435348510742 2
120 40.675159454345703 2
-41.93182373046875 -11.688272476196289 4
73.125 64.051551818847656 2
-73.333343505859375 68.726776123046875 1
28.481012344360352 20.103824615478516 2
125.78313446044922 -16.363580703735352 1
-4.556976318359375 20.103824615478516 1
84.599998474121094 47.220569610595703 3
-72.39129638671875 50.960800170898438 1
32 51.895858764648438 2
136.45161437988281 35.999858856201172 2
1.7647058963775635 46.285511016845703 2
92.400001525878906 23.844070434570312 3
-71.100006103515625 0.4675309956073761 3
33.037975311279297 20.103824615478516 2
139.35484313964844 35.999858856201172 3
3.75 26.649253845214844 2
90 56.571136474609375 2
-71.632659912109375 -2.3376541137695312 3
32.608695983886719 29.454435348510742 2
138.75 71.531890869140625 4
14.625 -19.168764114379883 2
95.901641845703125 36.934921264648438 4
-72 -47.220569610595703 2
34.736843109130859 40.675159454345703 2
161.53846740722656 57.506191253662109 2
11.699999809265137 0.4675309956073761 4
98.75 26.649253845214844 3
-70.16949462890625 -38.805038452148438 1
36 61.246402740478516 2
173.79310607910156 66.856689453125 2
14.157303810119629 10.753210067749023 4
101.80327606201172 36.934921264648438 3
-68.478271484375 -7.9480252265930176 3
40.434783935546875 29.454435348510742 1
-142.25807189941406 64.986602783203125 3
13.75 26.649253845214844 2
102 65.921646118164062 2
-65.820892333984375 -31.324558258056641 1
40.263156890869141 58.441242218017578 2
-123.33332824707031 43.480335235595703 2
14.693877220153809 -2.3376541137695312 1
97.826087951660156 50.960800170898438 2
-62.448974609375 -2.3376541137695312 3
45 22.90900993347168 2
-118.98304748535156 38.805038452148438 4
18.75 4.2077779769897461 4
108.75 26.649253845214844 4
-58.5 0.4675309956073761 4
51.428569793701172 67.791732788085938 6
-113.90625 34.129737854003906 3
21.492536544799805 31.324558258056641 2
115.89041137695312 -25.714193344116211 2
-42.352935791015625 -14.493456840515137 2
61.714286804199219 61.246402740478516 2
-108.5294189453125 30.389497756958008 2
25.116279602050781 -13.558395385742188 2
120 -26.649253845214844 2
-41.78570556640625 67.791732788085938 1
66.857139587402344 61.246402740478516 6
-100.71429443359375 54.701026916503906 1
27.20930290222168 -13.558395385742188 3
120.89552307128906 31.324558258056641 2
-43.125 -4.2077779769897461 4
72 61.246402740478516 2
-103.23529052734375 30.389497756958008 2
28.723403930664062 50.025741577148438 2
123.28767395019531 -25.714193344116211 2
-37.741943359375 -7.012962818145752 4
77.142860412597656 61.246402740478516 2
-94.615386962890625 57.506191253662109 2
28.799999237060547 23.844070434570312 2
125.75342559814453 -25.714193344116211 1
-12.69232177734375 21.038887023925781 3
79.655174255371094 12.623332977294922 3
-85.645172119140625 35.999858856201172 4
30 4.2077779769897461 4
130 -26.649253845214844 1
-6.774200439453125 7.012962818145752 4
82.025314331054688 20.103824615478516 2
-74.659088134765625 -11.688272476196289 2
34.137931823730469 66.856689453125 1
135.60000610351562 -23.844070434570312 1
-6.75 19.168764114379883 1
84.303794860839844 20.103824615478516 3
-72.6136474609375 -11.688272476196289 4
37.674419403076172 -13.558395385742188 4
138 -23.844070434570312 1
3.9560439586639404 8.883087158203125 3
97.199996948242188 70.596855163574219 2
-70.56817626953125 -11.688272476196289 4
42.786884307861328 36.934921264648438 2
140.7042236328125 -27.584314346313477 4
5.9340658187866211 8.883087158203125 3
97.5 37.869979858398438 3
-67.978729248046875 -6.0779008865356445 3
44.400001525878906 23.844070434570312 2
150.42857360839844 -28.519374847412109 3
12.989690780639648 -3.2727160453796387 2
103.29545593261719 11.688272476196289 4
-63.707855224609375 -10.753210067749023 4
47.934783935546875 7.9480252265930176 2
-177 65.921646118164062 2
15.612244606018066 2.3376541137695312 4
105.19480895996094 21.973947525024414 4
-58.404266357421875 6.0779008865356445 1
53.035713195800781 41.610218048095703 1
-129.76744079589844 53.765968322753906 2
18.243244171142578 24.779132843017578 2
112 51.895858764648438 2
-59.662933349609375 -10.753210067749023 1
51.599998474121094 23.844070434570312 1
-118.57142639160156 35.064800262451172 2
18.367347717285156 48.155628204345703 2
111.81818389892578 63.116500854492188 6
-57.64044189453125 -10.753210067749023 4
54 23.844070434570312 1
-107.74647521972656 27.584314346313477 2
19.6875 64.051551818847656 1
117.27272796630859 63.116500854492188 6
-53 -9.8181476593017578 4
62.678569793701172 41.610218048095703 6
-101.39239501953125 20.103824615478516 2
23.142856597900391 28.519374847412109 1
124 51.895858764648438 2
-42.5274658203125 -8.883087158203125 2
70.800003051757812 23.844070434570312 3
-90 36.934921264648438 4
25.714284896850586 28.519374847412109 1
128.18182373046875 63.116500854492188 4
-10.227264404296875 11.688272476196289 3
78.510635375976562 50.025741577148438 4
-76.875 -4.2077779769897461 3
30.405405044555664 24.779132843017578 2
142.94117736816406 -14.493456840515137 3
-15.5555419921875 18.23370361328125 2
75.599998474121094 23.844070434570312 4
-70.434783935546875 7.9480252265930176 4
32.727272033691406 21.973947525024414 2
169.81132507324219 -44.415393829345703 2
-65.25 56.571136474609375 1
34.200000762939453 -0.4675309956073761 4
-123 65.921646118164062 6
9.4736843109130859 5.1428399085998535 4
92.045455932617188 52.830913543701172 2
-60.909088134765625 -1.4025930166244507 4
38.918918609619141 24.779132843017578 2
-117 65.921646118164062 2
12.413793563842773 12.623332977294922 4
91.914894104003906 50.025741577148438 2
-62.727264404296875 -32.259616851806641 2
41.351352691650391 24.779132843017578 2
-111 37.869979858398438 2
14.482758522033691 12.623332977294922 4
100.22727203369141 52.830913543701172 2
-57.558135986328125 -13.558395385742188 4
43.783782958984375 24.779132843017578 2
-108 37.869979858398438 2
16.666666030883789 -18.23370361328125 1
99.574470520019531 50.025741577148438 3
-54.947357177734375 5.1428399085998535 4
47.419353485107422 7.012962818145752 2
-99 65.921646118164062 1
19.285715103149414 -28.519374847412109 2
108.75 71.531890869140625 2
-48.4615478515625 81.816841125488281 2
56.938774108886719 48.155628204345703 2
-93 65.921646118164062 1
23 -9.8181476593017578 4
114.86842346191406 22.90900993347168 4
-34.615386962890625 81.816841125488281 1
70 35.064800262451172 3
-91.6363525390625 42.545276641845703 2
24.428571701049805 -28.519374847412109 2
117.39130401611328 -29.454435348510742 1
-32.399993896484375 70.596855163574219 1
62.181819915771484 42.545276641845703 6
-88.3636474609375 42.545276641845703 2
25.714284896850586 61.246402740478516 2
120 -29.454435348510742 1
1.3432835340499878 31.324558258056641 1
69.827583312988281 39.740100860595703 3
-91.058837890625 14.493456840515137 2
27.777778625488281 -18.23370361328125 2
124.77272796630859 52.830913543701172 2
-3.913055419921875 50.960800170898438 2
71.632652282714844 48.155628204345703 4
-90 37.869979858398438 2
28.965517044067383 12.623332977294922 2
122.55319213867188 50.025741577148438 2
1.6666666269302368 43.480335235595703 2
75.405403137207031 24.779132843017578 2
-86.823516845703125 14.493456840515137 2
29.154930114746094 -27.584314346313477 4
126.38298034667969 50.025741577148438 2
1.0588235855102539 14.493456840515137 1
77.441864013671875 13.558395385742188 3
-80.100006103515625 -0.4675309956073761 4
30.315790176391602 5.1428399085998535 2
130.43478393554688 -29.454435348510742 1
3.1764705181121826 14.493456840515137 1
79.534881591796875 13.558395385742188 3
-75 71.531890869140625 1
32.5 -26.649253845214844 2
137.07691955566406 -33.194679260253906 2
7.03125 34.129737854003906 1
85.344825744628906 39.740100860595703 6
-68.313262939453125 -16.363580703735352 2
37.241378784179688 12.623332977294922 4
141.70213317871094 -6.0779008865356445 4
16.363636016845703 52.830913543701172 1
96.923080444335938 69.661819458007812 2
-62.903228759765625 7.012962818145752 4
48.888889312744141 -18.23370361328125 4
147.5 60.311347961425781 2
19.615385055541992 21.038887023925781 2
104.65116119384766 13.558395385742188 4
-63.97589111328125 -16.363580703735352 4
46.451614379882812 64.986602783203125 1
-133.44827270507812 66.856689453125 6
21.64556884765625 -20.103824615478516 1
103.63636016845703 -1.4025930166244507 4
-63.620697021484375 -39.740100860595703 1
46.666667938232422 43.480335235595703 2
-123.75 41.610218048095703 2
22.5 19.168764114379883 2
102.16216278076172 59.376296997070312 2
-60.631591796875 -5.1428399085998535 3
50 43.480335235595703 2
-110.14924621582031 31.324558258056641 3
20.892856597900391 41.610218048095703 2
104.09638214111328 16.363580703735352 4
-58.736846923828125 -5.1428399085998535 3
53.333332061767578 43.480335235595703 3
-106.25 26.649253845214844 2
19.799999237060547 47.220569610595703 3
108.36734771728516 48.155628204345703 2
-60.882354736328125 -30.389497756958008 4
54.705883026123047 46.285511016845703 4
-98.399993896484375 23.844070434570312 3
27.272727966308594 -32.259616851806641 2
119.30232238769531 53.765968322753906 2
-54.947357177734375 -5.1428399085998535 4
58.235294342041016 46.285511016845703 2
-96.506011962890625 16.363580703735352 3
27 47.220569610595703 2
121.62162017822266 59.376296997070312 2
-46.956512451171875 -7.9480252265930176 1
76.973686218261719 22.90900993347168 4
-91.525421142578125 38.805038452148438 2
30.600000381469727 47.220569610595703 2
127.125 -19.168764114379883 1
-41.5384521484375 -21.038887023925781 3
78.947364807128906 40.675159454345703 3
-86.89654541015625 12.623332977294922 4
27.857143402099609 -15.428518295288086 4
130.90908813476562 32.259616851806641 2
-4.736846923828125 40.675159454345703 3
90 49.090686798095703 3
-83.333343505859375 43.480335235595703 2
36.734695434570312 -2.3376541137695312 4
139.8648681640625 -24.779132843017578 1
-1.578948974609375 40.675159454345703 2
85.645164489746094 35.999858856201172 3
-71.379302978515625 -12.623332977294922 2
40 60.311347961425781 2
145 -26.649253845214844 2
3.4177215099334717 20.103824615478516 3
98.571426391601562 15.428518295288086 4
-72.352935791015625 46.285511016845703 2
36.760562896728516 27.584314346313477 2
150 -23.844070434570312 2
-1.323516845703125 30.389497756958008 1
100.71428680419922 15.428518295288086 3
-68.823516845703125 46.285511016845703 1
38.571430206298828 35.064800262451172 3
-155.67567443847656 59.376296997070312 2
1.3043478727340698 29.454435348510742 2
100.80000305175781 0.4675309956073761 4
-65.29412841796875 46.285511016845703 3
41.830986022949219 27.584314346313477 1
-117.551025390625 48.155628204345703 2
14.835165023803711 -8.883087158203125 4
108 28.519374847412109 4
-62.22222900390625 -18.23370361328125 1
47.142856597900391 -15.428518295288086 2
-110 35.064800262451172 2
16.813186645507812 -8.883087158203125 2
110.69999694824219 0.4675309956073761 2
-56.571441650390625 -28.519374847412109 2
53.181819915771484 32.259616851806641 3
-100.94595336914062 24.779132843017578 2
20.13157844543457 -22.90900993347168 1
122.30769348144531 -21.038887023925781 1
-54 -28.519374847412109 4
54 56.571136474609375 2
-94.090911865234375 32.259616851806641 4
22.5 -22.90900993347168 1
120 49.090686798095703 2
-67.5 -19.168764114379883 2
34.054054260253906 24.779132843017578 3
-123.33332824707031 68.726776123046875 2
3.75 49.090686798095703 2
88.676467895507812 30.389497756958008 3
-61.744171142578125 -13.558395385742188 4
37.951808929443359 -16.363580703735352 3
-126 51.895858764648438 1
12.222222328186035 -18.23370361328125 1
91.323532104492188 30.389497756958008 3
-63 -19.168764114379883 2
40.909091949462891 21.973947525024414 2
-113.53846740722656 33.194679260253906 3
14.44444465637207 -18.23370361328125 1
97.422683715820312 3.2727160453796387 3
-59.090911865234375 1.4025930166244507 4
43.246753692626953 21.973947525024414 1
-108 28.519374847412109 2
16.551723480224609 12.623332977294922 3
99.529411315917969 14.493456840515137 4
-55.454559326171875 -1.4025930166244507 4
46.216217041015625 24.779132843017578 3
-100.97561645507812 55.636081695556641 6
18.888889312744141 -18.23370361328125 1
108.40908813476562 52.830913543701172 2
-48.75 -26.649253845214844 4
56.511627197265625 53.765968322753906 2
-94.909088134765625 42.545276641845703 2
22.5 49.090686798095703 2
114.78260803222656 29.454435348510742 4
-37.840911865234375 -11.688272476196289 3
63.620689392089844 39.740100860595703 2
-92.19512939453125 55.636081695556641 6
23.333333969116211 -18.23370361328125 2
117.123291015625 25.714193344116211 4
-37.340423583984375 -6.0779008865356445 4
57.857143402099609 80.881912231445312 3
-96 37.869979858398438 2
25.55555534362793 -18.23370361328125 3
114.89361572265625 50.025741577148438 2
-4.044952392578125 10.753210067749023 4
69.069770812988281 53.765968322753906 4
-93 37.869979858398438 4
26.896551132202148 12.623332977294922 2
122.60869598388672 -29.454435348510742 1
-4.89129638671875 7.9480252265930176 1
68.727272033691406 42.545276641845703 2
-94 51.895858764648438 1
27.972972869873047 -24.779132843017578 2
122.5 60.311347961425781 2
0 9.8181476593017578 3
75.348838806152344 13.558395385742188 4
-87 37.869979858398438 4
29.117647171020508 30.389497756958008 2
126.21951293945312 -17.298641204833984 1
0 52.830913543701172 4
76.153846740722656 69.661819458007812 2
-82.5 71.531890869140625 1
30 63.116500854492188 2
130.2127685546875 50.025741577148438 2
0.96774190664291382 7.012962818145752 2
78.545455932617188 42.545276641845703 3
-75 -49.090686798095703 2
32.210525512695312 5.1428399085998535 3
136.39175415039062 -3.2727160453796387 3
6 9.8181476593017578 2
82.702705383300781 59.376296997070312 1
-71.25 -49.090686798095703 3
37.058822631835938 30.389497756958008 3
139.84616088867188 -33.194679260253906 2
15.75 19.168764114379883 1
96.818183898925781 32.259616851806641 3
-64.0206298828125 3.2727160453796387 4
46.363636016845703 63.116500854492188 2
144.93505859375 -21.973947525024414 2
19.367088317871094 -20.103824615478516 1
103.84615325927734 69.661819458007812 2
-64.421051025390625 -5.1428399085998535 3
43.333332061767578 43.480335235595703 2
152.5 60.311347961425781 2
21.176469802856445 -14.493456840515137 1
102.55813598632812 53.765968322753906 2
-64 51.895858764648438 1
45 30.389497756958008 2
-127.24137878417969 66.856689453125 6
19.090909957885742 -32.259616851806641 2
101.92771148681641 16.363580703735352 4
-65.27471923828125 -8.883087158203125 3
47.647060394287109 46.285511016845703 4
-114.89361572265625 50.025741577148438 2
17.142856597900391 -15.428518295288086 1
103.5 75.271995544433594 3
-63.29669189453125 -8.883087158203125 4
51.617645263671875 30.389497756958008 3
-107.46269226074219 31.324558258056641 2
19.285715103149414 -15.428518295288086 1
107.14286041259766 35.064800262451172 2
-61.318695068359375 -8.883087158203125 4
54.264705657958984 30.389497756958008 3
-103.75 26.649253845214844 2
23.399999618530273 47.220569610595703 3
116.75675964355469 59.376296997070312 2
-56.25 49.090686798095703 2
56.911766052246094 30.389497756958008 3
-101.25 26.649253845214844 2
23.571428298950195 -15.428518295288086 1
121.30434417724609 72.4669189453125 2
-49.090911865234375 63.116500854492188 1
76.93548583984375 35.999858856201172 3
-94.33734130859375 16.363580703735352 2
25.714284896850586 -15.428518295288086 2
126.48648834228516 59.376296997070312 2
-43.6363525390625 63.116500854492188 1
78.75 11.688272476196289 3
-88.474578857421875 38.805038452148438 4
27.69230842590332 -21.038887023925781 2
130.81394958496094 -13.558395385742188 2
-7.20001220703125 23.844070434570312 2
82.741935729980469 35.999858856201172 3
-83.7930908203125 66.856689453125 1
35 60.311347961425781 2
136.875 -4.2077779769897461 2
-4.79998779296875 23.844070434570312 2
85.263160705566406 40.675159454345703 6
-73.6363525390625 52.830913543701172 1
39.545455932617188 32.259616851806641 3
144.59016418457031 -36.934921264648438 2
-2.142852783203125 54.701026916503906 2
97.5 49.090686798095703 3
-73.6363525390625 -1.4025930166244507 3
34.615383148193359 -21.038887023925781 2
147.54098510742188 -36.934921264648438 3
-2.093017578125 13.558395385742188 1
91.578948974609375 40.675159454345703 3
-69.71832275390625 -27.584314346313477 2
36.428569793701172 -15.428518295288086 3
-156.66667175292969 68.726776123046875 2
0 12.623332977294922 2
94.736839294433594 40.675159454345703 2
-66 -23.844070434570312 4
41.428569793701172 35.064800262451172 2
-127.05882263183594 62.181453704833984 1
11.111110687255859 18.23370361328125 1
105 15.428518295288086 3
-63.10345458984375 -12.623332977294922 4
45.849056243896484 44.415393829345703 2
-111.72413635253906 39.740100860595703 2
15 65.921646118164062 2
110.57142639160156 28.519374847412109 4
-58.23529052734375 78.077003479003906 1
50.294116973876953 62.181453704833984 1
-103.58489990234375 44.415393829345703 2
19.756097793579102 -17.298641204833984 3
121.07142639160156 15.428518295288086 3
-57.446807861328125 50.025741577148438 2
53.239437103271484 27.584314346313477 2
-95.86956787109375 50.960800170898438 6
21.95121955871582 -17.298641204833984 1
119.38775634765625 -2.3376541137695312 2
-41.707305908203125 -17.298641204833984 4
72.295082092285156 36.934921264648438 3
-72 -14.493456840515137 2
26.181818008422852 42.545276641845703 3
131.53846740722656 45.350452423095703 2
-12.857147216796875 21.973947525024414 3
77.625 19.168764114379883 4
-71.25 -4.2077779769897461 3
28.255813598632812 13.558395385742188 2
135 45.350452423095703 2
-10.51947021484375 21.973947525024414 1
79.875 19.168764114379883 4
-74.0625 4.2077779769897461 2
30.348836898803711 13.558395385742188 2
155.45454406738281 63.116500854492188 2
-7.29730224609375 24.779132843017578 2
83.75 26.649253845214844 2
-70.5 -37.869979858398438 1
31.973684310913086 -22.90900993347168 2
148.10127258300781 -20.103824615478516 3
-3.802825927734375 27.584314346313477 1
87.599998474121094 23.844070434570312 2
-60.65216064453125 7.9480252265930176 4
34.534885406494141 13.558395385742188 4
168.38710021972656 64.986602783203125 2
10.227272987365723 11.688272476196289 1
99.84375 34.129737854003906 6
-52.727264404296875 -1.4025930166244507 3
39.489795684814453 2.3376541137695312 2
-138.21427917480469 67.791732788085938 1
16.25 -26.649253845214844 1
102.65625 34.129737854003906 3
-52.727264404296875 1.4025930166244507 4
41.326530456542969 2.3376541137695312 2
-131.78572082519531 67.791732788085938 2
17.205883026123047 30.389497756958008 2
100.125 19.168764114379883 4
-58.5 -37.869979858398438 4
43.163265228271484 2.3376541137695312 4
-117.58064270019531 35.999858856201172 3
21.235954284667969 -10.753210067749023 2
108.28125 34.129737854003906 3
-58.125 -4.2077779769897461 3
45 2.3376541137695312 3
-115.26315307617188 40.675159454345703 4
18.620689392089844 -12.623332977294922 1
108.52941131591797 62.181453704833984 2
-56.25 -4.2077779769897461 4
48 51.895858764648438 2
-106.07142639160156 67.791732788085938 1
20.689655303955078 -12.623332977294922 1
113.82353210449219 30.389497756958008 2
-54.68353271484375 -20.103824615478516 4
50.963855743408203 16.363580703735352 2
-99.863006591796875 25.714193344116211 2
22.5 11.688272476196289 2
112.5 64.051551818847656 6
-53.18182373046875 73.401947021484375 1
47.848102569580078 20.103824615478516 1
-100.125 19.168764114379883 2
22.941177368164062 46.285511016845703 2
115.35211181640625 -27.584314346313477 2
-46.588226318359375 -14.493456840515137 4
51.428569793701172 61.246402740478516 2
-100.43478393554688 29.454435348510742 4
26.129032135009766 64.986602783203125 6
117.88732147216797 -27.584314346313477 2
-19.28570556640625 80.881912231445312 2
69.428573608398438 28.519374847412109 3
-90 49.090686798095703 1
28.636363983154297 11.688272476196289 2
125.60439300537109 8.883087158203125 3
-3.272735595703125 42.545276641845703 2
86.727272033691406 42.545276641845703 3
-86.25 49.090686798095703 1
33.559322357177734 38.805038452148438 3
135 64.051551818847656 2
-4.736846923828125 22.90900993347168 2
88.783782958984375 24.779132843017578 2
-76.2244873046875 2.3376541137695312 2
34.925373077392578 31.324558258056641 2
135 -22.90900993347168 1
-2.76922607421875 33.194679260253906 2
85.324676513671875 21.973947525024414 3
-75 -9.8181476593017578 4
35.172412872314453 -12.623332977294922 3
138 65.921646118164062 2
0 32.259616851806641 2
87.662338256835938 21.973947525024414 4
-73 -9.8181476593017578 3
36.818180084228516 11.688272476196289 4
143.78048706054688 -17.298641204833984 1
2.7272727489471436 32.259616851806641 2
90 21.973947525024414 4
-71.25 49.090686798095703 1
38.152172088623047 7.9480252265930176 4
150 65.921646118164062 2
7.5 60.311347961425781 1
93.506492614746094 21.973947525024414 3
-68.04876708984375 -17.298641204833984 2
40.909091949462891 52.830913543701172 2
163.125 64.051551818847656 2
8.1818180084228516 32.259616851806641 1
99.642860412597656 67.791732788085938 2
-65.853668212890625 -17.298641204833984 2
47.142856597900391 15.428518295288086 1
-164.11764526367188 62.181453704833984 2
16.105262756347656 -5.1428399085998535 1
106.55172729492188 12.623332977294922 4
-64.14892578125 6.0779008865356445 3
54.915252685546875 38.805038452148438 1
-121.30435180664062 72.4669189453125 1
15.180723190307617 -16.363580703735352 2
112.5 67.791732788085938 2
-59.399993896484375 -0.4675309956073761 4
58.965518951416016 66.856689453125 2
-113.47825622558594 72.4669189453125 2
18.899999618530273 -0.4675309956073761 2
118.18181610107422 1.4025930166244507 3
-54 -33.194679260253906 4
66.176467895507812 30.389497756958008 4
-105.65217590332031 72.4669189453125 2
21.521739959716797 50.960800170898438 2
125.35713958740234 67.791732788085938 2
-17.419342041015625 64.986602783203125 1
72.857139587402344 54.701026916503906 4
-96.428558349609375 41.610218048095703 2
26.413043975830078 -7.9480252265930176 4
132.24490356445312 48.155628204345703 2
-40.5 75.271995544433594 1
76.153846740722656 57.506191253662109 2
-93.21429443359375 41.610218048095703 2
27.169811248779297 44.415393829345703 2
135.91836547851562 48.155628204345703 2
-42.631591796875 -5.1428399085998535 4
77.865165710449219 10.753210067749023 3
-84.626861572265625 31.324558258056641 4
27.473684310913086 -5.1428399085998535 4
140.625 -34.129737854003906 2
-14.31817626953125 11.688272476196289 3
85.384613037109375 57.506191253662109 2
-78.3870849609375 -7.012962818145752 2
32.903224945068359 7.012962818145752 4
150.81080627441406 -24.779132843017578 2
-3.82977294921875 6.0779008865356445 4
90 74.33697509765625 2
-69.090911865234375 1.4025930166244507 3
34.838710784912109 7.012962818145752 4
-140 68.726776123046875 1
5.1724138259887695 12.623332977294922 2
96.164382934570312 25.714193344116211 4
-66.575347900390625 -25.714193344116211 4
41 9.8181476593017578 2
-124.05404663085938 59.376296997070312 2
7.297297477722168 59.376296997070312 1
98.571426391601562 54.701026916503906 2
-63.47369384765625 5.1428399085998535 3
41.752578735351562 3.2727160453796387 2
-90 15.428518295288086 3
21.758241653442383 -8.883087158203125 4
117 28.519374847412109 4
-46.1842041015625 -22.90900993347168 4
68.400001525878906 47.220569610595703 2
-87.857147216796875 15.428518295288086 4
23.736263275146484 -8.883087158203125 4
125.625 49.090686798095703 3
-30 82.751724243164062 2
68.823532104492188 62.181453704833984 6
-86.086944580078125 50.960800170898438 6
23.333333969116211 18.23370361328125 2
127.24137878417969 66.856689453125 2
-30 74.33697509765625 1
79.411766052246094 14.493456840515137 3
-79.89794921875 -2.3376541137695312 4
25.55555534362793 18.23370361328125 2
133.44827270507812 66.856689453125 4
-13.14605712890625 10.753210067749023 2
79.411766052246094 62.181453704833984 6
-70.9615478515625 -45.350452423095703 3
29.670330047607422 -8.883087158203125 3
138.35821533203125 -31.324558258056641 2
-3.648651123046875 24.779132843017578 2
87.5 26.649253845214844 2
-66 -37.869979858398438 3
34.024391174316406 -17.298641204833984 3
142.5 49.090686798095703 2
10.285714149475098 61.246402740478516 1
93.214286804199219 41.610218048095703 2
-62.8125 -4.2077779769897461 3
36.867469787597656 16.363580703735352 2
152.0689697265625 66.856689453125 2
13.295454978942871 11.688272476196289 3
95.769233703613281 21.038887023925781 4
-66.521728515625 50.960800170898438 1
35.604396820068359 -8.883087158203125 2
158.27586364746094 66.856689453125 2
15 -4.2077779769897461 1
96 23.844070434570312 4
-63 65.921646118164062 1
40.549449920654297 8.883087158203125 4
-152.72727966308594 63.116500854492188 2
17.142856597900391 15.428518295288086 1
98.400001525878906 23.844070434570312 4
-66.600006103515625 0.4675309956073761 3
42.151897430419922 20.103824615478516 2
-131.14285278320312 61.246402740478516 1
16.45161247253418 -7.012962818145752 1
102.69230651855469 21.038887023925781 4
-63.21429443359375 -15.428518295288086 4
44.444442749023438 18.23370361328125 2
-124.28572082519531 54.701026916503906 2
17.647058486938477 46.285511016845703 2
104.40000152587891 47.220569610595703 2
-61.071441650390625 -15.428518295288086 4
46.451614379882812 35.999858856201172 2
-107.41935729980469 35.999858856201172 3
16.200000762939453 0.4675309956073761 2
106.22950744628906 36.934921264648438 3
-61.20001220703125 0.4675309956073761 3
46.875 49.090686798095703 3
-115.71427917480469 61.246402740478516 5
19.883720397949219 -13.558395385742188 1
111.49253845214844 31.324558258056641 3
-48.75 71.531890869140625 1
51.111110687255859 18.23370361328125 2
-110.57142639160156 61.246402740478516 1
23.333333969116211 43.480335235595703 2
115.71428680419922 2.3376541137695312 3
-32.727264404296875 73.401947021484375 1
67.5 45.350452423095703 2
-98.076934814453125 21.038887023925781 2
29.25 -19.168764114379883 2
122.40000152587891 -23.844070434570312 1
-10.588226318359375 14.493456840515137 2
73.384613037109375 33.194679260253906 3
-87.69232177734375 21.038887023925781 3
31.304347991943359 7.9480252265930176 4
125.35713958740234 41.610218048095703 2
-8.4705810546875 14.493456840515137 1
75.857139587402344 28.519374847412109 1
-80.425537109375 -6.0779008865356445 1
32.307693481445312 57.506191253662109 2
126.76056671142578 -27.584314346313477 1
-5 9.8181476593017578 2
78 51.895858764648438 2
-78.510650634765625 -6.0779008865356445 4
31.935483932495117 -7.012962818145752 4
129.60000610351562 47.220569610595703 2
-9.67742919921875 7.012962818145752 2
79.714286804199219 61.246402740478516 6
-75.154632568359375 -3.2727160453796387 3
34.468086242675781 50.025741577148438 2
133.19999694824219 47.220569610595703 2
-2.117645263671875 14.493456840515137 1
84.461540222167969 33.194679260253906 3
-73.298980712890625 -3.2727160453796387 3
35.806449890136719 -7.012962818145752 4
136.80000305175781 47.220569610595703 2
3.9130434989929199 50.960800170898438 2
90 51.895858764648438 2
-70.434783935546875 -29.454435348510742 2
37.741935729980469 -7.012962818145752 2
144 -28.519374847412109 2
7.297297477722168 24.779132843017578 3
96.666664123535156 18.23370361328125 4
-67.826080322265625 -29.454435348510742 1
47.045455932617188 52.830913543701172 2
150 68.726776123046875 2
10.51948070526123 21.973947525024414 2
102.31578826904297 5.1428399085998535 4
-65.27471923828125 8.883087158203125 4
49.186046600341797 -13.558395385742188 4
177.1875 64.051551818847656 6
12.857142448425293 2.3376541137695312 3
107.02702331542969 24.779132843017578 4
-62 -9.8181476593017578 4
55.074626922607422 31.324558258056641 3
-150.88235473632812 62.181453704833984 3
18.433734893798828 -16.363580703735352 2
116.34146118164062 55.636081695556641 2
-59.3616943359375 6.0779008865356445 4
57.5 26.649253845214844 3
-111.81817626953125 32.259616851806641 3
22.075471878051758 44.415393829345703 2
121.09091186523438 42.545276641845703 2
-49.4505615234375 -8.883087158203125 4
63.409091949462891 52.830913543701172 4
-110 60.311347961425781 1
22.207792282104492 -21.973947525024414 1
120.85713958740234 61.246402740478516 6
-53.780487060546875 -17.298641204833984 1
65.10638427734375 50.025741577148438 2
-100.79998779296875 47.220569610595703 2
22.207792282104492 21.973947525024414 2
127.63636016845703 42.545276641845703 2
-50.86956787109375 72.4669189453125 1
68.936172485351562 50.025741577148438 2
-96.666656494140625 18.23370361328125 2
25.3125 64.051551818847656 6
140.625 -19.168764114379883 4
-39.789459228515625 -5.1428399085998535 4
75.9375 34.129737854003906 3
-85.178558349609375 41.610218048095703 2
29.220779418945312 -21.973947525024414 2
144.84375 -34.129737854003906 4
-6.506011962890625 16.363580703735352 1
80.73529052734375 30.389497756958008 3
-72.5 60.311347961425781 2
31.558441162109375 -21.973947525024414 4
150 -32.259616851806641 2
4.153846263885498 33.194679260253906 2
96.428573608398438 54.701026916503906 2
-69.75 -19.168764114379883 2
32.400001525878906 -0.4675309956073761 3
-129 65.921646118164062 6
7.5789475440979004 5.1428399085998535 4
87.954544067382812 52.830913543701172 2
-6.1363525390625 11.688272476196289 2
77.910446166992188 31.324558258056641 3
-66.81817626953125 -32.259616851806641 1
35.064933776855469 21.973947525024414 3
154.28572082519531 61.246402740478516 2
1.3235293626785278 30.389497756958008 1
81.219512939453125 17.298641204833984 4
-64.125 -19.168764114379883 2
38.842105865478516 -5.1428399085998535 4
-163.92857360839844 67.791732788085938 2
3.970588207244873 30.389497756958008 2
90 71.531890869140625 2
-61.875 -34.129737854003906 2
38.769229888916016 33.194679260253906 3
-130.26315307617188 58.441242218017578 1
6.1363635063171387 11.688272476196289 2
95.294120788574219 30.389497756958008 3
-59.625 -19.168764114379883 2
41.142856597900391 28.519374847412109 1
-115.96153259277344 45.350452423095703 2
9.2647056579589844 30.389497756958008 1
99.8780517578125 17.298641204833984 4
-54.545440673828125 -1.4025930166244507 4
44.307693481445312 33.194679260253906 2
-104.14285278320312 28.519374847412109 2
18 5.1428399085998535 2
105.31914520263672 50.025741577148438 3
-45 77.142013549804688 1
49.864864349365234 24.779132843017578 1
-100.5 37.869979858398438 2
21.724138259887695 12.623332977294922 2
114.54545593261719 52.830913543701172 2
-38.297882080078125 -6.0779008865356445 4
51.428569793701172 28.519374847412109 2
-104 51.895858764648438 2
21.891891479492188 -24.779132843017578 1
109.80000305175781 -0.4675309956073761 7
-41.379302978515625 -12.623332977294922 3
53.7662353515625 21.973947525024414 1
-98.30767822265625 33.194679260253906 2
25.862068176269531 12.623332977294922 2
120.70587921142578 14.493456840515137 4
-39.310333251953125 -12.623332977294922 4
55.5 37.869979858398438 3
-98.780487060546875 17.298641204833984 3
25.578947067260742 5.1428399085998535 4
118.42105102539062 -22.90900993347168 2
-7.71429443359375 28.519374847412109 2
59.142856597900391 28.519374847412109 3
-92.76922607421875 33.194679260253906 4
27.794116973876953 30.389497756958008 2
119.69071960449219 -3.2727160453796387 3
-5.142852783203125 28.519374847412109 2
69.230766296386719 69.661819458007812 3
-86.25 71.531890869140625 1
28.75 -26.649253845214844 4
123.15789794921875 -22.90900993347168 2
-39.7674560546875 -13.558395385742188 4
64.5 37.869979858398438 6
-84 51.895858764648438 6
27.613636016845703 -11.688272476196289 4
125.52631378173828 -22.90900993347168 1
-2.19512939453125 55.636081695556641 2
75.903617858886719 16.363580703735352 4
-78 51.895858764648438 6
29.659090042114258 -11.688272476196289 3
134.34782409667969 -29.454435348510742 2
2.5352113246917725 27.584314346313477 2
85.1351318359375 59.376296997070312 2
-69.375 -49.090686798095703 3
33.370784759521484 -10.753210067749023 3
139.17526245117188 -3.2727160453796387 7
16.153846740722656 57.506191253662109 1
96.279067993164062 53.765968322753906 2
-70 51.895858764648438 1
40.909091949462891 1.4025930166244507 2
144.574462890625 -6.0779008865356445 3
11 9.8181476593017578 1
98.674697875976562 16.363580703735352 4
-68.24176025390625 -8.883087158203125 3
42.413791656494141 12.623332977294922 2
146.76922607421875 -33.194679260253906 2
12.857142448425293 41.610218048095703 2
99.183670043945312 48.155628204345703 2
-67.5 -30.389497756958008 1
40.736843109130859 5.1428399085998535 2
175.26315307617188 -40.675159454345703 2
15.773196220397949 3.2727160453796387 4
100 1.4025930166244507 4
-70.615386962890625 -33.194679260253906 4
42.711864471435547 38.805038452148438 2
-118.92857360839844 41.610218048095703 3
17.628866195678711 3.2727160453796387 1
102.67605590820312 27.584314346313477 4
-67.846160888671875 -33.194679260253906 1
45.762710571289062 38.805038452148438 2
-115.71427917480469 41.610218048095703 2
19.058822631835938 14.493456840515137 4
107.34939575195312 16.363580703735352 4
-60.77923583984375 -21.973947525024414 2
52.03125 34.129737854003906 3
-112.5 41.610218048095703 2
21 9.8181476593017578 2
111.42857360839844 35.064800262451172 2
-58.351654052734375 -8.883087158203125 1
60 46.285511016845703 1
-101.48934936523438 50.025741577148438 2
23.294116973876953 14.493456840515137 1
117.27272796630859 -32.259616851806641 3
-54.26470947265625 -30.389497756958008 4
74.347824096679688 29.454435348510742 3
-94.5 75.271995544433594 2
25.051546096801758 3.2727160453796387 4
120 -32.259616851806641 1
-49.354827880859375 64.986602783203125 1
75 15.428518295288086 4
-87.1875 34.129737854003906 4
27.887323379516602 27.584314346313477 1
131.86045837402344 -13.558395385742188 1
-10 26.649253845214844 2
81.369865417480469 25.714193344116211 2
-83.8983154296875 38.805038452148438 2
29.647058486938477 14.493456840515137 1
137.8125 -4.2077779769897461 3
-5.2325439453125 13.558395385742188 2
85.263160705566406 22.90900993347168 3
-74.84210205078125 5.1428399085998535 4
32.957744598388672 27.584314346313477 3
143.22579956054688 -7.012962818145752 4
-5 26.649253845214844 3
87.631576538085938 22.90900993347168 2
-75.348846435546875 -13.558395385742188 2
33 9.8181476593017578 4
145.94595336914062 -24.779132843017578 4
-7.659576416015625 6.0779008865356445 4
88.767120361328125 25.714193344116211 2
-70.909088134765625 -1.4025930166244507 3
36 14.493456840515137 3
151.25 -26.649253845214844 3
-2.8125 34.129737854003906 2
96.315788269042969 40.675159454345703 2
-69.090911865234375 -1.4025930166244507 3
42.352939605712891 62.181453704833984 2
-126.5625 64.051551818847656 1
5.9210524559020996 22.90900993347168 1
99.473686218261719 40.675159454345703 2
-63.5294189453125 78.077003479003906 1
45.714286804199219 35.064800262451172 3
-112.04081726074219 48.155628204345703 2
13.670886039733887 20.103824615478516 2
107.19100952148438 10.753210067749023 4
-60 -12.623332977294922 1
51.75 56.571136474609375 2
-106.74418640136719 53.765968322753906 3
14.361701965332031 -6.0779008865356445 4
108.62068939208984 66.856689453125 2
-55.71429443359375 74.33697509765625 1
54.339622497558594 44.415393829345703 3
-108.5294189453125 62.181453704833984 2
12.115385055541992 45.350452423095703 3
101.09589385986328 25.714193344116211 3
-55.774658203125 -27.584314346313477 4
46.551723480224609 39.740100860595703 2
-103.23529052734375 62.181453704833984 2
15.454545021057129 1.4025930166244507 3
104.21052551269531 22.90900993347168 4
-52.79998779296875 -23.844070434570312 4
47.922077178955078 -21.973947525024414 2
-106.36363220214844 42.545276641845703 2
17.272727966308594 1.4025930166244507 2
106.02739715576172 25.714193344116211 4
-50.7042236328125 -27.584314346313477 4
60 35.064800262451172 2
-94.28570556640625 35.064800262451172 4
20.13157844543457 22.90900993347168 2
109.41176605224609 46.285511016845703 2
-48 -23.844070434570312 4
62.857143402099609 35.064800262451172 2
-85.81396484375 53.765968322753906 6
22.727272033691406 -1.4025930166244507 2
119.03225708007812 35.999858856201172 2
-41.7525634765625 -3.2727160453796387 4
68.478263854980469 50.960800170898438 2
-75.4053955078125 59.376296997070312 2
25.851064682006836 -6.0779008865356445 4
124.28571319580078 54.701026916503906 2
-5.454559326171875 32.259616851806641 2
81.290321350097656 7.012962818145752 2
-74.117645263671875 -46.285511016845703 3
27.765956878662109 -6.0779008865356445 4
128.57142639160156 54.701026916503906 6
1.0975610017776489 17.298641204833984 2
78.113204956054688 44.415393829345703 1
-75.326080322265625 -7.9480252265930176 4
28.799999237060547 -23.844070434570312 2
127.40259552001953 -21.973947525024414 1
1.125 19.168764114379883 2
79.090911865234375 32.259616851806641 3
-73.79998779296875 -47.220569610595703 3
31.973684310913086 22.90900993347168 2
143.18182373046875 73.401947021484375 2
7.5 26.649253845214844 2
77.323944091796875 27.584314346313477 2
-74.226806640625 3.2727160453796387 4
33.428569793701172 61.246402740478516 2
136.32353210449219 -30.389497756958008 2
8.3999996185302734 23.844070434570312 3
88.043479919433594 50.960800170898438 2
-69.456512451171875 -7.9480252265930176 4
38.571430206298828 61.246402740478516 2
142.04818725585938 -16.363580703735352 3
9.230769157409668 21.038887023925781 2
82.857139587402344 35.064800262451172 3
-68.076934814453125 -21.038887023925781 2
37.340427398681641 -6.0779008865356445 2
141.66667175292969 43.480335235595703 2
10.746268272399902 31.324558258056641 2
83.720932006835938 53.765968322753906 4
-67.959197998046875 -48.155628204345703 3
35.555557250976562 -18.23370361328125 1
-155.17240905761719 66.856689453125 2
13.764705657958984 -14.493456840515137 2
90 68.726776123046875 2
-63.4615478515625 -21.038887023925781 2
45.555557250976562 -18.23370361328125 3
-125.45454406738281 63.116500854492188 1
16.463415145874023 17.298641204833984 3
101.88679504394531 44.415393829345703 2
-54.642852783203125 -15.428518295288086 4
52.105262756347656 58.441242218017578 2
-115 43.480335235595703 2
21.600000381469727 0.4675309956073761 2
115.08197021484375 36.934921264648438 2
-52.5 -15.428518295288086 1
56.842105865478516 58.441242218017578 2
-111.35592651367188 38.805038452148438 2
23.399999618530273 0.4675309956073761 2
118.03278350830078 36.934921264648438 3
-53.731353759765625 -31.324558258056641 2
61.578948974609375 58.441242218017578 2
-106.875 34.129737854003906 3
25.200000762939453 23.844070434570312 2
116.66666412353516 68.726776123046875 2
-48.21429443359375 -15.428518295288086 2
64.109588623046875 25.714193344116211 3
-104.39999389648438 23.844070434570312 2
27 0.4675309956073761 4
121.15384674072266 69.661819458007812 2
-52.346923828125 -2.3376541137695312 3
65.454544067382812 63.116500854492188 1
-98.823516845703125 46.285511016845703 2
27.69230842590332 21.038887023925781 1
126.48648834228516 -24.779132843017578 1
-49.615386962890625 -21.038887023925781 2
69.677421569824219 35.999858856201172 3
-95.29412841796875 46.285511016845703 2
29.634145736694336 17.298641204833984 2
127.17391204833984 50.960800170898438 2
-15.697662353515625 13.558395385742188 4
76.875 49.090686798095703 2
-91.76470947265625 46.285511016845703 1
31.898735046386719 -20.103824615478516 2
131.35134887695312 -24.779132843017578 1
-13.20001220703125 23.844070434570312 2
85.443038940429688 20.103824615478516 3
-78.3870849609375 35.999858856201172 4
34.6875 4.2077779769897461 3
134.48275756835938 -12.623332977294922 1
-3.375 19.168764114379883 1
92.769233703613281 33.194679260253906 3
-80 -1.4025930166244507 4
36.5625 4.2077779769897461 2
138.91304016113281 50.960800170898438 2
4.3373494148254395 16.363580703735352 2
95.538459777832031 33.194679260253906 3
-67.5 -22.90900993347168 2
38.4375 4.2077779769897461 4
144 -23.844070434570312 4
8.9010992050170898 8.883087158203125 2
102 37.869979858398438 3
-65.131591796875 -22.90900993347168 4
42.75 19.168764114379883 2
156.97674560546875 53.765968322753906 2
14.142857551574707 28.519374847412109 2
105.55555725097656 18.23370361328125 4
-62.763153076171875 -22.90900993347168 2
46.153846740722656 21.038887023925781 1
-148.84616088867188 69.661819458007812 2
12.558139801025391 13.558395385742188 4
108 37.869979858398438 2
-65.571441650390625 -28.519374847412109 1
47.25 19.168764114379883 7
-123.48837280273438 53.765968322753906 2
14.651163101196289 13.558395385742188 1
111.03896331787109 21.973947525024414 4
-59.31817626953125 -11.688272476196289 1
50.400001525878906 47.220569610595703 6
-112.07546997070312 44.415393829345703 2
16.744186401367188 13.558395385742188 2
116.86566925048828 -31.324558258056641 3
-55.65789794921875 -22.90900993347168 4
57.5 60.311347961425781 2
-103.94366455078125 27.584314346313477 2
19.852941513061523 -30.389497756958008 2
119.55223846435547 -31.324558258056641 1
-51.428558349609375 2.3376541137695312 4
67.5 41.610218048095703 6
-97.97467041015625 20.103824615478516 2
25.051546096801758 -3.2727160453796387 3
127.89473724365234 58.441242218017578 2
-39.5604248046875 -8.883087158203125 4
74.400001525878906 23.844070434570312 4
-84.943817138671875 10.753210067749023 2
23.023256301879883 13.558395385742188 2
132.63157653808594 58.441242218017578 2
-16.3636474609375 21.973947525024414 2
75 21.038887023925781 4
-119.18919372558594 59.376296997070312 6
8.5263156890869141 5.1428399085998535 4
90 52.830913543701172 2
-61.643829345703125 -25.714193344116211 2
40.645160675048828 7.012962818145752 4
-115.5 37.869979858398438 4
12.328766822814941 25.714193344116211 3
101.66666412353516 43.480335235595703 3
-59.178070068359375 -25.714193344116211 4
44.181819915771484 42.545276641845703 3
-113.14285278320312 28.519374847412109 2
13.448275566101074 12.623332977294922 4
104.21052551269531 -5.1428399085998535 2
-57.16217041015625 -24.779132843017578 4
47.755100250244141 48.155628204345703 2
-107.56097412109375 55.636081695556641 1
17.260274887084961 25.714193344116211 2
108.26087188720703 29.454435348510742 4
-54.729736328125 -24.779132843017578 4
50.727272033691406 42.545276641845703 2
-99.729736328125 59.376296997070312 1
20 -9.8181476593017578 1
110.95890045166016 25.714193344116211 4
-47.586212158203125 -12.623332977294922 4
58.965518951416016 39.740100860595703 6
-86.3265380859375 48.155628204345703 1
22.727272033691406 1.4025930166244507 2
113.68421173095703 22.90900993347168 3
-11.7391357421875 7.9480252265930176 2
69.718307495117188 27.584314346313477 1
-82.653076171875 48.155628204345703 1
24.657533645629883 25.714193344116211 2
120 71.531890869140625 2
-6.631591796875 5.1428399085998535 4
72.253524780273438 27.584314346313477 1
-82.24139404296875 39.740100860595703 3
26.363636016845703 1.4025930166244507 4
118.69565582275391 -29.454435348510742 1
-6.428558349609375 15.428518295288086 1
68.275863647460938 39.740100860595703 3
-76.829254150390625 55.636081695556641 1
30 -1.4025930166244507 4
129.74026489257812 -21.973947525024414 1
3.375 19.168764114379883 2
71.162788391113281 53.765968322753906 4
-77.142852783203125 35.064800262451172 3
30 1.4025930166244507 4
128.33332824707031 43.480335235595703 2
5.3731341361999512 31.324558258056641 2
75.348838806152344 53.765968322753906 4
-72.371124267578125 3.2727160453796387 4
33.157894134521484 58.441242218017578 2
131.66667175292969 43.480335235595703 2
3.3333332538604736 43.480335235595703 2
77.142860412597656 48.155628204345703 4
-72.947357177734375 -5.1428399085998535 4
33.333332061767578 -18.23370361328125 4
135 52.830913543701172 2
3 9.8181476593017578 3
79.615386962890625 69.661819458007812 2
-71.566253662109375 -16.363580703735352 2
34.054054260253906 -24.779132843017578 1
138.82978820800781 -6.0779008865356445 7
11.489361763000488 50.025741577148438 2
86.538459777832031 69.661819458007812 2
-66.80413818359375 3.2727160453796387 4
38 -9.8181476593017578 1
146.91175842285156 -30.389497756958008 4
15.319149017333984 50.025741577148438 2
95.454544067382812 32.259616851806641 3
-59.693878173828125 -2.3376541137695312 4
47.777778625488281 -18.23370361328125 3
-142.75862121582031 66.856689453125 2
19.148935317993164 50.025741577148438 2
105.28302001953125 44.415393829345703 2
-58.846160888671875 -21.038887023925781 2
55.263156890869141 40.675159454345703 1
-116.59091186523438 52.830913543701172 2
21.12244987487793 -2.3376541137695312 2
110 68.726776123046875 2
-57.717376708984375 -7.9480252265930176 1
58.421051025390625 40.675159454345703 6
-110.32258605957031 64.986602783203125 1
22.959182739257812 -2.3376541137695312 2
110.90908813476562 -1.4025930166244507 4
-55.7608642578125 -7.9480252265930176 4
60 63.116500854492188 2
-108.40908813476562 52.830913543701172 2
24.795917510986328 -2.3376541137695312 4
108.83721160888672 53.765968322753906 2
-58.554229736328125 -16.363580703735352 3
58.026317596435547 22.90900993347168 2
-102 23.844070434570312 2
26.470588684082031 -14.493456840515137 3
113.02325439453125 53.765968322753906 2
-56.385528564453125 -16.363580703735352 3
66.521736145019531 29.454435348510742 3
-99.152557373046875 38.805038452148438 2
28.125 19.168764114379883 2
116.36363983154297 -1.4025930166244507 3
-48.6734619140625 -2.3376541137695312 3
72.580642700195312 35.999858856201172 3
-96.1016845703125 38.805038452148438 2
30.306121826171875 -2.3376541137695312 4
121.81818389892578 -1.4025930166244507 3
-46.83673095703125 -2.3376541137695312 3
78.387100219726562 64.986602783203125 6
-92.045440673828125 52.830913543701172 6
34.024391174316406 17.298641204833984 1
129.05661010742188 44.415393829345703 2
-11.511627197265625 13.558395385742188 2
84.375 49.090686798095703 2
-84.70587158203125 46.285511016845703 1
34.875 19.168764114379883 2
132.45283508300781 44.415393829345703 2
-2.30767822265625 21.038887023925781 3
90 64.986602783203125 2
-81.176483154296875 46.285511016845703 1
37.058822631835938 -14.493456840515137 3
139.35484313964844 -7.012962818145752 5
4.2857141494750977 35.064800262451172 2
98.181816101074219 63.116500854492188 2
-72.413787841796875 -12.623332977294922 2
39.176471710205078 -14.493456840515137 3
144.44444274902344 -18.23370361328125 4
9.3103446960449219 39.740100860595703 2
102.53164672851562 20.103824615478516 4
-68.142852783203125 -28.519374847412109 1
42.5 60.311347961425781 2
153.24324035644531 59.376296997070312 2
10.465116500854492 53.765968322753906 1
101.57142639160156 28.519374847412109 3
-68.727264404296875 -42.545276641845703 3
43.636363983154297 32.259616851806641 2
-156 65.921646118164062 2
7.7777776718139648 18.23370361328125 2
103.125 49.090686798095703 3
-65.454559326171875 -42.545276641845703 3
45.9375 4.2077779769897461 2
-119.38775634765625 48.155628204345703 2
13.84615421295166 -8.883087158203125 2
109.38461303710938 33.194679260253906 3
-59.31817626953125 52.830913543701172 1
52.682926177978516 17.298641204833984 3
-110.76922607421875 69.661819458007812 2
16.578947067260742 -22.90900993347168 2
112.15384674072266 33.194679260253906 3
-55.227264404296875 -11.688272476196289 4
55.384616851806641 21.038887023925781 1
-101.7391357421875 50.960800170898438 2
19.518072128295898 16.363580703735352 1
121.15384674072266 -21.038887023925781 1
-50.921051025390625 -22.90900993347168 4
67.868850708007812 36.934921264648438 2
-92.142852783203125 15.428518295288086 2
21.315790176391602 -22.90900993347168 1
123.46154022216797 -21.038887023925781 1
-46 -9.8181476593017578 1
71.25 71.531890869140625 3
-109.6875 64.051551818847656 1
10 51.895858764648438 2
100.43478393554688 29.454435348510742 3
-55.862060546875 -12.623332977294922 4
45.584415435791016 -21.973947525024414 2
-104.0625 64.051551818847656 1
15.394737243652344 22.90900993347168 2
103.5616455078125 25.714193344116211 4
-53.23944091796875 -27.584314346313477 4
47 9.8181476593017578 2
-109.45945739746094 59.376296997070312 1
16.799999237060547 -23.844070434570312 2
105.88235473632812 46.285511016845703 2
-51.724151611328125 -12.623332977294922 4
52.758621215820312 39.740100860595703 1
-94.655181884765625 39.740100860595703 2
19.200000762939453 -23.844070434570312 1
108.94736480712891 22.90900993347168 4
-49.655181884765625 -12.623332977294922 4
57 65.921646118164062 2
-90 48.155628204345703 1
22.5 22.90900993347168 2
112.94117736816406 46.285511016845703 2
-42.127655029296875 -6.0779008865356445 4
67.183097839355469 27.584314346313477 3
-76.2244873046875 -2.3376541137695312 4
24.86842155456543 22.90900993347168 1
122.72727203369141 -21.973947525024414 1
-8.52630615234375 5.1428399085998535 2
74.71697998046875 44.415393829345703 2
-74.38775634765625 -2.3376541137695312 3
27.236841201782227 22.90900993347168 2
128.38235473632812 -30.389497756958008 2
0 21.038887023925781 3
76.363639831542969 32.259616851806641 2
-77.419342041015625 7.012962818145752 4
28.181818008422852 -1.4025930166244507 4
123.52941131591797 46.285511016845703 3
0 31.324558258056641 2
74.788734436035156 27.584314346313477 1
-75.306121826171875 48.155628204345703 1
31.875 49.090686798095703 2
142.5 71.531890869140625 2
6 23.844070434570312 1
77.142860412597656 35.064800262451172 3
-76.03448486328125 39.740100860595703 4
32.054794311523438 25.714193344116211 2
135.54217529296875 -16.363580703735352 1
7.6829266548156738 17.298641204833984 3
84.545455932617188 32.259616851806641 3
-69.850738525390625 -31.324558258056641 2
38.21917724609375 25.714193344116211 2
138.9705810546875 -30.389497756958008 2
8.0597019195556641 31.324558258056641 1
82.394363403320312 27.584314346313477 2
-69.67742919921875 7.012962818145752 4
35.454544067382812 -1.4025930166244507 2
141.61764526367188 -30.389497756958008 2
10.125 19.168764114379883 1
83.333335876464844 68.726776123046875 2
-68.6597900390625 3.2727160453796387 4
35.454544067382812 1.4025930166244507 1
144.26470947265625 -30.389497756958008 2
13.670886039733887 -20.103824615478516 1
88.571426391601562 35.064800262451172 3
-63.586944580078125 -7.9480252265930176 3
45 67.791732788085938 2
-127.74192810058594 64.986602783203125 2
16.153846740722656 21.038887023925781 2
101.51162719726562 13.558395385742188 4
-57.600006103515625 0.4675309956073761 4
52.105262756347656 40.675159454345703 1
-120 63.116500854492188 6
21.5625 4.2077779769897461 4
112.80000305175781 23.844070434570312 3
-55.79998779296875 0.4675309956073761 4
56.086956024169922 29.454435348510742 3
-111.66667175292969 43.480335235595703 2
22.978723526000977 50.025741577148438 2
115.19999694824219 23.844070434570312 3
-54 0.4675309956073761 4
60.967742919921875 35.999858856201172 3
-108.30508422851562 38.805038452148438 2
25.200000762939453 0.4675309956073761 2
115.43478393554688 50.960800170898438 4
-52.20001220703125 0.4675309956073761 4
63.870967864990234 35.999858856201172 2
-104.51612854003906 64.986602783203125 1
25.384614944458008 21.038887023925781 2
119.34782409667969 50.960800170898438 2
-53.804351806640625 -7.9480252265930176 4
64.736839294433594 40.675159454345703 2
-99.26470947265625 30.389497756958008 4
27.439023971557617 17.298641204833984 3
123.26087188720703 50.960800170898438 2
-50.51019287109375 -2.3376541137695312 3
69.041099548339844 25.714193344116211 2
-96.617645263671875 30.389497756958008 2
29.62025260925293 -20.103824615478516 2
122.26415252685547 44.415393829345703 4
-24 79.94696044921875 2
76.363639831542969 63.116500854492188 6
-93.9705810546875 30.389497756958008 3
31.829267501831055 17.298641204833984 2
131.08695983886719 50.960800170898438 2
-13.604644775390625 13.558395385742188 2
85.263160705566406 58.441242218017578 2
-88.23529052734375 46.285511016845703 1
34.615383148193359 21.038887023925781 2
134.38356018066406 -25.714193344116211 1
-4.615386962890625 57.506191253662109 1
91.285713195800781 28.519374847412109 3
-81.25 26.649253845214844 1
36.219512939453125 17.298641204833984 2
138.75 -26.649253845214844 1
1.4285714626312256 35.064800262451172 2
94.736839294433594 58.441242218017578 2
-67.5 -41.610218048095703 2
38.414634704589844 17.298641204833984 2
142.22222900390625 -18.23370361328125 2
8.3720932006835938 13.558395385742188 1
100.25316619873047 20.103824615478516 4
-65.454559326171875 -11.688272476196289 4
40.3125 4.2077779769897461 2
147.27272033691406 -42.545276641845703 2
12.857142448425293 48.155628204345703 2
105 37.869979858398438 2
-63.191497802734375 -6.0779008865356445 3
46.097560882568359 17.298641204833984 1
-162 65.921646118164062 2
11.25 64.051551818847656 2
107.41935729980469 64.986602783203125 2
-67.5 52.830913543701172 1
46.799999237060547 47.220569610595703 2
-135 62.181453704833984 1
13.01204776763916 16.363580703735352 1
111 37.869979858398438 3
-59.3616943359375 -6.0779008865356445 4
49.5 19.168764114379883 7
-114.28572082519531 35.064800262451172 3
15.180723190307617 16.363580703735352 1
116.53845977783203 -21.038887023925781 2
-56.597930908203125 -3.2727160453796387 3
55.714286804199219 74.33697509765625 3
-104.59458923339844 24.779132843017578 2
18.837209701538086 13.558395385742188 2
119.42308044433594 45.350452423095703 2
-52.584259033203125 -10.753210067749023 4
64.91802978515625 36.934921264648438 4
-98.18182373046875 32.259616851806641 2
22.5 -30.389497756958008 2
127.5 37.869979858398438 2
-45 -17.298641204833984 4
73.880599975585938 31.324558258056641 3
-85.573760986328125 36.934921264648438 4
22.74725341796875 8.883087158203125 3
126.42857360839844 -15.428518295288086 2
-37.582427978515625 -8.883087158203125 1
74.25 19.168764114379883 2
-82.622955322265625 36.934921264648438 2
23.04878044128418 -17.298641204833984 2
121.875 49.090686798095703 2
-40.6097412109375 -17.298641204833984 4
75.176467895507812 14.493456840515137 4
-79.20001220703125 47.220569610595703 1
25.243902206420898 -17.298641204833984 4
130.29850769042969 -31.324558258056641 2
-11.688323974609375 21.973947525024414 1
76.7213134765625 36.934921264648438 3
-85 77.142013549804688 2
25.851064682006836 6.0779008865356445 2
130.38461303710938 -21.038887023925781 1
-9.35064697265625 21.973947525024414 1
81 19.168764114379883 3
-76.76470947265625 62.181453704833984 2
27.765956878662109 6.0779008865356445 2
135.67164611816406 -31.324558258056641 2
-7.01300048828125 21.973947525024414 2
82.622947692871094 36.934921264648438 6
-69.23077392578125 81.816841125488281 2
31.829267501831055 -17.298641204833984 2
140.21052551269531 -5.1428399085998535 4
-2.53521728515625 27.584314346313477 1
90 31.324558258056641 3
-62.4705810546875 -14.493456840515137 4
34.615383148193359 45.350452423095703 2
146.7391357421875 -7.9480252265930176 3
11.25 11.688272476196289 1
96.75 19.168764114379883 4
-60 -7.012962818145752 3
37.674419403076172 13.558395385742188 4
177.09677124023438 64.986602783203125 2
13.695652008056641 7.9480252265930176 4
99 19.168764114379883 4
-62.658233642578125 -20.103824615478516 2
38.571430206298828 8.883087158203125 4
-158.18182373046875 63.116500854492188 2
15.340909004211426 11.688272476196289 3
98.076919555664062 21.038887023925781 4
-60.3797607421875 -20.103824615478516 2
42 51.895858764648438 2
-122.72727966308594 73.401947021484375 1
17.586206436157227 -12.623332977294922 1
100.38461303710938 21.038887023925781 4
-64.528289794921875 44.415393829345703 2
42.527473449707031 8.883087158203125 4
-115.71427917480469 67.791732788085938 2
18.75 -4.2077779769897461 1
104.0625 64.051551818847656 2
-55.822784423828125 -20.103824615478516 3
49.8795166015625 16.363580703735352 3
-110.32258605957031 35.999858856201172 2
20.25 -19.168764114379883 1
105.75 56.571136474609375 2
-58.125 4.2077779769897461 4
46.666667938232422 18.23370361328125 1
-105 21.038887023925781 2
17.79069709777832 -13.558395385742188 1
108.80596923828125 31.324558258056641 4
-56.84210205078125 76.207008361816406 1
48.857143402099609 61.246402740478516 2
-104.21052551269531 40.675159454345703 3
20.322580337524414 64.986602783203125 1
113.87754821777344 2.3376541137695312 3
-46.45159912109375 -7.012962818145752 4
52.258064270019531 35.999858856201172 2
-101.05264282226562 40.675159454345703 2
24.193548202514648 -7.012962818145752 4
117 65.921646118164062 6
-12.70587158203125 14.493456840515137 2
70.714286804199219 28.519374847412109 1
-96.521728515625 29.454435348510742 4
29.659090042114258 11.688272476196289 2
123.75 56.571136474609375 2
-7.397247314453125 25.714193344116211 2
76.829269409179688 55.636081695556641 2
-84 79.94696044921875 2
31.704545974731445 11.688272476196289 4
129 65.921646118164062 2
-4.9315185546875 25.714193344116211 3
78 37.869979858398438 6
-78.131866455078125 8.883087158203125 3
33.75 -19.168764114379883 4
128.57142639160156 41.610218048095703 2
-1.384613037109375 33.194679260253906 1
78.923080444335938 33.194679260253906 3
-76.875 49.090686798095703 1
35.217391967773438 7.9480252265930176 4
137.21311950683594 36.934921264648438 4
-4.23529052734375 14.493456840515137 4
81.346153259277344 45.350452423095703 3
-73.186798095703125 8.883087158203125 4
35.625 -4.2077779769897461 4
140.1639404296875 36.934921264648438 3
-1.304351806640625 29.454435348510742 1
84.857139587402344 61.246402740478516 2
-71.5384521484375 57.506191253662109 2
37.5 26.649253845214844 2
141.42857360839844 -28.519374847412109 2
5.8441557884216309 21.973947525024414 3
94.675323486328125 21.973947525024414 4
-69.06976318359375 -53.765968322753906 1
39.375 -4.2077779769897461 3
146.25 -41.610218048095703 2
8.1818180084228516 21.973947525024414 3
102.16216278076172 24.779132843017578 3
-66.1224365234375 2.3376541137695312 4
49.655174255371094 66.856689453125 2
171.5625 64.051551818847656 2
11.739130020141602 50.960800170898438 2
105 -4.2077779769897461 2
-64.28570556640625 2.3376541137695312 4
50.357143402099609 15.428518295288086 3
-156.17646789550781 62.181453704833984 2
13.5 56.571136474609375 1
111.29032135009766 -7.012962818145752 4
-61.276580810546875 6.0779008865356445 3
59.491523742675781 38.805038452148438 6
-120 60.311347961425781 5
19.565217971801758 50.960800170898438 1
117.81818389892578 42.545276641845703 2
-56.70001220703125 -0.4675309956073761 4
59.318180084228516 52.830913543701172 4
-108 56.571136474609375 1
22.835821151733398 -31.324558258056641 2
124.17721557617188 -20.103824615478516 1
-45.47369384765625 -5.1428399085998535 2
67.5 34.129737854003906 3
-104.39999389648438 47.220569610595703 2
23.399999618530273 -0.4675309956073761 2
125.1219482421875 55.636081695556641 2
-52.75860595703125 66.856689453125 2
68.644065856933594 38.805038452148438 3
-98.888885498046875 18.23370361328125 2
24.93975830078125 -16.363580703735352 2
129.51219177246094 55.636081695556641 2
-45.4945068359375 -8.883087158203125 4
71.694915771484375 38.805038452148438 3
-94.426239013671875 36.934921264648438 4
27 -0.4675309956073761 4
142.03125 -34.129737854003906 2
-8.674713134765625 16.363580703735352 1
86.470588684082031 46.285511016845703 2
-77.419342041015625 -7.012962818145752 2
30.315790176391602 -5.1428399085998535 2
151.19999694824219 70.596855163574219 3
-3.9560546875 8.883087158203125 4
90 46.285511016845703 2
-68.9361572265625 50.025741577148438 1
35.217391967773438 -7.9480252265930176 4
160.71427917480469 67.791732788085938 2
6.2068967819213867 12.623332977294922 2
96.923080444335938 57.506191253662109 2
-66.666656494140625 -43.480335235595703 3
33.896102905273438 -21.973947525024414 2
-121.62162780761719 59.376296997070312 6
8.2758617401123047 12.623332977294922 1
97.058822631835938 46.285511016845703 2
-36.593414306640625 -8.883087158203125 4
75 71.531890869140625 2
-70.645172119140625 -7.012962818145752 4
29.69072151184082 -3.2727160453796387 4
140 51.895858764648438 2
-11.408447265625 27.584314346313477 2
78.75 26.649253845214844 2
-69.882354736328125 -14.493456840515137 2
32.142856597900391 2.3376541137695312 2
143.54429626464844 -20.103824615478516 1
-8.888885498046875 18.23370361328125 1
81.25 26.649253845214844 2
-69.375 -4.2077779769897461 3
33.402061462402344 -3.2727160453796387 4
167.88461303710938 -45.350452423095703 2
-6.338043212890625 27.584314346313477 2
85.199996948242188 23.844070434570312 3
-67.5 -4.2077779769897461 3
35.257732391357422 -3.2727160453796387 4
162.58064270019531 64.986602783203125 2
1.4516129493713379 35.999858856201172 2
88.656715393066406 31.324558258056641 3
-56.3636474609375 1.4025930166244507 4
37.653060913085938 2.3376541137695312 2
-144.64285278320312 67.791732788085938 2
11.911765098571777 30.389497756958008 2
100.58823394775391 30.389497756958008 3
-50.625 64.051551818847656 1
46.216217041015625 59.376296997070312 2
-116.05262756347656 58.441242218017578 3
17.746479034423828 -27.584314346313477 2
103.72881317138672 38.805038452148438 2
-50.2325439453125 -13.558395385742188 4
46.184211730957031 -22.90900993347168 3
-120.48387145996094 35.999858856201172 2
17.386363983154297 -11.688272476196289 3
105.46875 34.129737854003906 3
-57.096771240234375 -7.012962818145752 4
44.457832336425781 16.363580703735352 3
-107.26026916503906 25.714193344116211 2
22.5 30.389497756958008 2
109.83050537109375 38.805038452148438 6
-55.058837890625 -14.493456840515137 4
48.292682647705078 -17.298641204833984 3
-110.86956787109375 29.454435348510742 2
22.191780090332031 -25.714193344116211 1
111.17646789550781 30.389497756958008 4
-52.941162109375 -14.493456840515137 4
51.923076629638672 45.350452423095703 4
-102.32876586914062 25.714193344116211 2
23.522727966308594 -11.688272476196289 3
113.90625 34.129737854003906 2
-51.290313720703125 -7.012962818145752 4
55.384616851806641 45.350452423095703 4
-96.428558349609375 67.791732788085938 1
22.758621215820312 -12.623332977294922 1
116.71875 34.129737854003906 2
-52.405059814453125 -20.103824615478516 1
56 51.895858764648438 2
-97.397247314453125 25.714193344116211 2
23.625 -19.168764114379883 1
118.125 64.051551818847656 6
-32.142852783203125 80.881912231445312 1
62.307693481445312 45.350452423095703 3
-93.75 49.090686798095703 1
26.470588684082031 46.285511016845703 2
123.75 64.051551818847656 4
-12 9.8181476593017578 2
70.5 37.869979858398438 3
-81.346160888671875 45.350452423095703 1
28.965517044067383 -12.623332977294922 4
129.375 64.051551818847656 6
5.0704226493835449 27.584314346313477 2
90 59.376296997070312 2
-78.06121826171875 2.3376541137695312 4
35.393257141113281 -10.753210067749023 2
139.56521606445312 -29.454435348510742 1
0 41.610218048095703 3
93.103446960449219 39.740100860595703 2
-74.423065185546875 45.350452423095703 2
36.61016845703125 38.805038452148438 3
140.625 64.051551818847656 2
7.3770489692687988 36.934921264648438 2
90 75.271995544433594 2
-73.723419189453125 6.0779008865356445 4
37.6119384765625 31.324558258056641 3
144.78260803222656 -29.454435348510742 2
12.676055908203125 27.584314346313477 1
93.648651123046875 24.779132843017578 3
-72.551025390625 2.3376541137695312 4
37.5 15.428518295288086 3
147.39131164550781 -29.454435348510742 4
13.54838752746582 7.012962818145752 4
96.081077575683594 24.779132843017578 4
-70.71429443359375 2.3376541137695312 4
39.310344696044922 -12.623332977294922 3
161.4705810546875 62.181453704833984 2
12.315789222717285 -5.1428399085998535 1
98.513511657714844 24.779132843017578 4
-66.774200439453125 -35.999858856201172 1
45.671642303466797 31.324558258056641 3
-137.5 60.311347961425781 1
13.5 -0.4675309956073761 4
100.97560882568359 55.636081695556641 2
-64.615386962890625 57.506191253662109 1
51.864406585693359 38.805038452148438 4
-123.75 56.571136474609375 1
18.586956024169922 -7.9480252265930176 1
109.63636016845703 42.545276641845703 2
-61.20001220703125 -0.4675309956073761 3
57.692306518554688 57.506191253662109 2
-117 47.220569610595703 2
18 -5.1428399085998535 1
112.90908813476562 42.545276641845703 2
-56.76922607421875 -33.194679260253906 4
62.307693481445312 57.506191253662109 2
-107.70492553710938 36.934921264648438 2
22.5 -7.9480252265930176 4
120.75949096679688 -20.103824615478516 1
-51.428558349609375 -21.973947525024414 2
68.571426391601562 54.701026916503906 4
-99.642852783203125 41.610218048095703 2
24.456521987915039 -7.9480252265930176 4
128.57142639160156 48.155628204345703 2
-14.482757568359375 12.623332977294922 2
75 43.480335235595703 3
-86.17022705078125 50.025741577148438 1
27.096775054931641 7.012962818145752 2
137.72727966308594 -32.259616851806641 2
-33.75 79.011993408203125 1
77.586204528808594 66.856689453125 2
-84.8863525390625 11.688272476196289 3
28.369565963745117 -7.9480252265930176 4
137.8125 -34.129737854003906 2
-31.5 75.271995544433594 1
81.176467895507812 46.285511016845703 2
-78.510650634765625 50.025741577148438 6
30.967741012573242 7.012962818145752 2
143.4375 -4.2077779769897461 5
-8.275848388671875 12.623332977294922 1
90 29.454435348510742 3
-74.68084716796875 50.025741577148438 1
36.185565948486328 3.2727160453796387 2
151.64382934570312 -25.714193344116211 2
1.6363636255264282 42.545276641845703 2
93.698631286621094 25.714193344116211 4
-69.041107177734375 -25.714193344116211 2
38.041236877441406 3.2727160453796387 2
-129.51219177246094 55.636081695556641 2
7.8260869979858398 29.454435348510742 1
98.571426391601562 74.33697509765625 2
-65.368408203125 5.1428399085998535 4
45 50.960800170898438 2
-116.18182373046875 42.545276641845703 3
8.6538457870483398 45.350452423095703 4
99.230766296386719 57.506191253662109 2
-59.016387939453125 -36.934921264648438 4
43.448276519775391 39.740100860595703 2
-71.6129150390625 -7.012962818145752 4
30 37.869979858398438 2
141.81817626953125 63.116500854492188 2
0 15.428518295288086 2
80.1219482421875 17.298641204833984 3
-66.09375 -34.129737854003906 1
34.714286804199219 28.519374847412109 2
161.05262756347656 58.441242218017578 2
3.9130434989929199 7.9480252265930176 3
82.5 60.311347961425781 2
-67.741943359375 -7.012962818145752 4
36 37.869979858398438 2
-160.71427917480469 67.791732788085938 1
5.2941174507141113 30.389497756958008 1
93.75 71.531890869140625 2
-63.586944580078125 7.9480252265930176 3
39 37.869979858398438 3
-127.89472961425781 58.441242218017578 1
7.8260869979858398 7.9480252265930176 4
96.101692199707031 38.805038452148438 3
-57.65625 -34.129737854003906 4
42 37.869979858398438 2
-114 51.895858764648438 2
15.810811042785645 -24.779132843017578 1
100.97560882568359 17.298641204833984 4
-53.052642822265625 5.1428399085998535 4
45.692306518554688 33.194679260253906 3
-105.23077392578125 33.194679260253906 2
20 68.726776123046875 2
107.23403930664062 50.025741577148438 2
-42.22222900390625 -18.23370361328125 4
51.081081390380859 24.779132843017578 3
-105.39472961425781 22.90900993347168 4
20.769229888916016 -33.194679260253906 2
107.5 60.311347961425781 2
-42.413787841796875 -12.623332977294922 3
51.230770111083984 33.194679260253906 3
-103.02630615234375 22.90900993347168 2
22.736841201782227 5.1428399085998535 3
110.69999694824219 -0.4675309956073761 3
-20 77.142013549804688 2
55.285713195800781 28.519374847412109 3
-100.38461303710938 45.350452423095703 2
24.63157844543457 5.1428399085998535 3
114.12371063232422 -3.2727160453796387 7
-46.3636474609375 -1.4025930166244507 3
57.857143402099609 28.519374847412109 3
-98.18182373046875 73.401947021484375 2
25 -26.649253845214844 2
115.71428680419922 -28.519374847412109 1
-6.2069091796875 39.740100860595703 3
70 68.726776123046875 2
-94.736846923828125 58.441242218017578 6
25.890411376953125 -25.714193344116211 2
118.28571319580078 -28.519374847412109 2
-15 65.921646118164062 1
63 37.869979858398438 6
-88.615386962890625 33.194679260253906 4
26.590909957885742 -11.688272476196289 4
121.76470947265625 62.181453704833984 6
-38.571441650390625 80.881912231445312 1
66 37.869979858398438 2
-82 51.895858764648438 6
25.862068176269531 -12.623332977294922 4
127.05882263183594 62.181453704833984 6
-1.83673095703125 48.155628204345703 3
77.142860412597656 8.883087158203125 4
-76.5 -0.4675309956073761 4
29.032258987426758 64.986602783203125 6
132.80487060546875 -17.298641204833984 1
7.4117646217346191 14.493456840515137 1
90 48.155628204345703 3
-71.20880126953125 -8.883087158203125 4
39.310344696044922 12.623332977294922 4
140.80645751953125 -35.999858856201172 1
10 9.8181476593017578 2
95.714286804199219 35.064800262451172 3
-69.23077392578125 -8.883087158203125 4
40.588233947753906 46.285511016845703 2
145.38461303710938 -33.194679260253906 2
12 9.8181476593017578 2
97.346939086914062 48.155628204345703 3
-69.75 19.168764114379883 3
39.789474487304688 5.1428399085998535 2
148.15383911132812 -33.194679260253906 3
14.464285850524902 41.610218048095703 2
98.873237609863281 27.584314346313477 3
-69.29998779296875 -0.4675309956073761 3
41.684211730957031 5.1428399085998535 2
153.5294189453125 62.181453704833984 2
16 9.8181476593017578 4
98.181816101074219 42.545276641845703 2
-67.5 -0.4675309956073761 3
45 54.701026916503906 2
-120.98361206054688 36.934921264648438 2
18 9.8181476593017578 2
103.94366455078125 27.584314346313477 3
-66.4615478515625 -33.194679260253906 1
46.153846740722656 57.506191253662109 2
-114.10714721679688 41.610218048095703 2
20.117647171020508 14.493456840515137 4
111.81818389892578 1.4025930166244507 3
-63.69232177734375 -33.194679260253906 2
50.338981628417969 38.805038452148438 2
-110.89285278320312 41.610218048095703 2
22 9.8181476593017578 2
113.63636016845703 1.4025930166244507 3
-57.272735595703125 -21.973947525024414 3
73.043479919433594 29.454435348510742 3
-99.402984619140625 31.324558258056641 4
24.084506988525391 27.584314346313477 2
115.71428680419922 35.064800262451172 3
-52.941162109375 -30.389497756958008 4
65.294120788574219 46.285511016845703 2
-92.168670654296875 16.363580703735352 4
25.979381561279297 3.2727160453796387 4
121.36363983154297 -32.259616851806641 1
-43.043487548828125 -7.9480252265930176 2
78.260871887207031 29.454435348510742 2
-90 16.363580703735352 3
28.588235855102539 14.493456840515137 1
132.906982421875 -13.558395385742188 1
-15.517242431640625 12.623332977294922 2
78.214286804199219 15.428518295288086 4
-77.272735595703125 1.4025930166244507 4
31.690141677856445 27.584314346313477 2
141.08108520507812 59.376296997070312 2
-6.25 26.649253845214844 3
85.068496704101562 25.714193344116211 2
-79.322021484375 38.805038452148438 2
31.546392440795898 3.2727160453796387 1
144.19354248046875 -7.012962818145752 2
-11.379302978515625 12.623332977294922 2
86.086959838867188 29.454435348510742 3
-72.6136474609375 11.688272476196289 1
34 9.8181476593017578 4
146.1290283203125 -7.012962818145752 3
-7.912078857421875 8.883087158203125 4
88.695655822753906 29.454435348510742 3
-70.105255126953125 5.1428399085998535 4
37.058822631835938 14.493456840515137 3
-150 68.726776123046875 1
2.0689654350280762 12.623332977294922 2
97.258064270019531 35.999858856201172 3
-68.18182373046875 -1.4025930166244507 3
44.285713195800781 35.064800262451172 3
-121.76470947265625 62.181453704833984 6
10.909090995788574 -1.4025930166244507 3
101.05263519287109 40.675159454345703 6
-62.1126708984375 -27.584314346313477 2
47.142856597900391 35.064800262451172 2
-110.20408630371094 48.155628204345703 2
15.55555534362793 18.23370361328125 1
113.14286041259766 28.519374847412109 4
-59.57745361328125 -27.584314346313477 3
46.588233947753906 14.493456840515137 2
-104.28572082519531 35.064800262451172 3
17.088607788085938 20.103824615478516 2
114.30000305175781 0.4675309956073761 3
-82.79998779296875 47.220569610595703 1
22.021276473999023 6.0779008865356445 2
120.30612182617188 -2.3376541137695312 3
-44 -9.8181476593017578 2
73.770492553710938 36.934921264648438 3
-79.672119140625 36.934921264648438 4
23.93617057800293 6.0779008865356445 2
128.07691955566406 -21.038887023925781 1
-12.531646728515625 20.103824615478516 3
72 47.220569610595703 2
-85.71429443359375 15.428518295288086 4
25.714284896850586 -8.883087158203125 4
129.375 49.090686798095703 3
-10.253173828125 20.103824615478516 1
79.672134399414062 36.934921264648438 3
-77.399993896484375 0.4675309956073761 2
27.69230842590332 -8.883087158203125 1
135 -15.428518295288086 1
-7.97467041015625 20.103824615478516 1
81.818183898925781 73.401947021484375 2
-69.493682861328125 -20.103824615478516 2
29.680850982666016 6.0779008865356445 2
139.65516662597656 66.856689453125 2
-3.333343505859375 18.23370361328125 1
88.800003051757812 23.844070434570312 7
-64.6875 -4.2077779769897461 3
34.615383148193359 8.883087158203125 4
145.86207580566406 66.856689453125 2
10.714285850524902 15.428518295288086 1
93.461540222167969 21.038887023925781 3
-60.352935791015625 -14.493456840515137 4
37.317073822021484 55.636081695556641 2
174.54545593261719 63.116500854492188 2
13.448275566101074 -12.623332977294922 2
96.428573608398438 41.610218048095703 2
-65.625 4.2077779769897461 4
38 51.895858764648438 2
-162.58064270019531 64.986602783203125 2
15 15.428518295288086 2
98.059700012207031 31.324558258056641 3
-62.60870361328125 50.960800170898438 1
41.860466003417969 13.558395385742188 2
-136.28572082519531 61.246402740478516 1
17.386363983154297 11.688272476196289 3
98.4375 64.051551818847656 2
-65.357147216796875 -15.428518295288086 4
42.222221374511719 18.23370361328125 2
-128.57142639160156 54.701026916503906 1
18 -19.168764114379883 3
103.43283843994141 31.324558258056641 3
-60 4.2077779769897461 4
44.5054931640625 8.883087158203125 2
-110.52632141113281 40.675159454345703 2
18.387096405029297 -7.012962818145752 1
105 21.038887023925781 4
-58.7755126953125 48.155628204345703 2
46.483516693115234 8.883087158203125 2
-107.36842346191406 40.675159454345703 2
17.191011428833008 10.753210067749023 3
108 47.220569610595703 2
-58.928558349609375 -15.428518295288086 4
48.461540222167969 8.883087158203125 2
-104.51612854003906 35.999858856201172 3
20 43.480335235595703 2
111.59999847412109 47.220569610595703 2
-47.368408203125 76.207008361816406 1
51.265823364257812 20.103824615478516 1
-101.6129150390625 35.999858856201172 2
23.571428298950195 54.701026916503906 2
116.25 -26.649253845214844 2
-15.3658447265625 17.298641204833984 2
70.615386962890625 33.194679260253906 3
-97.894744873046875 40.675159454345703 2
29.34782600402832 7.9480252265930176 4
123 65.921646118164062 6
-9 9.8181476593017578 4
75 37.869979858398438 3
-84.375 49.090686798095703 1
31.5 -19.168764114379883 2
128.25 56.571136474609375 2
-7 9.8181476593017578 4
76.153846740722656 33.194679260253906 3
-78.865966796875 -3.2727160453796387 2
33.260868072509766 7.9480252265930176 4
127.19999694824219 -23.844070434570312 1
-2.46575927734375 25.714193344116211 1
78.428573608398438 28.519374847412109 2
-77.01031494140625 -3.2727160453796387 4
33.75 -4.2077779769897461 4
136.28572082519531 -28.519374847412109 2
-6.585357666015625 17.298641204833984 1
81 28.519374847412109 2
-74.831451416015625 -10.753210067749023 4
34.772727966308594 52.830913543701172 2
138.85714721679688 -28.519374847412109 1
-2 51.895858764648438 2
84.807693481445312 45.350452423095703 2
-72.808990478515625 -10.753210067749023 3
37.5 -4.2077779769897461 3
139.5 75.271995544433594 2
4.8648648262023926 24.779132843017578 1
90 61.246402740478516 2
-69.23077392578125 8.883087158203125 4
38.36065673828125 36.934921264648438 3
145.65789794921875 -22.90900993347168 2
7.8260869979858398 50.960800170898438 2
97.012985229492188 21.973947525024414 4
-67.25274658203125 8.883087158203125 4
48.214286804199219 15.428518295288086 3
165 65.921646118164062 2
11.020408630371094 2.3376541137695312 2
104.59459686279297 24.779132843017578 4
-65.217376708984375 -29.454435348510742 1
49.787235260009766 50.025741577148438 3
-160.3125 64.051551818847656 2
12.857142448425293 21.973947525024414 2
108 70.596855163574219 2
-61.875 79.011993408203125 1
55.227272033691406 52.830913543701172 2
-125.21739196777344 50.960800170898438 2
18.679244995117188 44.415393829345703 2
116.61972045898438 27.584314346313477 4
-58.170745849609375 -17.298641204833984 3
57.761192321777344 31.324558258056641 3
-108 47.220569610595703 2
22.736841201782227 -5.1428399085998535 2
122.40000152587891 70.596855163574219 2
-47.922088623046875 -21.973947525024414 4
65.593223571777344 38.805038452148438 2
-109.09091186523438 32.259616851806641 4
22.771083831787109 -16.363580703735352 1
124.36363983154297 42.545276641845703 2
-53.100006103515625 -0.4675309956073761 4
67.5 52.830913543701172 4
-99 56.571136474609375 6
24.545454025268555 -21.973947525024414 1
128.73417663574219 -20.103824615478516 1
-46.551727294921875 66.856689453125 1
71.590911865234375 52.830913543701172 4
-94.5 56.571136474609375 6
26.88311767578125 -21.973947525024414 2
140.72727966308594 42.545276641845703 2
-13.295440673828125 11.688272476196289 2
78.088233947753906 30.389497756958008 4
-79.6875 -4.2077779769897461 2
29.277109146118164 -16.363580703735352 2
147.27272033691406 -32.259616851806641 2
-5.17242431640625 12.623332977294922 2
90 43.480335235595703 3
-70 -43.480335235595703 3
32.210525512695312 -5.1428399085998535 4
158.39999389648438 70.596855163574219 3
6.1643834114074707 25.714193344116211 2
96.521736145019531 29.454435348510742 3
-69.75 56.571136474609375 1
33.614456176757812 -16.363580703735352 2
-122.92683410644531 55.636081695556641 1
8 51.895858764648438 2
96.666664123535156 43.480335235595703 2
-57.042266845703125 -27.584314346313477 4
44.415584564208984 -21.973947525024414 2
-102.41378784179688 39.740100860595703 2
15.576923370361328 45.350452423095703 2
110.52631378173828 40.675159454345703 2
-48.82977294921875 -6.0779008865356445 4
48.103446960449219 39.740100860595703 3
-99.310333251953125 39.740100860595703 2
19.038461685180664 45.350452423095703 2
110.76923370361328 57.506191253662109 2
-51.971832275390625 -27.584314346313477 4
51.206897735595703 39.740100860595703 2
-95.625 64.051551818847656 1
21.06382942199707 -6.0779008865356445 4
115.38461303710938 57.506191253662109 2
-48.888885498046875 -18.23370361328125 4
61.428569793701172 35.064800262451172 2
-90 68.726776123046875 1
22.978723526000977 -6.0779008865356445 2
117.85713958740234 54.701026916503906 2
-43.085113525390625 -6.0779008865356445 4
69.545455932617188 32.259616851806641 3
-76.304351806640625 50.960800170898438 1
27.391304016113281 -29.454435348510742 3
124.61538696289062 57.506191253662109 2
-10.11236572265625 10.753210067749023 4
80.322578430175781 7.012962818145752 4
-72.899993896484375 0.4675309956073761 3
30.759492874145508 20.103824615478516 2
127.95180511474609 -16.363580703735352 1
0 23.844070434570312 2
90 36.934921264648438 3
-72.352935791015625 -46.285511016845703 2
28.723403930664062 -6.0779008865356445 4
130.71427917480469 54.701026916503906 2
2.1951220035552979 17.298641204833984 1
78.260871887207031 50.960800170898438 2
-73.01885986328125 44.415393829345703 1
30.789474487304688 22.90900993347168 2
135 54.701026916503906 2
10.112360000610352 10.753210067749023 1
95.400001525878906 47.220569610595703 2
-73.469390869140625 48.155628204345703 1
33.157894134521484 22.90900993347168 3
150.44775390625 -31.324558258056641 4
10.909090995788574 63.116500854492188 2
90 65.921646118164062 2
-70.434783935546875 -7.9480252265930176 4
34.799999237060547 -23.844070434570312 4
142.41758728027344 -8.883087158203125 4
13.125 4.2077779769897461 2
100.10204315185547 2.3376541137695312 3
-68.571441650390625 -35.064800262451172 1
39.452053070068359 25.714193344116211 2
148.35165405273438 -8.883087158203125 3
12 23.844070434570312 1
93.396224975585938 44.415393829345703 2
-66.923065185546875 -21.038887023925781 2
36.363636016845703 -1.4025930166244507 2
-136.45161437988281 64.986602783203125 1
13.170731544494629 17.298641204833984 1
91.363639831542969 32.259616851806641 3
-63.13433837890625 -31.324558258056641 3
44.444442749023438 -18.23370361328125 4
-126.81817626953125 52.830913543701172 2
16.530612945556641 -2.3376541137695312 1
100.46511840820312 13.558395385742188 4
-60.44775390625 -31.324558258056641 4
49.736843109130859 58.441242218017578 2
-115.93220520019531 38.805038452148438 4
20.700000762939453 0.4675309956073761 2
115.52238464355469 31.324558258056641 3
-45.569610595703125 -20.103824615478516 4
56.612903594970703 35.999858856201172 4
-111.17646789550781 46.285511016845703 2
24.179103851318359 31.324558258056641 2
118.20895385742188 31.324558258056641 2
-45 -4.2077779769897461 4
60.410957336425781 25.714193344116211 2
-105.88235473632812 30.389497756958008 2
26.25 26.649253845214844 1
120.40540313720703 -24.779132843017578 1
-52.3880615234375 -31.324558258056641 4
63.947368621826172 58.441242218017578 2
-105.46875 34.129737854003906 2
28.314607620239258 10.753210067749023 2
120 68.726776123046875 2
-47.142852783203125 -15.428518295288086 4
68.400001525878906 70.596855163574219 3
-100.58822631835938 30.389497756958008 4
27.899999618530273 0.4675309956073761 4
124.61538696289062 69.661819458007812 2
-39.375 -4.2077779769897461 4
73.421051025390625 58.441242218017578 2
-95.454559326171875 63.116500854492188 1
28.846153259277344 21.038887023925781 2
127.70270538330078 -24.779132843017578 1
-10.384613037109375 21.038887023925781 1
75 49.090686798095703 2
-82.741943359375 35.999858856201172 4
31.875 4.2077779769897461 2
132.5 -26.649253845214844 2
-14.399993896484375 23.844070434570312 2
79.090911865234375 63.116500854492188 2
-75.483856201171875 64.986602783203125 1
35.357143402099609 41.610218048095703 2
135 -26.649253845214844 1
1.0843373537063599 16.363580703735352 1
94.556961059570312 20.103824615478516 4
-72.321441650390625 -41.610218048095703 2
39.767440795898438 -13.558395385742188 3
138.88888549804688 -18.23370361328125 4
3.6734693050384521 48.155628204345703 2
96.835441589355469 20.103824615478516 4
-68.6842041015625 -22.90900993347168 2
40.384616851806641 21.038887023925781 2
142.82608032226562 50.960800170898438 2
10.285714149475098 28.519374847412109 2
102.22222137451172 18.23370361328125 4
-65.892852783203125 -41.610218048095703 3
42.804878234863281 17.298641204833984 2
153 -28.519374847412109 3
12.857142448425293 28.519374847412109 2
103.84615325927734 45.350452423095703 2
-59 -9.8181476593017578 4
49.200000762939453 23.844070434570312 1
-146.25 64.051551818847656 2
16.701030731201172 -3.2727160453796387 1
107.38636016845703 11.688272476196289 4
-61.578948974609375 -22.90900993347168 2
49.764705657958984 -14.493456840515137 4
-125.58139038085938 53.765968322753906 2
14.0625 64.051551818847656 1
110.76923370361328 45.350452423095703 2
-59.381439208984375 -3.2727160453796387 3
49.615383148193359 21.038887023925781 1
-113.77359008789062 44.415393829345703 2
15.882352828979492 78.077003479003906 2
116.05263519287109 58.441242218017578 2
-55.61798095703125 -10.753210067749023 4
56.400001525878906 23.844070434570312 2
-102.85714721679688 21.973947525024414 2
22.268041610717773 -3.2727160453796387 2
121.93548583984375 64.986602783203125 6
-51 -9.8181476593017578 4
68.75 26.649253845214844 1
-91.79998779296875 47.220569610595703 2
24.795917510986328 2.3376541137695312 4
127.74193572998047 64.986602783203125 2
-36.947357177734375 -5.1428399085998535 2
73.199996948242188 23.844070434570312 2
-87.0491943359375 36.934921264648438 4
29.302326202392578 53.765968322753906 2
136.7088623046875 -20.103824615478516 2
-38.571441650390625 -8.883087158203125 4
73.846153259277344 21.038887023925781 4
-74.117645263671875 -14.493456840515137 2
28.5 37.869979858398438 2
139.35484313964844 64.986602783203125 2
-69.456512451171875 7.9480252265930176 4
30 65.921646118164062 1
142.25807189941406 64.986602783203125 2
0 30.389497756958008 1
86.949150085449219 38.805038452148438 2
-65.454559326171875 -32.259616851806641 2
36 -0.4675309956073761 3
164.57142639160156 61.246402740478516 2
7.5 49.090686798095703 2
86.25 71.531890869140625 6
-66.226409912109375 -44.415393829345703 3
37.285713195800781 28.519374847412109 1
-132.63157653808594 58.441242218017578 1
5.8695650100708008 7.9480252265930176 3
93.970588684082031 30.389497756958008 3
-60.75 -19.168764114379883 2
39.599998474121094 -0.4675309956073761 2
-118 51.895858764648438 1
7.9411764144897461 30.389497756958008 1
96.617645263671875 30.389497756958008 3
-57.272735595703125 -32.259616851806641 3
42.428569793701172 28.519374847412109 1
-108 33.194679260253906 3
17.052631378173828 5.1428399085998535 2
101.64705657958984 14.493456840515137 4
-51.081085205078125 -24.779132843017578 4
47.922077178955078 21.973947525024414 1
-102.85714721679688 28.519374847412109 2
20.689655303955078 12.623332977294922 4
112.5 52.830913543701172 2
-40 77.142013549804688 1
58.909091949462891 42.545276641845703 4
-102.4615478515625 33.194679260253906 1
20.842105865478516 5.1428399085998535 4
111.06382751464844 50.025741577148438 2
-42.1875 64.051551818847656 1
52.597404479980469 21.973947525024414 1
-102 51.895858764648438 2
23.108108520507812 -24.779132843017578 1
112.5 60.311347961425781 2
-16.875 64.051551818847656 1
58.378379821777344 59.376296997070312 2
-99.8780517578125 17.298641204833984 3
25.54054069519043 -24.779132843017578 3
117.23683929443359 -22.90900993347168 2
-45 -13.558395385742188 1
63.243244171142578 59.376296997070312 2
-97.68292236328125 17.298641204833984 2
26.470588684082031 30.389497756958008 1
115.97937774658203 -3.2727160453796387 4
-2.934783935546875 7.9480252265930176 2
70.129867553710938 21.973947525024414 4
-93.4615478515625 45.350452423095703 2
26.292135238647461 -10.753210067749023 4
120.46154022216797 -33.194679260253906 3
-3.857147216796875 28.519374847412109 1
72.467529296875 21.973947525024414 2
-86 51.895858764648438 6
28.314607620239258 -10.753210067749023 1
123.23076629638672 -33.194679260253906 2
-13.02630615234375 22.90900993347168 2
74.805191040039062 21.973947525024414 3
-81 37.869979858398438 2
28.636363983154297 -11.688272476196289 3
130.60975646972656 -17.298641204833984 1
1.2676056623458862 27.584314346313477 2
77.142860412597656 21.973947525024414 3
-76 51.895858764648438 1
30.681818008422852 -11.688272476196289 3
135.65217590332031 -29.454435348510742 2
8 9.8181476593017578 3
91.267608642578125 27.584314346313477 3
-69.82757568359375 -39.740100860595703 1
39.705883026123047 30.389497756958008 3
142.61538696289062 -33.194679260253906 2
11.134020805358887 3.2727160453796387 3
98.372093200683594 53.765968322753906 2
-68.9361572265625 -50.025741577148438 3
41.379310607910156 12.623332977294922 2
145.53192138671875 -6.0779008865356445 3
12.857142448425293 -15.428518295288086 2
98.571426391601562 35.064800262451172 6
-68.961029052734375 -21.973947525024414 2
42.1875 34.129737854003906 2
148.23529052734375 62.181453704833984 2
14.84536075592041 3.2727160453796387 2
99.090911865234375 1.4025930166244507 3
-69.23077392578125 45.350452423095703 1
45 -19.168764114379883 3
-157.5 60.311347961425781 2
16.153846740722656 -21.038887023925781 2
100.86206817626953 39.740100860595703 6
-64.28570556640625 -21.973947525024414 2
47.25 -19.168764114379883 3
-117.32142639160156 41.610218048095703 3
18 14.493456840515137 2
103.96551513671875 39.740100860595703 2
-66.3157958984375 -40.675159454345703 3
47.288135528564453 38.805038452148438 2
-108.62069702148438 66.856689453125 1
20.412370681762695 3.2727160453796387 4
112.04081726074219 48.155628204345703 2
-59.610382080078125 -21.973947525024414 2
50.769229888916016 57.506191253662109 2
-103.40426635742188 50.025741577148438 2
22.235294342041016 14.493456840515137 2
115.71428680419922 48.155628204345703 2
-55.588226318359375 -30.389497756958008 3
75.205482482910156 25.714193344116211 2
-99 75.271995544433594 2
24.123710632324219 3.2727160453796387 4
118.63636016845703 -32.259616851806641 2
-51.15789794921875 -5.1428399085998535 4
66.666664123535156 43.480335235595703 6
-90 66.856689453125 1
26 9.8181476593017578 2
121.875 -4.2077779769897461 3
-11.25 26.649253845214844 3
80.136985778808594 25.714193344116211 3
-85.78125 34.129737854003906 4
29.154930114746094 27.584314346313477 2
134.28572082519531 35.064800262451172 3
-8.75 26.649253845214844 1
80.86956787109375 29.454435348510742 3
-75.882354736328125 46.285511016845703 2
32.142856597900391 -15.428518295288086 2
142.25807189941406 -7.012962818145752 4
-4.18603515625 13.558395385742188 2
86.447364807128906 22.90900993347168 2
-76.666656494140625 43.480335235595703 3
32 9.8181476593017578 4
144.729736328125 -24.779132843017578 4
-9.890106201171875 8.883087158203125 2
87.534248352050781 25.714193344116211 2
-72.295074462890625 -36.934921264648438 2
34.411766052246094 62.181453704833984 2
147.16215515136719 -24.779132843017578 1
-6.702117919921875 6.0779008865356445 4
90 25.714193344116211 2
-70 -1.4025930166244507 3
38.571430206298828 -15.428518295288086 3
-147 65.921646118164062 2
3.9130434989929199 29.454435348510742 2
97.894737243652344 40.675159454345703 2
-66.3934326171875 -36.934921264648438 1
44.366195678710938 27.584314346313477 1
-121.09091186523438 42.545276641845703 2
11.454545021057129 42.545276641845703 3
101.25 4.2077779769897461 4
-61.20001220703125 -23.844070434570312 2
49.245281219482422 44.415393829345703 2
-108.83720397949219 53.765968322753906 3
18.791208267211914 -8.883087158203125 1
114.79592132568359 -2.3376541137695312 4
-58.96551513671875 -12.623332977294922 4
46.956520080566406 50.960800170898438 2
-100.18869018554688 44.415393829345703 4
17.777778625488281 18.23370361328125 3
115.3125 4.2077779769897461 3
-73.058837890625 -14.493456840515137 2
27.794116973876953 -30.389497756958008 3
137.36842346191406 58.441242218017578 2
-12.676055908203125 27.584314346313477 2
78.75 71.531890869140625 3
-69.67742919921875 -7.012962818145752 4
30.618556976318359 -3.2727160453796387 4
144 -37.869979858398438 3
2.1428570747375488 15.428518295288086 1
81.599998474121094 23.844070434570312 4
-70.3125 -4.2077779769897461 3
29.302326202392578 13.558395385742188 2
152.72727966308594 63.116500854492188 2
-1.022735595703125 11.688272476196289 2
87.5 60.311347961425781 1
-68.4375 -4.2077779769897461 4
34.054054260253906 59.376296997070312 2
169.61538696289062 -45.350452423095703 2
1.0112359523773193 10.753210067749023 3
87.313430786132812 31.324558258056641 3
-61.63043212890625 7.9480252265930176 4
36.734695434570312 2.3376541137695312 2
-147.85714721679688 67.791732788085938 2
9.7826089859008789 7.9480252265930176 2
99 9.8181476593017578 4
-54.545440673828125 -32.259616851806641 3
43.783782958984375 59.376296997070312 2
-118.42105102539062 58.441242218017578 4
17.36842155456543 40.675159454345703 3
102.5 60.311347961425781 2
-47.8125 64.051551818847656 1
48.461540222167969 33.194679260253906 2
-113.6842041015625 58.441242218017578 6
18.202247619628906 -10.753210067749023 2
105.36585235595703 17.298641204833984 4
-51.75 -19.168764114379883 4
45 -17.298641204833984 3
-108.94737243652344 58.441242218017578 1
20.224720001220703 -10.753210067749023 2
107.20587921142578 30.389497756958008 3
-47.093017578125 -13.558395385742188 4
54 33.194679260253906 3
-106.02740478515625 25.714193344116211 2
23.823530197143555 30.389497756958008 2
109.85294342041016 30.389497756958008 3
-54 -14.493456840515137 4
56.769229888916016 33.194679260253906 3
-103.5616455078125 25.714193344116211 2
22.5 -11.688272476196289 1
112.5 34.129737854003906 3
-42 65.921646118164062 1
60.428569793701172 28.519374847412109 3
-102.85714721679688 67.791732788085938 1
24.545454025268555 -11.688272476196289 3
116.09999847412109 -0.4675309956073761 3
-42.75 -19.168764114379883 4
59.268291473388672 55.636081695556641 2
-93.21429443359375 67.791732788085938 1
23.522727966308594 11.688272476196289 2
117.79412078857422 30.389497756958008 4
-48.3870849609375 -7.012962818145752 4
63.658535003662109 55.636081695556641 4
-86.5384521484375 45.350452423095703 1
25.434782028198242 7.9480252265930176 2
120.9375 64.051551818847656 6
-12.328765869140625 25.714193344116211 2
68.142860412597656 28.519374847412109 2
-83.076934814453125 33.194679260253906 4
27.931034088134766 -12.623332977294922 4
126.5625 64.051551818847656 4
1.7999999523162842 47.220569610595703 3
85.1351318359375 24.779132843017578 2
-74.70001220703125 -0.4675309956073761 3
34.382022857666016 -10.753210067749023 2
137.64706420898438 62.181453704833984 2
6.3380279541015625 27.584314346313477 2
93.673469543457031 48.155628204345703 2
-72.899993896484375 -0.4675309956073761 3
36.404495239257812 -10.753210067749023 1
141.95875549316406 -3.2727160453796387 3
8.8732395172119141 27.584314346313477 2
94.655174255371094 39.740100860595703 3
-72.39129638671875 -50.960800170898438 3
36.818180084228516 -11.688272476196289 3
143.4375 64.051551818847656 2
13.764705657958984 14.493456840515137 4
94.5 75.271995544433594 2
-73.469390869140625 2.3376541137695312 4
38.955223083496094 31.324558258056641 3
149.0625 64.051551818847656 2
12.580645561218262 7.012962818145752 2
90 55.636081695556641 4
-70 -51.895858764648438 5
41.641792297363281 31.324558258056641 2
158.82353210449219 62.181453704833984 2
13.695652008056641 -7.9480252265930176 2
97.297294616699219 24.779132843017578 4
-69.146331787109375 -17.298641204833984 2
43.928569793701172 15.428518295288086 2
-140 60.311347961425781 1
16.45161247253418 7.012962818145752 2
106.47887420654297 27.584314346313477 4
-66.923065185546875 57.506191253662109 1
46.071430206298828 15.428518295288086 1
-122.39999389648438 47.220569610595703 2
17.608695983886719 -7.9480252265930176 1
109.01408386230469 27.584314346313477 4
-62.100006103515625 -0.4675309956073761 3
59.558822631835938 30.389497756958008 3
-112.13114929199219 36.934921264648438 2
20.322580337524414 7.012962818145752 2
111.54929351806641 27.584314346313477 4
-58.153839111328125 -33.194679260253906 4
60 57.506191253662109 2
-104.46427917480469 41.610218048095703 2
21.521739959716797 -7.9480252265930176 4
116.52631378173828 5.1428399085998535 3
-49.263153076171875 -5.1428399085998535 4
68.823532104492188 46.285511016845703 2
-101.25 41.610218048095703 1
24.193548202514648 7.012962818145752 2
126.73469543457031 48.155628204345703 3
-44.45782470703125 -16.363580703735352 4
70.714286804199219 54.701026916503906 4
-82.96875 34.129737854003906 4
29.69072151184082 3.2727160453796387 4
136.36363220214844 -32.259616851806641 2
-14.516143798828125 64.986602783203125 2
76.666664123535156 43.480335235595703 3
-88.656707763671875 31.324558258056641 4
28.064516067504883 7.012962818145752 2
139.09091186523438 -32.259616851806641 2
-36 75.271995544433594 1
79.411766052246094 46.285511016845703 6
-74.302337646484375 -13.558395385742188 2
30 7.012962818145752 4
141.42857360839844 67.791732788085938 2
-10.8433837890625 16.363580703735352 3
83.333335876464844 43.480335235595703 3
-76.595733642578125 50.025741577148438 1
35.217391967773438 50.960800170898438 2
149.59458923339844 -24.779132843017578 4
0 42.545276641845703 2
93.103446960449219 66.856689453125 2
-68.823516845703125 78.077003479003906 1
38 9.8181476593017578 4
-141 65.921646118164062 2
4.1379308700561523 12.623332977294922 2
95.921051025390625 22.90900993347168 4
-66.3157958984375 5.1428399085998535 3
43.043479919433594 50.960800170898438 2
-118.125 64.051551818847656 6
13.404254913330078 -6.0779008865356445 4
104.21052551269531 40.675159454345703 6
-64.421051025390625 5.1428399085998535 4
41.896553039550781 39.740100860595703 2
-106.53060913085938 48.155628204345703 2
12.727272987365723 1.4025930166244507 4
105.96774291992188 35.999858856201172 3
-73.01885986328125 -44.415393829345703 2
28.762886047363281 -3.2727160453796387 4
138 51.895858764648438 2
-12.22222900390625 18.23370361328125 3
79.199996948242188 23.844070434570312 4
-69.622650146484375 -44.415393829345703 3
31.224489212036133 2.3376541137695312 4
147.27272033691406 63.116500854492188 2
2.6470587253570557 30.389497756958008 3
81.940299987792969 31.324558258056641 3
-69.7752685546875 10.753210067749023 4
32.474227905273438 -3.2727160453796387 4
153.8709716796875 64.986602783203125 2
4.2857141494750977 15.428518295288086 1
92.8125 34.129737854003906 6
-66.70587158203125 -14.493456840515137 4
34.32989501953125 -3.2727160453796387 3
-162 61.246402740478516 2
6.4285712242126465 15.428518295288086 1
92.5 60.311347961425781 2
-60 77.142013549804688 1
38.918918609619141 59.376296997070312 2
-123.15789794921875 58.441242218017578 2
10.588234901428223 30.389497756958008 2
99.152542114257812 38.805038452148438 3
-53.6363525390625 -1.4025930166244507 4
45 28.519374847412109 1
-110.76922607421875 45.350452423095703 2
18.243244171142578 -24.779132843017578 2
103.17073059082031 17.298641204833984 4
-46.666656494140625 68.726776123046875 1
48.648647308349609 59.376296997070312 2
-107.30769348144531 45.350452423095703 2
19.014083862304688 -27.584314346313477 2
105.88235473632812 14.493456840515137 4
-50 -1.4025930166244507 3
47.368419647216797 -22.90900993347168 4
-108.49314880371094 25.714193344116211 2
21.176469802856445 30.389497756958008 2
108 14.493456840515137 4
-40.344818115234375 -12.623332977294922 4
54 37.869979858398438 4
-104.21052551269531 58.441242218017578 1
24.084506988525391 -27.584314346313477 2
111.35593414306641 38.805038452148438 3
-48 65.921646118164062 1
57 37.869979858398438 3
-99.47369384765625 58.441242218017578 1
23.424657821655273 -25.714193344116211 1
114.30000305175781 -0.4675309956073761 3
-8.372100830078125 53.765968322753906 2
62.307693481445312 69.661819458007812 2
-101.09588623046875 25.714193344116211 2
24.545454025268555 63.116500854492188 6
116.47058868408203 62.181453704833984 6
-40.81396484375 -13.558395385742188 4
62.307693481445312 33.194679260253906 2
-90 45.350452423095703 2
23.571428298950195 15.428518295288086 1
118.125 34.129737854003906 2
-47.647064208984375 -14.493456840515137 2
65.076919555664062 33.194679260253906 3
-85.846160888671875 33.194679260253906 4
25.568181991577148 11.688272476196289 2
123.42857360839844 -28.519374847412109 1
-10.65789794921875 22.90900993347168 3
69 37.869979858398438 2
-83.076934814453125 45.350452423095703 1
28.235294342041016 46.285511016845703 2
129.07894897460938 -22.90900993347168 1
3.8028168678283691 27.584314346313477 2
87.56756591796875 59.376296997070312 2
-72.765960693359375 -50.025741577148438 1
36 5.1428399085998535 4
138.2608642578125 -29.454435348510742 1
6.7741937637329102 7.012962818145752 4
93.802818298339844 27.584314346313477 3
-72 19.168764114379883 3
37.894737243652344 5.1428399085998535 4
142.94117736816406 62.181453704833984 2
9 47.220569610595703 2
96.338027954101562 27.584314346313477 4
-72 79.94696044921875 2
38.135593414306641 38.805038452148438 3
143.47825622558594 -29.454435348510742 2
13.84615421295166 -21.038887023925781 1
94.909088134765625 42.545276641845703 2
-72.765960693359375 6.0779008865356445 4
40.714286804199219 54.701026916503906 2
149.51612854003906 -35.999858856201172 2
13.943661689758301 27.584314346313477 1
94.8648681640625 24.779132843017578 4
-69.47369384765625 -40.675159454345703 2
43.578948974609375 5.1428399085998535 2
159.75 56.571136474609375 2
14.516129493713379 7.012962818145752 4
99.310348510742188 12.623332977294922 4
-68.9361572265625 6.0779008865356445 4
44.328357696533203 31.324558258056641 2
-130.5 56.571136474609375 1
19.014083862304688 27.584314346313477 2
107.06896209716797 39.740100860595703 2
-65.32257080078125 -35.999858856201172 1
47.014926910400391 31.324558258056641 3
-115.08197021484375 36.934921264648438 3
18.387096405029297 7.012962818145752 2
110.17241668701172 39.740100860595703 2
-60.923065185546875 -33.194679260253906 4
61.764705657958984 46.285511016845703 3
-107.67857360839844 41.610218048095703 2
22.5 60.311347961425781 4
113.27586364746094 39.740100860595703 2
-55.384613037109375 -8.883087158203125 1
62.142856597900391 54.701026916503906 4
-96.7164306640625 31.324558258056641 2
21.818181991577148 32.259616851806641 2
117.27272796630859 1.4025930166244507 3
-46.626495361328125 -16.363580703735352 4
70 43.480335235595703 2
-94.02984619140625 31.324558258056641 4
27.835052490234375 3.2727160453796387 4
128.18182373046875 1.4025930166244507 2
-41.086944580078125 -7.9480252265930176 4
72.352943420410156 46.285511016845703 2
-82.372894287109375 38.805038452148438 3
30 9.8181476593017578 4
137.14285278320312 35.064800262451172 4
-13.448272705078125 12.623332977294922 2
81.195655822753906 7.9480252265930176 2
-84.25531005859375 50.025741577148438 1
29.117647171020508 62.181453704833984 1
140.625 -4.2077779769897461 3
-28.125 79.011993408203125 1
80 43.480335235595703 3
-73.6363525390625 1.4025930166244507 4
31.304347991943359 50.960800170898438 2
141.81817626953125 -32.259616851806641 2
-9.310333251953125 12.623332977294922 1
83.571426391601562 54.701026916503906 2
-72.20928955078125 -13.558395385742188 2
35.257732391357422 3.2727160453796387 1
150.41096496582031 -25.714193344116211 2
0 45.350452423095703 3
93.552635192871094 22.90900993347168 3
-68.75 -26.649253845214844 4
39.130435943603516 50.960800170898438 2
-131.35134887695312 59.376296997070312 1
6.5217390060424805 29.454435348510742 1
99.310348510742188 66.856689453125 2
-66.25 -26.649253845214844 4
44.470588684082031 14.493456840515137 2
-117.81817626953125 42.545276641845703 3
13.5 37.869979858398438 2
105.51724243164062 66.856689453125 2
-63.75 -26.649253845214844 2
42 9.8181476593017578 2
-105.51724243164062 39.740100860595703 2
14.545454978942871 -1.4025930166244507 1
107.36842346191406 40.675159454345703 3
-62.52630615234375 5.1428399085998535 3
39.677417755126953 7.012962818145752 4
-105.88235473632812 62.181453704833984 2
14.34782600402832 29.454435348510742 2
105 54.701026916503906 2
-54.507049560546875 -27.584314346313477 4
44.536083221435547 3.2727160453796387 2
-108 42.545276641845703 2
16.578947067260742 22.90900993347168 2
105 77.142013549804688 3
-57.9451904296875 -25.714193344116211 4
46.391754150390625 3.2727160453796387 2
-96.666656494140625 68.726776123046875 2
19.565217971801758 29.454435348510742 2
107.76316070556641 22.90900993347168 3
-50.689666748046875 -12.623332977294922 4
50 9.8181476593017578 2
-92.857147216796875 35.064800262451172 4
21.315790176391602 22.90900993347168 2
110.13157653808594 22.90900993347168 4
-47.647064208984375 62.181453704833984 1
64.285713195800781 35.064800262451172 3
-83.720916748046875 53.765968322753906 6
23.684209823608398 22.90900993347168 2
121.55844116210938 -21.973947525024414 1
-39.8863525390625 -11.688272476196289 4
72.272727966308594 32.259616851806641 3
-75.348846435546875 53.765968322753906 1
26.808509826660156 -6.0779008865356445 4
126.42857360839844 54.701026916503906 2
-2.278472900390625 20.103824615478516 1
84.375 64.051551818847656 1
-76.304351806640625 -7.9480252265930176 4
27.272727966308594 -1.4025930166244507 4
126.2337646484375 -21.973947525024414 1
-1.3636474609375 32.259616851806641 2
73.521125793457031 27.584314346313477 1
-77.01031494140625 3.2727160453796387 4
30 -23.844070434570312 2
128.57142639160156 -21.973947525024414 1
8.8235292434692383 46.285511016845703 1
83.207550048828125 44.415393829345703 3
-75.154632568359375 3.2727160453796387 4
30.909090042114258 -1.4025930166244507 2
145.38461303710938 -21.038887023925781 3
6.5853657722473145 17.298641204833984 3
83.181816101074219 32.259616851806641 3
-71.428558349609375 -35.064800262451172 4
32.727272033691406 -1.4025930166244507 3
133.24674987792969 -21.973947525024414 2
9.6000003814697266 23.844070434570312 2
90 44.415393829345703 2
-71.44329833984375 3.2727160453796387 4
34.545455932617188 -1.4025930166244507 4
135.88235473632812 46.285511016845703 2
9.402984619140625 31.324558258056641 1
83.661972045898438 27.584314346313477 2
-69.795928955078125 -48.155628204345703 3
34.444442749023438 -18.23370361328125 3
142.94117736816406 -30.389497756958008 1
12.08955192565918 31.324558258056641 1
86.197181701660156 27.584314346313477 3
-66.774200439453125 7.012962818145752 4
38.181819915771484 -1.4025930166244507 2
-152.0689697265625 66.856689453125 2
14.823529243469238 -14.493456840515137 3
93.333335876464844 68.726776123046875 2
-62.60870361328125 -7.9480252265930176 3
46.849315643310547 25.714193344116211 3
-122.72727966308594 52.830913543701172 2
18.367347717285156 -2.3376541137695312 2
111.25 26.649253845214844 4
-53.571441650390625 -15.428518295288086 4
54.683544158935547 20.103824615478516 1
-117.27272033691406 63.116500854492188 6
22.5 0.4675309956073761 2
116.55738067626953 36.934921264648438 3
-55.074615478515625 -31.324558258056641 4
59.210525512695312 58.441242218017578 2
-109.83050537109375 38.805038452148438 2
24.375 4.2077779769897461 4
116.25 26.649253845214844 4
-55.384613037109375 -21.038887023925781 4
62.419353485107422 35.999858856201172 1
-106.66667175292969 43.480335235595703 2
26.100000381469727 0.4675309956073761 4
117.39130401611328 50.960800170898438 2
-53.26531982421875 -2.3376541137695312 3
65.322578430175781 35.999858856201172 2
-102.65625 34.129737854003906 2
26.202531814575195 -20.103824615478516 1
113.63636016845703 -1.4025930166244507 1
-46.28570556640625 61.246402740478516 1
68.225807189941406 35.999858856201172 2
-97.941162109375 30.389497756958008 4
27.931034088134766 66.856689453125 6
115.45454406738281 -1.4025930166244507 3
-48.4615478515625 -21.038887023925781 2
71.129035949707031 35.999858856201172 3
-93.5294189453125 46.285511016845703 2
30.759492874145508 -20.103824615478516 2
130.1351318359375 -24.779132843017578 1
-40.71429443359375 -15.428518295288086 2
74.605262756347656 22.90900993347168 4
-90 46.285511016845703 1
33.299999237060547 0.4675309956073761 3
133.04347229003906 50.960800170898438 2
-4.5 19.168764114379883 1
91.384613037109375 33.194679260253906 3
-84.70587158203125 30.389497756958008 1
35.625 4.2077779769897461 1
135.61643981933594 -25.714193344116211 1
-0.967742919921875 7.012962818145752 2
92.368423461914062 58.441242218017578 2
-78.75 79.011993408203125 1
36.900001525878906 0.4675309956073761 2
140 -26.649253845214844 1
7.3255815505981445 13.558395385742188 1
99.113922119140625 20.103824615478516 4
-66.477264404296875 -11.688272476196289 4
41.625 19.168764114379883 2
143.33332824707031 -18.23370361328125 1
9.418604850769043 13.558395385742188 4
101.39240264892578 20.103824615478516 4
-63.0927734375 -3.2727160453796387 3
45 17.298641204833984 1
173.33332824707031 68.726776123046875 2
11.868131637573242 8.883087158203125 2
106.5 37.869979858398438 3
-62.3863525390625 -11.688272476196289 4
46.125 19.168764114379883 1
-145.38461303710938 69.661819458007812 2
12.558139801025391 53.765968322753906 2
109.5 37.869979858398438 3
-64.28570556640625 -28.519374847412109 1
48.375 19.168764114379883 7
-121.2244873046875 48.155628204345703 2
14.096385955810547 16.363580703735352 1
112.5 37.869979858398438 3
-58.295440673828125 -11.688272476196289 4
51.923076629638672 21.038887023925781 1
-107.60868835449219 50.960800170898438 2
17.80219841003418 8.883087158203125 4
117.69230651855469 45.350452423095703 3
-54.47369384765625 -22.90900993347168 4
60 60.311347961425781 2
-100.51947021484375 21.973947525024414 2
19.883720397949219 13.558395385742188 4
121.15384674072266 45.350452423095703 2
-49 -9.8181476593017578 4
69.107139587402344 41.610218048095703 2
-90 20.103824615478516 4
25.979381561279297 -3.2727160453796387 4
132 51.895858764648438 2
-47.647064208984375 78.077003479003906 1
72.321426391601562 41.610218048095703 3
-77.142852783203125 41.610218048095703 3
27 65.921646118164062 6
136 51.895858764648438 2
-74.0625 -4.2077779769897461 3
25.116279602050781 13.558395385742188 2
130.15383911132812 33.194679260253906 4
-13.378387451171875 24.779132843017578 2
77.5 60.311347961425781 2
-70.941162109375 -14.493456840515137 2
30.441177368164062 -30.389497756958008 2
142.40505981445312 -20.103824615478516 4
-3.06817626953125 11.688272476196289 4
80.357139587402344 41.610218048095703 3
-75 4.2077779769897461 2
29.189189910888672 59.376296997070312 2
147 -37.869979858398438 2
-4.821441650390625 41.610218048095703 2
84.626869201660156 31.324558258056641 3
-70 77.142013549804688 1
31.395349502563477 13.558395385742188 2
159.67741394042969 64.986602783203125 2
-1.607147216796875 41.610218048095703 2
86.785713195800781 41.610218048095703 2
-63.8709716796875 -7.012962818145752 3
36.185565948486328 -3.2727160453796387 4
-156.85714721679688 61.246402740478516 2
9.4736843109130859 40.675159454345703 2
98.4375 34.129737854003906 3
-54.84375 -34.129737854003906 2
38.571430206298828 2.3376541137695312 2
-121.875 49.090686798095703 2
16.478872299194336 -27.584314346313477 1
102.20339202880859 38.805038452148438 2
-48.648651123046875 -24.779132843017578 4
48 37.869979858398438 2
-118.125 49.090686798095703 2
17.5 -26.649253845214844 2
105.25423431396484 38.805038452148438 2
-51.81817626953125 1.4025930166244507 4
43.373493194580078 16.363580703735352 2
-114.375 49.090686798095703 2
20 -26.649253845214844 1
106.875 34.129737854003906 3
-48.18182373046875 -1.4025930166244507 3
47.195121765136719 -17.298641204833984 4
-110.625 49.090686798095703 2
22.5 -26.649253845214844 1
109.6875 34.129737854003906 3
-54.19354248046875 -7.012962818145752 4
50.487804412841797 55.636081695556641 2
-106.875 49.090686798095703 2
19.655172348022461 -12.623332977294922 1
112.5 30.389497756958008 2
-42.906982421875 -13.558395385742188 3
60 37.869979858398438 6
-103.125 49.090686798095703 2
21.724138259887695 -12.623332977294922 1
115.3125 34.129737854003906 2
-49.76470947265625 -14.493456840515137 4
57.115383148193359 45.350452423095703 3
-93.292694091796875 17.298641204833984 2
23.478260040283203 7.9480252265930176 2
115.3125 64.051551818847656 6
-49.090911865234375 73.401947021484375 1
60.576923370361328 45.350452423095703 1
-91.097564697265625 17.298641204833984 3
24.75 -19.168764114379883 2
120.44117736816406 30.389497756958008 4
-13 9.8181476593017578 3
68.048782348632812 55.636081695556641 4
-88.902435302734375 17.298641204833984 3
27.857143402099609 15.428518295288086 1
126 -28.519374847412109 1
-4.909088134765625 42.545276641845703 2
85.090911865234375 42.545276641845703 3
-79.615386962890625 45.350452423095703 1
33.529411315917969 46.285511016845703 2
135 -17.298641204833984 2
5.4000000953674316 47.220569610595703 3
92.43243408203125 59.376296997070312 2
-76.153839111328125 45.350452423095703 2
35.084747314453125 38.805038452148438 3
140.86956787109375 -29.454435348510742 1
8.7096776962280273 7.012962818145752 4
91.636360168457031 42.545276641845703 2
-72.69232177734375 45.350452423095703 2
36.428569793701172 54.701026916503906 2
139.39024353027344 -17.298641204833984 3
12.600000381469727 47.220569610595703 2
92.43243408203125 24.779132843017578 4
-74 -9.8181476593017578 3
38.863636016845703 -11.688272476196289 3
146.08695983886719 -29.454435348510742 2
1.3636363744735718 32.259616851806641 2
88.831169128417969 21.973947525024414 4
-70.85107421875 6.0779008865356445 3
41.538459777832031 57.506191253662109 2
154.6875 64.051551818847656 2
10.800000190734863 -0.4675309956073761 3
94.390243530273438 55.636081695556641 2
-69.375 49.090686798095703 1
40.344825744628906 -12.623332977294922 1
166.76470947265625 62.181453704833984 3
15.65217399597168 -7.9480252265930176 1
104.72727203369141 42.545276641845703 2
-66.95123291015625 -17.298641204833984 2
42.954544067382812 52.830913543701172 2
-126 56.571136474609375 2
16.875 79.011993408203125 2
108 42.545276641845703 2
-62.30767822265625 57.506191253662109 1
57.857143402099609 54.701026916503906 2
-118.80000305175781 47.220569610595703 2
19.565217971801758 -7.9480252265930176 1
111.27272796630859 42.545276641845703 2
-59.516143798828125 -35.999858856201172 4
59.0625 34.129737854003906 3
-109.18032836914062 36.934921264648438 2
18.947368621826172 -5.1428399085998535 1
116.37931060791016 39.740100860595703 2
-52.597412109375 -21.973947525024414 3
66.428573608398438 54.701026916503906 4
-106.22950744628906 36.934921264648438 2
23.478260040283203 -7.9480252265930176 4
124.09091186523438 -32.259616851806641 2
-47.368408203125 -5.1428399085998535 2
69.230766296386719 57.506191253662109 2
-88.085113525390625 50.025741577148438 1
27 56.571136474609375 2
135 -13.558395385742188 1
-15.18072509765625 16.363580703735352 2
75.882354736328125 46.285511016845703 6
-93.913055419921875 72.4669189453125 1
27.391304016113281 50.960800170898438 2
136.125 -19.168764114379883 4
-37.173919677734375 -7.9480252265930176 4
79.285713195800781 54.701026916503906 4
-76.27117919921875 38.805038452148438 3
29.482759475708008 39.740100860595703 2
139.21875 -34.129737854003906 2
-15.340911865234375 11.688272476196289 2
83.076919555664062 57.506191253662109 2
-77.282623291015625 7.9480252265930176 4
32.586208343505859 39.740100860595703 3
147.85714721679688 67.791732788085938 2
-1.40625 34.129737854003906 2
92.465751647949219 25.714193344116211 4
-70 1.4025930166244507 3
37.1134033203125 3.2727160453796387 2
-143.33332824707031 68.726776123046875 1
3.6986300945281982 25.714193344116211 1
94.931503295898438 25.714193344116211 4
-66.3636474609375 -1.4025930166244507 3
40 9.8181476593017578 4
-126.48648071289062 59.376296997070312 2
12.727272987365723 -1.4025930166244507 2
103.125 4.2077779769897461 4
-64.545440673828125 -1.4025930166244507 3
40.824741363525391 3.2727160453796387 2
-111.17646789550781 62.181453704833984 2
11.842104911804199 22.90900993347168 2
101.53845977783203 57.506191253662109 2
